fold,tape_id,tape_sha256,family,risk_level,tree_ret_excel,base_ret_excel,delta_ret_excel,tree_ret_clipped,base_ret_clipped,delta_ret_clipped,tree_service_loss,base_service_loss,service_loss_degradation,tree_lost,base_lost,lost_degradation,tree_backlog_auc,base_backlog_auc,backlog_degradation,tree_rule_changes,tree_rule_counts,risk_sha256,demand_sha256,mass_balance_residual
1,d1v2-selection-R1-current-810005,c21c81c4e4c2ca005e6d591feea44678eadedde870ee43466e284a42e167492d,R1,current,0.005292292134603744,0.005292292134603744,0.0,0.005292292134603731,0.005292292134603731,0.0,2925322552.0,2925322552.0,0.0,74.0,74.0,0.0,2036111544.0,2036111544.0,0.0,14,"{""age_threshold"": 0, ""fifo_contingent"": 0, ""fifo_flat"": 0, ""lpt_contingent"": 0, ""spt_contingent"": 716, ""spt_flat"": 12}",10ff93f49589e50589b01ac27d4fa0b73919b76ec83ed9715e30a468e66d8433,bf990f97d73ce2a66dfa358c9b973bf46e377c76e5f835da973e071d5a653aba,0.0
1,d1v2-selection-R1-increased-810010,5d4fd4519602fe4c7dd6349f4370e6c23eccd6620ddc0a81fa531baa027afbc4,R1,increased,0.005053037495909928,0.005053037495909928,0.0,0.00505303749590991,0.00505303749590991,0.0,3372636306.0,3372636306.0,0.0,90.0,90.0,0.0,2115593112.0,2115593112.0,0.0,4,"{""age_threshold"": 0, ""fifo_contingent"": 0, ""fifo_flat"": 0, ""lpt_contingent"": 0, ""spt_contingent"": 726, ""spt_flat"": 2}",d4d02e19eb00b8939515be5feacd5fcdd1cbc12b5e010a96e3e304f3a97f3c35,b0c3ecbfc1a58cf8292c3b8b846dfd8c90ff3170299db1b4cfb8990084dc0ab0,0.0
1,d1v2-selection-R2-current-810015,bed77d81ceac454e49864b8cd332ad109e465b05d4e1f1b14c5a46a90d3882a0,R2,current,0.38783021232465126,0.42376090460055954,-0.03593069227590828,0.38783021232465087,0.42376090460055993,-0.03593069227590906,3505263567.0,3507889377.0,-0.0007485441294746963,90.0,67.0,0.34328358208955223,2169769104.0,2229055368.0,-0.02659703516166764,36,"{""age_threshold"": 0, ""fifo_contingent"": 0, ""fifo_flat"": 0, ""lpt_contingent"": 1, ""spt_contingent"": 705, ""spt_flat"": 22}",13fde91fc7803f754494a8bf24fb3a64eacfafdc25612d3860673c6ffde4cd6b,75a6360e3bc155acd6f288f4f4197aab9d3aeced87b2a9447a64cec1c197b89f,0.0
1,d1v2-selection-R2-increased-810020,9bec3ece9c2004edfc739a7420a49f6da7f81052c823755ab6251cd380a000a3,R2,increased,0.1354680657656253,0.1645798905174804,-0.029111824751855087,0.13546806576562553,0.16457989051748062,-0.029111824751855087,4400547156.0,4402073273.0,-0.00034668141699512327,130.0,86.0,0.5116279069767442,2206434912.0,2388683472.0,-0.07629665551602226,37,"{""age_threshold"": 0, ""fifo_contingent"": 0, ""fifo_flat"": 0, ""lpt_contingent"": 4, ""spt_contingent"": 694, ""spt_flat"": 30}",a2b794be6e9c19d73fb23dcda033e7b8c2e1689b8796653b8f0094eaff29932a,fe4deed5dfca446070ee510236b9690cec5bafe486e1d84b3535fafe02f23143,0.0
1,d1v2-selection-mixed-current-810025,c3b524abf2e995362e2ae3fbe25822bca99cd5f7891d6a7f20ed1f73a9dd0690,mixed,current,0.0050753482972635214,0.0052395693986217445,-0.00016422110135822302,0.005075348297263512,0.005239569398621733,-0.00016422110135822128,3476752458.0,3477994543.0,-0.0003571267823004172,96.0,78.0,0.23076923076923078,2118330000.0,2178343344.0,-0.027549993055640175,26,"{""age_threshold"": 0, ""fifo_contingent"": 0, ""fifo_flat"": 0, ""lpt_contingent"": 0, ""spt_contingent"": 713, ""spt_flat"": 15}",33c224370ee754aa09efe9b9ff840bc8fd92dc6b4a929d58f6052c273637efd6,54ad9dd5e682594cc890ba0be7a6d8d23dc0f6d8b8d4046bd9fcbfe9916dc0df,0.0
1,d1v2-selection-mixed-increased-810030,165c6387bb4fecce8da7fd6686072e206c516570c768af35909c52b397027c09,mixed,increased,0.004369435003933765,0.004576415111785926,-0.00020698010785216107,0.004369435003933752,0.004576415111785913,-0.00020698010785216107,5167429515.0,5167929955.0,-9.683567779703005e-05,175.0,127.0,0.3779527559055118,2250560448.0,2359093848.0,-0.046006393553191104,34,"{""age_threshold"": 0, ""fifo_contingent"": 0, ""fifo_flat"": 0, ""lpt_contingent"": 3, ""spt_contingent"": 702, ""spt_flat"": 23}",64cc0578a8db2b3f4c374ea1a27f235c0e23258e607921031c789d8ebf43cd07,256729a063d137e433f7d5620f239550698f8ed860d25877f7df219582a231a8,0.0
1,d1v2-validation-R1-current-811005,256a01214788b12e8d548a0867e9a21c1f2cb10ac901c0f68362f19674a883ad,R1,current,0.0053638399553628995,0.0053638399553628995,0.0,0.005363839955362887,0.005363839955362887,0.0,2920355632.0,2920355632.0,0.0,71.0,71.0,0.0,2044014048.0,2044014048.0,0.0,14,"{""age_threshold"": 0, ""fifo_contingent"": 0, ""fifo_flat"": 0, ""lpt_contingent"": 0, ""spt_contingent"": 718, ""spt_flat"": 10}",16f7e229e8464425bdc7efa912d0dd8474426843bf1d7a37b412d2c133cd99ec,9e972a34dad67871c50eba6a8a80852a566757f0c7f56db64be98eb62a619998,0.0
1,d1v2-validation-R1-increased-811010,f8e71083820cdbfc087611632a87f14104ccf7fe43cf26addc5c09281ca629da,R1,increased,0.00511687504866483,0.00511687504866483,0.0,0.005116875048664819,0.005116875048664819,0.0,3420491720.0,3420491720.0,0.0,95.0,95.0,0.0,2108761464.0,2108761464.0,0.0,10,"{""age_threshold"": 0, ""fifo_contingent"": 0, ""fifo_flat"": 0, ""lpt_contingent"": 0, ""spt_contingent"": 723, ""spt_flat"": 5}",fb242afc78c1169c0fab41c7d02cd0b728f72b27542d2b89b91da5176abed4e5,df88b81e9e7878285658b902763873c9985c2e2a1a3aaf299518636a1827bd2a,0.0
1,d1v2-validation-R2-current-811015,642d60ebde9948e71a4dd300cd57dac7c5f845238842eac219c5952a60b14839,R2,current,0.3776645925681181,0.41220089198055676,-0.03453629941243869,0.3776645925681179,0.4122008919805567,-0.0345362994124388,3754538538.0,3755305037.0,-0.00020411098231645463,97.0,77.0,0.2597402597402597,2158507128.0,2195859960.0,-0.017010571111283436,30,"{""age_threshold"": 0, ""fifo_contingent"": 0, ""fifo_flat"": 0, ""lpt_contingent"": 1, ""spt_contingent"": 702, ""spt_flat"": 25}",5de6ad5c0f512d065e7cb4ba289e20403edb9f814fec1a29d093f46672b170db,2797381699c676f880bcf7df211399f8ef2f26850fa5d2008f008eb855a900c9,0.0
1,d1v2-validation-R2-increased-811020,fcbaf675aad12ae1fd1ef767ae798a400f90f064caf3c10a82e9faa35b387c45,R2,increased,0.14177378482072786,0.16742899615543505,-0.02565521133470719,0.14177378482072825,0.16742899615543513,-0.025655211334706884,4449297370.0,4446012009.0,0.0007389455973914352,123.0,86.0,0.43023255813953487,2236479840.0,2380408920.0,-0.06046401472903235,64,"{""age_threshold"": 0, ""fifo_contingent"": 0, ""fifo_flat"": 0, ""lpt_contingent"": 4, ""spt_contingent"": 678, ""spt_flat"": 46}",83e719e4040fc2c634bbee5f6ff9694f22b0f1183f6f1b4082f10ae84d1dc234,02248dc16a84ec8e87eba9a680ca8068d7c3a8164ec40eb9721c05a144cac1ed,0.0
1,d1v2-validation-mixed-current-811025,e814b0659b525e95d87c439ba6b62fa0ee0a75f3e3ee6f29297150bc0bdbafb7,mixed,current,0.004887518558135151,0.005099224333389922,-0.0002117057752547705,0.00488751855813514,0.0050992243333899115,-0.00021170577525477137,3632131088.0,3632904650.0,-0.00021293209553407903,101.0,82.0,0.23170731707317074,2131395168.0,2173966128.0,-0.019582163425501172,32,"{""age_threshold"": 0, ""fifo_contingent"": 0, ""fifo_flat"": 0, ""lpt_contingent"": 2, ""spt_contingent"": 709, ""spt_flat"": 17}",f27bfd35dd6a5020d73ced250dd8763f31f23a19332ead9ad2b877ceabd90ff1,9b2618c65eddccbddcc2af2634a8f3e4252d6123a8881d530149a108283fbfb5,0.0
1,d1v2-validation-mixed-increased-811030,f0c781d5c3a4fd6f315a7735e64fd16050599a90e8ecc263127f66b6ee838f4d,mixed,increased,0.004111069846465782,0.004457206198147678,-0.00034613635168189577,0.004111069846465773,0.004457206198147668,-0.00034613635168189577,5413991148.0,5411925638.0,0.0003816589765197361,177.0,131.0,0.3511450381679389,2311319520.0,2388031992.0,-0.03212372039277102,36,"{""age_threshold"": 0, ""fifo_contingent"": 0, ""fifo_flat"": 0, ""lpt_contingent"": 6, ""spt_contingent"": 703, ""spt_flat"": 19}",c2bb369634920a3363695576ce0e37562e3df14063d9396a8f2121d7f23d4237,02341c87bd204270095ce65532552acd0e340aba51bd652e8a1b99e1d766c596,0.0
2,d1v2-selection-R1-current-810004,4565b277e8a5b86345c25b1d0e5889ef230af54819797df479b94ce6ddd1ed1f,R1,current,0.005219635837479015,0.005219635837479015,0.0,0.005219635837479006,0.005219635837479006,0.0,2883187132.0,2883187132.0,0.0,69.0,69.0,0.0,2017813032.0,2017813032.0,0.0,1,"{""age_threshold"": 0, ""fifo_contingent"": 0, ""fifo_flat"": 0, ""lpt_contingent"": 1, ""spt_contingent"": 727, ""spt_flat"": 0}",143bdb97d960b2417f14cca1394c9044f98ecfad0f2f5151eb0c63aaf68b0178,bb5db110831ab5c09f71e04185f24314e06870da10ba4d8675f114c3ef4ef344,0.0
2,d1v2-selection-R1-increased-810009,4ddf570622483ca1abf819309792fe91b2a30ba034266d1eed7ce265df65dd0c,R1,increased,0.005052015857752034,0.005111180315476694,-5.916445772465983e-05,0.00505201585775202,0.00511118031547668,-5.916445772465983e-05,3308107994.0,3307009060.0,0.00033230450236504643,89.0,89.0,0.0,2109948144.0,2110100160.0,-7.204207785093955e-05,11,"{""age_threshold"": 0, ""fifo_contingent"": 0, ""fifo_flat"": 0, ""lpt_contingent"": 7, ""spt_contingent"": 721, ""spt_flat"": 0}",c17cb534f9e0acbd37ee3b3c6d18d0664181828e2e763a09e59eab48364b2590,8552852c73ee9dbe59a3b5af44b0e96c264ec053789eca2152b9187a4acc889c,0.0
2,d1v2-selection-R2-current-810014,c24fde7871df588b740d1d15c112a4f0bf3616cefb5b1175f8ae2eb44d74e617,R2,current,0.38868423983869593,0.41804663551030263,-0.0293623956716067,0.38868423983869577,0.4180466355103029,-0.029362395671607144,3635969050.0,3632484020.0,0.000959406835876459,94.0,73.0,0.2876712328767123,2160117768.0,2204505144.0,-0.02013484800469125,14,"{""age_threshold"": 0, ""fifo_contingent"": 0, ""fifo_flat"": 0, ""lpt_contingent"": 6, ""spt_contingent"": 717, ""spt_flat"": 5}",75fd5fc0fed71aefac74f95c9151e78b868fe3842734f2016aca78c4d6d990d6,7bd97fa48e6243dd991f5e8a55922b0e6ab95562d47b024448246cd18f2c695d,0.0
2,d1v2-selection-R2-increased-810019,6a858ac711928601173b132b574d5d0b45bb1870fcea4853c69876b96ef435f6,R2,increased,0.14654491422469174,0.17274492070168485,-0.02620000647699311,0.14654491422469193,0.17274492070168468,-0.02620000647699275,4316450786.0,4320816052.0,-0.0010102873965160877,135.0,89.0,0.5168539325842697,2224555128.0,2367727584.0,-0.06046829752184869,16,"{""age_threshold"": 0, ""fifo_contingent"": 0, ""fifo_flat"": 0, ""lpt_contingent"": 0, ""spt_contingent"": 718, ""spt_flat"": 10}",c3215afd4518ca7f1ac911225802d44f01fac9825586283454fd409ab220f305,ecc7766a0dccfe2e245d4e0e517bfa984f63815a2c3c628da0583fca6934b2b7,0.0
2,d1v2-selection-mixed-current-810024,afb0155c4acd8eaf5e5b9801d6ca58937a0b14789014eca3bfac89cdb3106038,mixed,current,0.004770791850790363,0.0050511610444109855,-0.00028036919362062207,0.004770791850790349,0.005051161044410974,-0.00028036919362062554,3834858054.0,3840113626.0,-0.0013685980447079615,101.0,81.0,0.24691358024691357,2232842232.0,2273008608.0,-0.01767101798850733,32,"{""age_threshold"": 0, ""fifo_contingent"": 0, ""fifo_flat"": 0, ""lpt_contingent"": 14, ""spt_contingent"": 682, ""spt_flat"": 32}",2c1401519a89c37281b853776062a3419627e9fbaa5c2b3498196f2f5b8bf582,68122ee6107ddd8dbb2597ea371d9471e55713d40bee0d627ba45c6c3611a975,0.0
2,d1v2-selection-mixed-increased-810029,5d4d4421b1c17a406e39f3bd42d1cd646f6381d8bb62c496c73186c1d272190f,mixed,increased,0.0040480115123637415,0.0045920907773830556,-0.000544079265019314,0.004048011512363733,0.004592090777383043,-0.0005440792650193106,5168540759.0,5169893132.0,-0.0002615862582592355,174.0,125.0,0.392,2233472568.0,2300478384.0,-0.029126905284583626,12,"{""age_threshold"": 0, ""fifo_contingent"": 0, ""fifo_flat"": 0, ""lpt_contingent"": 0, ""spt_contingent"": 693, ""spt_flat"": 35}",6b1fc55120922a944093e66e541b066a513b353400375983204c09d91efddf25,ebc5e9d7c4e9a81cd8360fa237f42783ac7a881c4c9e5709f1d1dd4679fd923f,0.0
2,d1v2-validation-R1-current-811004,0e21c146d3e52199f7b88c599f3a5b815c8ba15ec3f702e97e39bbee902b33b9,R1,current,0.005191292299484038,0.005212622315818919,-2.1330016334880457e-05,0.005191292299484025,0.005212622315818905,-2.133001633487959e-05,2913662208.0,2915046216.0,-0.0004747808087581964,72.0,72.0,0.0,2033569536.0,2033334288.0,0.00011569568338484636,19,"{""age_threshold"": 0, ""fifo_contingent"": 0, ""fifo_flat"": 0, ""lpt_contingent"": 20, ""spt_contingent"": 708, ""spt_flat"": 0}",f147ada1211e3cc06bf614f79c3af83e2e8f31f05cbdb8de03c702bfd4d999b8,9cfd384a67b305ba7bee217e918ba5f92073a5802f4673a978087fad9923b4d4,0.0
2,d1v2-validation-R1-increased-811009,0f3d815be17f62ab26de12c5449dcfd2ec70453af261c39675b5134b8f34d59f,R1,increased,0.0051291620685271055,0.005225675214706447,-9.651314617934153e-05,0.005129162068527092,0.005225675214706433,-9.651314617934153e-05,3427389094.0,3426462598.0,0.0002703943129397614,93.0,93.0,0.0,2123762640.0,2123337840.0,0.00020006236972633615,34,"{""age_threshold"": 0, ""fifo_contingent"": 0, ""fifo_flat"": 0, ""lpt_contingent"": 25, ""spt_contingent"": 703, ""spt_flat"": 0}",17232eb17c50221478896aa2d96fc21dc3576eaa1505ffe8756adda20dc63d9c,fad832ef030e2623fd8910af4452984bf2f4d8aad4d2eb38a731116eef5637e3,0.0
2,d1v2-validation-R2-current-811014,2a14174fa5a8418fc5d698f629e406bddae10b8fb160d58548a09abc31f35329,R2,current,0.3947403913010382,0.42147146168739696,-0.026731070386358746,0.39474039130103833,0.42147146168739685,-0.026731070386358524,3560121619.0,3558011028.0,0.0005931940579696259,105.0,82.0,0.2804878048780488,2128646448.0,2180663472.0,-0.0238537604118679,10,"{""age_threshold"": 0, ""fifo_contingent"": 0, ""fifo_flat"": 0, ""lpt_contingent"": 0, ""spt_contingent"": 719, ""spt_flat"": 9}",338c24dba4841f4ee1e6054a05b487904f9b8f9aa7b45b9a19278b170c471b58,0e23e811f7c93ecd7cd92dc4f3f94aaa3cc344cf1edf1b8de5482be7f14b4e65,0.0
2,d1v2-validation-R2-increased-811019,fbc7c230b948f1598818c48e8bd2665be46847f0a218d69bbd2fe35b693a7f4e,R2,increased,0.12869355132398025,0.15850682359944115,-0.029813272275460906,0.12869355132398047,0.1585068235994413,-0.029813272275460823,4552197639.0,4554091121.0,-0.00041577604612887586,141.0,93.0,0.5161290322580645,2225180688.0,2328500232.0,-0.044371712993670855,14,"{""age_threshold"": 0, ""fifo_contingent"": 0, ""fifo_flat"": 0, ""lpt_contingent"": 0, ""spt_contingent"": 718, ""spt_flat"": 10}",262c26a60d695d44f1b1fa0f537182e8d0391ede5fa386bc987553052c572a1c,1f9991c78268ddc13f0e52ecbcac51c5bf32e4cb76f028c535c3b0c2f13a2671,0.0
2,d1v2-validation-mixed-current-811024,8f313ae4abb5f7698154a8813aa0121c1601c0061aa008cb55e167ff298d0f5b,mixed,current,0.00483281225014281,0.005111602776380482,-0.0002787905262376725,0.004832812250142798,0.005111602776380472,-0.0002787905262376742,3688093876.0,3685707180.0,0.0006475544267192708,107.0,85.0,0.25882352941176473,2136540240.0,2185081152.0,-0.022214695301165637,6,"{""age_threshold"": 0, ""fifo_contingent"": 0, ""fifo_flat"": 0, ""lpt_contingent"": 0, ""spt_contingent"": 725, ""spt_flat"": 3}",c4d7426049f668f1af2d98513e6723ef308a01462fa716194186a2c48d37e698,7a6e26c5bcaa0461c4ac84bedb4ae5bed863ec8e027f4081a7e93eb79b2477c0,0.0
2,d1v2-validation-mixed-increased-811029,4b12e29c575b609864cd8e17864a86d80e65f5575cd02a1fafd17a3766a3774f,mixed,increased,0.004278013049864989,0.004494022407959995,-0.00021600935809500642,0.00427801304986498,0.004494022407959986,-0.00021600935809500642,5257861948.0,5256590119.0,0.0002419494332272476,179.0,135.0,0.32592592592592595,2285225232.0,2373200856.0,-0.03707045013808136,18,"{""age_threshold"": 0, ""fifo_contingent"": 0, ""fifo_flat"": 0, ""lpt_contingent"": 0, ""spt_contingent"": 717, ""spt_flat"": 11}",70844716f53112be38dce07daeee999e268190ae3b9b46ff334e2edcdc27fd24,5da26519b543c2c4fe4e368db4163fad01d0700a5e1304259905585683cbebe9,0.0
3,d1v2-selection-R1-current-810003,059856c738ab5bd31230a0ce4f2623a172216da35316fc1e60aa6b94aaccde4a,R1,current,0.005289198215674505,0.005289198215674505,0.0,0.0052891982156744915,0.0052891982156744915,0.0,2908448542.0,2908448542.0,0.0,71.0,71.0,0.0,2029208760.0,2029208760.0,0.0,0,"{""age_threshold"": 0, ""fifo_contingent"": 0, ""fifo_flat"": 0, ""lpt_contingent"": 0, ""spt_contingent"": 728, ""spt_flat"": 0}",08aed438ccc661281402650d36359556eadfc8e2da611eedbde5b9bddd418d7d,8d9463d1b23e2ef2f2b5937b1e19cb7f9442691d8ab1c76619873fe75e37b6d1,0.0
3,d1v2-selection-R1-increased-810008,502901e2cdd52807a52b92b5214aa671f9c8fa3dab565425dc7b35b7241f7fc7,R1,increased,0.005234458493578362,0.005234458493578362,0.0,0.0052344584935783535,0.0052344584935783535,0.0,3371466888.0,3371466888.0,0.0,91.0,91.0,0.0,2104332096.0,2104332096.0,0.0,0,"{""age_threshold"": 0, ""fifo_contingent"": 0, ""fifo_flat"": 0, ""lpt_contingent"": 0, ""spt_contingent"": 728, ""spt_flat"": 0}",e640abbcb9eee9dd31262e50394544ebef1151b0c7b5d4038c47e807ca198679,95142d034c5cad1341de5e3e461d9140f0573ccff574dfbf4c6c42ebcca3e180,0.0
3,d1v2-selection-R2-current-810013,d3b38eb93dae6e120b29d4b74dcfa1224371e84f7b850e1a9d6b0503ba83d5ad,R2,current,0.38499671367481303,0.4398359938462141,-0.05483928017140105,0.38499671367481314,0.4398359938462143,-0.05483928017140116,3279840896.0,3284900268.0,-0.0015401904433099823,91.0,68.0,0.3382352941176471,2086505256.0,2159506512.0,-0.033804601002286765,23,"{""age_threshold"": 0, ""fifo_contingent"": 0, ""fifo_flat"": 0, ""lpt_contingent"": 32, ""spt_contingent"": 689, ""spt_flat"": 7}",83ee444183f30e22dd06dda83e7665b9742ef6f1b671166a20cd5e680d48e6bd,fb57c1d278c0a288aa27fba7ed5d73628e4eb2f516ee43b5bec8ed88e5adba47,0.0
3,d1v2-selection-R2-increased-810018,fcac52e946c95d4b3a5f1ec84a1e1ba7cebcb144aed47317328ba6ecab5a4c78,R2,increased,0.11140607421152086,0.15391458576148376,-0.042508511549962893,0.11140607421152098,0.15391458576148398,-0.042508511549963005,4574432688.0,4579465570.0,-0.001099010773870716,141.0,92.0,0.532608695652174,2172640752.0,2349749352.0,-0.07537340093284979,141,"{""age_threshold"": 0, ""fifo_contingent"": 0, ""fifo_flat"": 0, ""lpt_contingent"": 383, ""spt_contingent"": 324, ""spt_flat"": 21}",c88b05a98206e7113450a5e642e8d11f45c466295df53f71a742fd4cb0ec7f00,beb5130c2b53914001c3a08b786fa31cf979476396ba785f4015408f5a8bdfdf,0.0
3,d1v2-selection-mixed-current-810023,a26b54633f6221b025bddd5bf9867d2ba495dfb7c54fa6d00ce95c61e5876b5b,mixed,current,0.004038809691231858,0.005034328312564071,-0.000995518621332213,0.004038809691231847,0.005034328312564062,-0.0009955186213322148,3724841222.0,3724723126.0,3.170598082194204e-05,107.0,79.0,0.35443037974683544,2149980552.0,2225054496.0,-0.033740272040510055,74,"{""age_threshold"": 0, ""fifo_contingent"": 0, ""fifo_flat"": 0, ""lpt_contingent"": 324, ""spt_contingent"": 398, ""spt_flat"": 6}",0f42da239b87659780d872a426236c002bfa5abb3b730bd924509ac6e92bf035,02c49973a44d76f6e5463b6f8ba82f0b5a8a300384e4bfd1e2c363d138068a1b,0.0
3,d1v2-selection-mixed-increased-810028,0b4104a8dc25920569bb84cbc37157e0cfa07a05897a6b6aa0f903cae55f2579,mixed,increased,0.0036411751095799592,0.004471644746193888,-0.000830469636613929,0.003641175109579953,0.004471644746193877,-0.0008304696366139238,5395378953.0,5397477624.0,-0.00038882440024729593,184.0,132.0,0.3939393939393939,2328554256.0,2446372800.0,-0.04816050276556378,100,"{""age_threshold"": 0, ""fifo_contingent"": 0, ""fifo_flat"": 0, ""lpt_contingent"": 346, ""spt_contingent"": 377, ""spt_flat"": 5}",f0ae7ebcf39f9055bfe8332777d4e8ac11ab093ea01376440e7d3d7d841e036d,9a34ed85ad53b73e70ad80f8a2bb3a293bb27da0c849a7ed9edd756c4c76c96d,0.0
3,d1v2-validation-R1-current-811003,7818173a99b44d7ca0a212e1e0c517778879daf5fbd4842defa3a530a10d6615,R1,current,0.005292578420126679,0.005292578420126679,0.0,0.005292578420126666,0.005292578420126666,0.0,2869692036.0,2869692036.0,0.0,69.0,69.0,0.0,2011024128.0,2011024128.0,0.0,0,"{""age_threshold"": 0, ""fifo_contingent"": 0, ""fifo_flat"": 0, ""lpt_contingent"": 0, ""spt_contingent"": 728, ""spt_flat"": 0}",9615796488cccab728282f1f5d406f23bd4d779bb1bd1f724598c39cf13940d6,bf7c1b98eaf4eae4366a358786af9590a6bbe9a82ae103e966c4ec7421dff4f0,0.0
3,d1v2-validation-R1-increased-811008,6d07cc7108a698653ef40c8784ec80d67c2431cf6651876fced51d7a428c844d,R1,increased,0.005304611303292265,0.005304611303292265,0.0,0.005304611303292255,0.005304611303292255,0.0,3446993548.0,3446993548.0,0.0,93.0,93.0,0.0,2132997576.0,2132997576.0,0.0,0,"{""age_threshold"": 0, ""fifo_contingent"": 0, ""fifo_flat"": 0, ""lpt_contingent"": 0, ""spt_contingent"": 728, ""spt_flat"": 0}",34553cc72a521dd8d85c52751663a6a0edbf3864846f9cf5d6cb18366b7fe5bb,2c00d951f23f2a580d1015243a948f9d03f99766ceb478025187462e1bc37197,0.0
3,d1v2-validation-R2-current-811013,8194eefaaa915bf8049c4289164262ff0579fcd003218080bb6b6277c9cdcbee,R2,current,0.3956565730464223,0.43141848162340163,-0.03576190857697931,0.3956565730464226,0.4314184816234014,-0.03576190857697881,3403452664.0,3408048544.0,-0.001348537129288027,87.0,68.0,0.27941176470588236,2089149312.0,2126163384.0,-0.017408855913210477,18,"{""age_threshold"": 0, ""fifo_contingent"": 0, ""fifo_flat"": 0, ""lpt_contingent"": 0, ""spt_contingent"": 715, ""spt_flat"": 13}",34533f28f55eb7afce01c5d1d4b786669d82e7a1f4d0bd5153415b6fedf6696c,ab4329757dc079609d2109583fb0f318a4e97c613b33e44e7dff3e698369d90e,0.0
3,d1v2-validation-R2-increased-811018,2ca19962971a440daf1e66c241e2696a8267e911173507909737c32f3ae7d514,R2,increased,0.1329359236447754,0.15776535629422192,-0.02482943264944651,0.13293592364477566,0.15776535629422211,-0.024829432649446453,4534227493.0,4535264347.0,-0.0002286204112194389,138.0,93.0,0.4838709677419355,2215904184.0,2413118376.0,-0.08172586722699592,112,"{""age_threshold"": 0, ""fifo_contingent"": 0, ""fifo_flat"": 0, ""lpt_contingent"": 241, ""spt_contingent"": 453, ""spt_flat"": 34}",3e0ce356dbf87815acb9255f0e83cd51c286632b5788c0026f94e72725cefa42,c093ede9d358217b16249b6a7be9e40c0ea17013a9bc1d3478d8c0a675023e39,0.0
3,d1v2-validation-mixed-current-811023,f7a512b66552f6cafcd667dc081592b49144b6fa508c1853bba25803a4bfe472,mixed,current,0.004968277904059079,0.005103229537959205,-0.0001349516339001263,0.004968277904059064,0.005103229537959191,-0.00013495163390012718,3562382894.0,3563111695.0,-0.00020454059888796162,98.0,76.0,0.2894736842105263,2139611088.0,2194208736.0,-0.024882613538186188,12,"{""age_threshold"": 0, ""fifo_contingent"": 0, ""fifo_flat"": 0, ""lpt_contingent"": 0, ""spt_contingent"": 721, ""spt_flat"": 7}",02840cd70ecf5b1dc20ed6356a945ae7404c6340f8d7c545d15d0fad17957366,7f293c4dbf8b6e9a41454734717078d5b177cd22fcba1cb48c416b7d2a3ff0c5,0.0
3,d1v2-validation-mixed-increased-811028,3015242a28ead3d55b0379258146cb2c03ed4b7d1d415d840a8f86a5c2f25673,mixed,increased,0.0038203298540317593,0.004324743646584918,-0.000504413792553159,0.003820329854031753,0.004324743646584906,-0.0005044137925531529,5717830118.0,5717326689.0,8.805321566958651e-05,191.0,140.0,0.36428571428571427,2216878416.0,2312478936.0,-0.04134114197181167,124,"{""age_threshold"": 0, ""fifo_contingent"": 0, ""fifo_flat"": 0, ""lpt_contingent"": 420, ""spt_contingent"": 296, ""spt_flat"": 12}",247275a9e9ce906da22f68a5dc1f7a87676f5a92c47438d4aaa9b114490df841,91d1ac19bfd3c94060e1894034a035b9e9ec8669bae5154fac9c7976ba6c024d,0.0
4,d1v2-selection-R1-current-810002,fc93a6f2690bbda9ad7f6837780032b99f98128f18d0cc85808ec2bce776a4e8,R1,current,0.005199481057046422,0.005257650711307007,-5.816965426058522e-05,0.005199481057046407,0.005257650711306994,-5.8169654260586956e-05,2897476224.0,2896254178.0,0.0004219401768265658,72.0,71.0,0.014084507042253521,2028924000.0,2027210088.0,0.0008454535670207261,38,"{""age_threshold"": 0, ""fifo_contingent"": 0, ""fifo_flat"": 0, ""lpt_contingent"": 33, ""spt_contingent"": 679, ""spt_flat"": 16}",527abf2e44ec62487a4ce9fd20d3cd98351425257a603f35c9d6e9aa77496026,cd6fe333d815b158e502c7cbaeec9786493d0f03a25f51bcda5631b7a92fa0eb,0.0
4,d1v2-selection-R1-increased-810007,4fae759823c5b2211bbee0a919038f20cb919d8b565a8a4db251acc387437e5d,R1,increased,0.004979986010828392,0.005113057970023127,-0.00013307195919473516,0.004979986010828377,0.0051130579700231155,-0.00013307195919473862,3450225726.0,3452444456.0,-0.0006426547995997651,96.0,95.0,0.010526315789473684,2125431120.0,2124748752.0,0.00032115232417842125,50,"{""age_threshold"": 0, ""fifo_contingent"": 0, ""fifo_flat"": 0, ""lpt_contingent"": 31, ""spt_contingent"": 677, ""spt_flat"": 20}",24d436bf05fc9f1e453b522cebad0fe72dece1e3dd496458b8d1218413fce5e6,44a4b4f1711e71b051ac59ef802ffc7e76b17de658015b3809a9cbcedfa5daf2,0.0
4,d1v2-selection-R2-current-810012,c4d85bc9f600c7629719fc57de6bd8e2b16e21277550f40ccebd545ae5719aca,R2,current,0.44580389398212117,0.47709504601950026,-0.03129115203737909,0.44580389398212134,0.4770950460195003,-0.03129115203737898,3342132413.0,3342337235.0,-6.128106938317372e-05,92.0,69.0,0.3333333333333333,2097682752.0,2158485552.0,-0.028169194805896018,40,"{""age_threshold"": 0, ""fifo_contingent"": 0, ""fifo_flat"": 0, ""lpt_contingent"": 22, ""spt_contingent"": 677, ""spt_flat"": 29}",df1e069f4568b0da8ef3dc69fbb939d0ebe4bafe1aaddb16e2908e7e3482b220,c4e12ff02c19e9f5846df76e6ee8865f956176e79bc980b4b4b454ab37e7a6ed,0.0
4,d1v2-selection-R2-increased-810017,07f3fe8fb186597a79a87accc1958a529b3236c72c8c0a665090cd13edf5db04,R2,increased,0.11996784890150704,0.14133693971628178,-0.02136909081477474,0.11996784890150727,0.14133693971628197,-0.0213690908147747,4660098425.0,4658893943.0,0.0002585338955418243,141.0,99.0,0.42424242424242425,2235736632.0,2365812504.0,-0.05498147963123624,47,"{""age_threshold"": 0, ""fifo_contingent"": 0, ""fifo_flat"": 0, ""lpt_contingent"": 21, ""spt_contingent"": 685, ""spt_flat"": 22}",31276290cb4ac9648ee56af9987996259f70e53158ff0fee3543bdfa5087d890,b1069c8f052000db61be9d8f865d13cb179a365723748499c11ba05d721ff5a8,0.0
4,d1v2-selection-mixed-current-810022,dd898b2fe25ead80b6a4970c6e0b5556d65ff55884de7b4be67b518d00504353,mixed,current,0.004776743498807692,0.005136472797114835,-0.0003597292983071425,0.004776743498807685,0.0051364727971148225,-0.0003597292983071373,3529566072.0,3532519856.0,-0.0008361691145155165,101.0,78.0,0.2948717948717949,2108452080.0,2156724384.0,-0.022382231293954714,48,"{""age_threshold"": 0, ""fifo_contingent"": 0, ""fifo_flat"": 0, ""lpt_contingent"": 25, ""spt_contingent"": 685, ""spt_flat"": 18}",920023d1a3dcb70325319d85955f9e6829ab67d598e14a96a9e3636ed4711bef,58a75b2e4752e6c90707f001b0f726201e4c1db8a565745df1ac519e4cd538bd,0.0
4,d1v2-selection-mixed-increased-810027,65bedfcd81724e549f34f629d2b06659eccd3b176d223425e29a99841e519c41,mixed,increased,0.004417897684035698,0.004737271678725178,-0.0003193739946894796,0.004417897684035687,0.004737271678725167,-0.0003193739946894796,5116556764.0,5115615450.0,0.00018400796721340732,167.0,124.0,0.3467741935483871,2252685240.0,2364161784.0,-0.04715267151107963,60,"{""age_threshold"": 0, ""fifo_contingent"": 0, ""fifo_flat"": 0, ""lpt_contingent"": 24, ""spt_contingent"": 678, ""spt_flat"": 26}",f77bacb29cb0ed298d3be452d8933f190ee7f09fe7c8d6166d9dc03b4a2367be,308b48a8211ed9462da1042659552306749d63d82d3986846461ac70c795a489,0.0
4,d1v2-validation-R1-current-811002,c90e21ca02d99a9fe7b2c464f80df610cb8fdc3cf24d1a8585a5fbc5a83d4e3f,R1,current,0.005133689623675872,0.005282809091296726,-0.000149119467620854,0.0051336896236758595,0.0052828090912967135,-0.000149119467620854,2920597736.0,2918254236.0,0.0008030486073112651,73.0,71.0,0.028169014084507043,2035455240.0,2034092664.0,0.0006698691874344226,42,"{""age_threshold"": 0, ""fifo_contingent"": 0, ""fifo_flat"": 0, ""lpt_contingent"": 29, ""spt_contingent"": 687, ""spt_flat"": 12}",95fa8efda775a0bdda7ceae30beaf0669a08fc49c393d22df2e5fa5f104816c1,06174a96e3b07626ff1ffae0c61cca88c1cd30d648c4c1c3156df1f5df07b850,0.0
4,d1v2-validation-R1-increased-811007,0ee7333a37e6bd72dc91f6c68ae00ba48e2ddecbebb7acf1b295038334efbc39,R1,increased,0.005165320561869407,0.005304370035615984,-0.00013904947374657715,0.005165320561869391,0.005304370035615971,-0.00013904947374658062,3361643962.0,3361052844.0,0.00017587286705570166,92.0,90.0,0.022222222222222223,2108111808.0,2107262760.0,0.0004029151067994957,48,"{""age_threshold"": 0, ""fifo_contingent"": 0, ""fifo_flat"": 0, ""lpt_contingent"": 31, ""spt_contingent"": 682, ""spt_flat"": 15}",aaeafb43d64d693df4151cf999db631764bcc39cfa5a20c8838c6b1ff4b39986,e7332ddf66e231e88631bcca3c5136a7496736128f268b9ac4028e341feaf214,0.0
4,d1v2-validation-R2-current-811012,8caf518898194a041c1963043e4007d351ce72cb34e5b071f769634cae15d53b,R2,current,0.4024840302585938,0.4430203249570205,-0.04053629469842668,0.4024840302585937,0.4430203249570203,-0.04053629469842662,3388177323.0,3387854809.0,9.519711386191225e-05,89.0,67.0,0.3283582089552239,2095271112.0,2137692816.0,-0.01984462111791089,42,"{""age_threshold"": 0, ""fifo_contingent"": 0, ""fifo_flat"": 0, ""lpt_contingent"": 22, ""spt_contingent"": 686, ""spt_flat"": 20}",160bcb1ce6845d31007cb15bf065e0fcf5871a8557e52188e6dcf59b07895e36,d544fb3ce9545a873daf3d34e2ca1cfad3bb8b06526a0e372c4ec04953627dad,0.0
4,d1v2-validation-R2-increased-811017,fc6139083a7b4fc17d47a3a6043b61190db2c880007c4a4f69ec2d789ca25822,R2,increased,0.1569644538928305,0.1899610504540618,-0.0329965965612313,0.15696445389283098,0.18996105045406175,-0.03299659656123077,4274836852.0,4277666207.0,-0.0006614249132786531,127.0,82.0,0.5487804878048781,2214285024.0,2406770664.0,-0.079976726856099,53,"{""age_threshold"": 0, ""fifo_contingent"": 0, ""fifo_flat"": 0, ""lpt_contingent"": 25, ""spt_contingent"": 683, ""spt_flat"": 20}",7f17154863c4da5e09d449378647035a634245601c6bc1246a8ad128af3c08dd,bf2dfcba2a8d3b57a52abdfa8caa86daad59413690b3bf67cd739d1eccdb192f,0.0
4,d1v2-validation-mixed-current-811022,d1986c857c20a54c391a58b9041f4e1ad0af4390a60e899544ea039700899b74,mixed,current,0.004906840150980123,0.005204767413655937,-0.0002979272626758133,0.004906840150980113,0.005204767413655927,-0.0002979272626758142,3935049114.0,3929790778.0,0.0013380702172333307,107.0,84.0,0.27380952380952384,2171157648.0,2208442272.0,-0.016882770481582234,50,"{""age_threshold"": 0, ""fifo_contingent"": 0, ""fifo_flat"": 0, ""lpt_contingent"": 32, ""spt_contingent"": 678, ""spt_flat"": 18}",0e6a21a7711b8c2eb6599a866fd11f178d545e450b09400dc3c1fd152a8add16,382231c69a2deb49286c49402868482a0b1b056cbdbd50698c1983755c18fa20,0.0
4,d1v2-validation-mixed-increased-811027,b516cd010b4e0355602ac754fe145d3a3f31c88a0134cc353b2ed2428a8e9e24,mixed,increased,0.004215683038375562,0.004751599910892022,-0.0005359168725164601,0.004215683038375553,0.004751599910892013,-0.0005359168725164601,5403785108.0,5405928844.0,-0.00039655275936147707,178.0,129.0,0.3798449612403101,2267787192.0,2364221112.0,-0.040788875249668274,50,"{""age_threshold"": 0, ""fifo_contingent"": 0, ""fifo_flat"": 0, ""lpt_contingent"": 27, ""spt_contingent"": 681, ""spt_flat"": 20}",16257f6322d9a8e54b6b4de0df112240a28c9b77476d2a93623adf62369adc0c,4053d400f9b6a54dcaff4069cf6d409721f01fc9276ba1b267a7e9b226bd9ade,0.0
5,d1v2-selection-R1-current-810001,312b49d4c654fcf4a55362be1f696a286ac5233cdc5057f341f6f170c7977fa7,R1,current,0.005413508512608955,0.005413508512608955,0.0,0.0054135085126089414,0.0054135085126089414,0.0,2931294644.0,2931294644.0,0.0,72.0,72.0,0.0,2038775808.0,2038775808.0,0.0,6,"{""age_threshold"": 0, ""fifo_contingent"": 0, ""fifo_flat"": 0, ""lpt_contingent"": 0, ""spt_contingent"": 720, ""spt_flat"": 8}",2e5964e1c7551ca23d3c6cac8aae9c9dcb3a35b70deb5fa16354de0f845eca7e,489659692284ac7dcdb64cb975554c28e71d055ba8c4ca27b36dcfbb5ac40010,0.0
5,d1v2-selection-R1-increased-810006,d8b64a565500940698492475b4aefc16b5996b3cb46161eb4748f52a17a7dfda,R1,increased,0.00509057263486424,0.00509057263486424,0.0,0.005090572634864235,0.005090572634864235,0.0,3347651802.0,3347651802.0,0.0,91.0,91.0,0.0,2100710568.0,2100710568.0,0.0,2,"{""age_threshold"": 0, ""fifo_contingent"": 0, ""fifo_flat"": 0, ""lpt_contingent"": 0, ""spt_contingent"": 725, ""spt_flat"": 3}",3c24dd944f5779f1360b93ac1ae2170a9f7878ec3d440c978847f9082d7fffdb,6f39cdd59a42cff921b8d697e10f5cca7a3e6f1d891d85f3debd94a894ea6b82,0.0
5,d1v2-selection-R2-current-810011,6b376111f7dfb04c7a707a0c973dd46e92f9600f3cafb61eff6919cfe28f5636,R2,current,0.4086723295150831,0.4341168003149457,-0.025444470799862617,0.40867232951508325,0.4341168003149459,-0.025444470799862673,3278294453.0,3280306923.0,-0.000613500519079324,87.0,68.0,0.27941176470588236,2091038400.0,2161374336.0,-0.03254222779852606,38,"{""age_threshold"": 0, ""fifo_contingent"": 0, ""fifo_flat"": 0, ""lpt_contingent"": 3, ""spt_contingent"": 689, ""spt_flat"": 36}",f1f7fe78ee97033359d4cabed167c588904274be2ac17e8e9634bae10d4aa6c4,068d2ad5ac5e7c7852a73447b5360677550d6edd82cee7363f91ad212e69d392,0.0
5,d1v2-selection-R2-increased-810016,c40989dd38dabce09fb447b60711ac582ea444fdea5393a80d161507f7237ba6,R2,increased,0.1206737324506648,0.15042207460491097,-0.02974834215424617,0.12067373245066502,0.1504220746049112,-0.02974834215424617,4523318076.0,4520048103.0,0.0007234376549731156,132.0,93.0,0.41935483870967744,2289199584.0,2426870064.0,-0.05672758589023495,56,"{""age_threshold"": 0, ""fifo_contingent"": 0, ""fifo_flat"": 0, ""lpt_contingent"": 1, ""spt_contingent"": 680, ""spt_flat"": 47}",7eefa169dc5dc6759773eace1200ccbb6e4332c401e052025b393d6d0994b663,3d08a9411158b81e41a893cca501fed37c709ff432a1d19edef3e2508561c351,0.0
5,d1v2-selection-mixed-current-810021,dffd58d34d1e5e9d96cf12cf316a7d6383e24097c9c13f4299e007e6de86f9ef,mixed,current,0.004901657200020198,0.005180210530713769,-0.00027855333069357145,0.004901657200020187,0.005180210530713756,-0.00027855333069356884,3726608212.0,3731384598.0,-0.0012800572748679175,96.0,77.0,0.24675324675324675,2212666344.0,2263316184.0,-0.02237859666186172,26,"{""age_threshold"": 0, ""fifo_contingent"": 0, ""fifo_flat"": 0, ""lpt_contingent"": 0, ""spt_contingent"": 704, ""spt_flat"": 24}",87209601b3ad04bccdf73f3b2db55e207cb527247d3ad71d25fd0ed4712cc754,1b8dc35915c57b2f7fd4e6d70b843edeaae43c9e6f07bd70a6b4f62436253e84,0.0
5,d1v2-selection-mixed-increased-810026,78bbeb40d36b3d7d6f958778bb95502b2f77a328c64815facb202ae8652c4644,mixed,increased,0.004165669990863247,0.0046634240991691766,-0.0004977541083059298,0.004165669990863236,0.0046634240991691635,-0.0004977541083059272,5061869701.0,5063462418.0,-0.00031455096700986316,167.0,122.0,0.36885245901639346,2248401744.0,2337370152.0,-0.038063465439512466,53,"{""age_threshold"": 0, ""fifo_contingent"": 0, ""fifo_flat"": 0, ""lpt_contingent"": 20, ""spt_contingent"": 674, ""spt_flat"": 34}",463ae8fd57bbd65be0ba0a1f3aabc6fc0cf0c75c797dd1978414c6cbb8fcc331,16a46f043b92d794fd801ef365824b0f451c0a7dbca7cf7d02b84852e564a725,0.0
5,d1v2-validation-R1-current-811001,3208a991dbe8ebb2ed0eacdeeb46e120be18b57ff575798bb513daecb735b057,R1,current,0.005300125414554822,0.005300125414554822,0.0,0.005300125414554813,0.005300125414554813,0.0,2895378072.0,2895378072.0,0.0,71.0,71.0,0.0,2023607352.0,2023607352.0,0.0,6,"{""age_threshold"": 0, ""fifo_contingent"": 0, ""fifo_flat"": 0, ""lpt_contingent"": 0, ""spt_contingent"": 722, ""spt_flat"": 6}",06ed29ac933ddebda81c5f977ca89ce20e329bbe5a0c9646713825263724cb22,1e6793629904d93c30ae8e57dd37eca007f9d82200c8bf91ac5ccfda5b341fcf,0.0
5,d1v2-validation-R1-increased-811006,231d56375f25e1e72e924e969bb6545b68f92880af66d543b84c7383f95c88b3,R1,increased,0.005153707918111027,0.005153707918111027,0.0,0.005153707918111017,0.005153707918111017,0.0,3497002606.0,3497002606.0,0.0,97.0,97.0,0.0,2140153488.0,2140153488.0,0.0,0,"{""age_threshold"": 0, ""fifo_contingent"": 0, ""fifo_flat"": 0, ""lpt_contingent"": 0, ""spt_contingent"": 728, ""spt_flat"": 0}",8dadda0ac88ac47a7efabdcc4ffc39bdfefb2abed1ee6cd3a6c2c04d0291b637,4781419a67a57016b6479af273c4da24bce88b5bf3685d9829b938e34de335dd,0.0
5,d1v2-validation-R2-current-811011,dd25c57ec1c0140221c445e39264d6c7aaacc7529cfe55cbd06fd6164d9459ed,R2,current,0.38310531895814315,0.42103480599783505,-0.0379294870396919,0.38310531895814365,0.42103480599783555,-0.0379294870396919,3584946218.0,3587681166.0,-0.0007623163468144148,95.0,75.0,0.26666666666666666,2089729416.0,2117197488.0,-0.01297378830065946,36,"{""age_threshold"": 0, ""fifo_contingent"": 0, ""fifo_flat"": 0, ""lpt_contingent"": 3, ""spt_contingent"": 679, ""spt_flat"": 46}",2098a68458edded6173e1a0a151fb9d150198ec5bd31f1feb7cf3c02dd3aa809,fda5b00e84800539008ebb4f2b097a81c980cce134f5fba99287ccd43a6cc717,0.0
5,d1v2-validation-R2-increased-811016,da18d77400daab265467ab54b8a6cd14d610247e250a9b288f58b25175098a02,R2,increased,0.09659379334389069,0.11616495091912286,-0.019571157575232173,0.09659379334389066,0.11616495091912306,-0.019571157575232395,5234750210.0,5234934907.0,-3.528162303470644e-05,167.0,129.0,0.29457364341085274,2216638896.0,2252066808.0,-0.0157312881989778,58,"{""age_threshold"": 0, ""fifo_contingent"": 0, ""fifo_flat"": 0, ""lpt_contingent"": 5, ""spt_contingent"": 677, ""spt_flat"": 46}",fff0f3e53cbda2a6170e33c04d092dfc7c1f16bdd00eaa8a00254f084e20ca41,f2f3dc1982cad31dea539ed281bdf292e508047ec3705e0ae6b3f5b75c6e05f4,0.0
5,d1v2-validation-mixed-current-811021,85e3ac0635a550daaa94924197d89d3d306efc3b536ff21c302ee79f1b0fd539,mixed,current,0.004907256858501696,0.005177578984759938,-0.00027032212625824163,0.004907256858501683,0.005177578984759925,-0.00027032212625824163,3891108571.0,3891975696.0,-0.00022279815387624146,100.0,82.0,0.21951219512195122,2227735992.0,2270460480.0,-0.018817543126758145,30,"{""age_threshold"": 0, ""fifo_contingent"": 0, ""fifo_flat"": 0, ""lpt_contingent"": 1, ""spt_contingent"": 705, ""spt_flat"": 22}",0bda10e7b91f4ebbaefacd60eea73ad3a3c1457de49e4d9aa692479abadad4c4,3f55eca0e25202e7bee3082b29186de69024013f820f640531532060603f4296,0.0
5,d1v2-validation-mixed-increased-811026,64cd951ebf894084ad6872098796e04b821374840e13b9fc2ff7c77eab7a7908,mixed,increased,0.004113669553068985,0.004541620797253152,-0.000427951244184167,0.0041136695530689755,0.004541620797253137,-0.0004279512441841618,5527329310.0,5527490201.0,-2.9107423830600835e-05,193.0,154.0,0.2532467532467532,2316253512.0,2412272520.0,-0.03980437832123545,53,"{""age_threshold"": 0, ""fifo_contingent"": 0, ""fifo_flat"": 0, ""lpt_contingent"": 7, ""spt_contingent"": 688, ""spt_flat"": 33}",917f351b11bdb058caf4a0efaceed46db78ac7478cfcef3529094ca0d7725c5d,7f8e98f0d377bccad0f8b18f45dedb4fd6d65edea75d38678bedfcf5e39f742d,0.0
