phase,policy,algo,reward_mode,reward_family,frame_stack,observation_version,seed,episode,eval_seed,w_bo,w_cost,w_disr,steps,reward_total,service_loss_total,shift_cost_total,mean_disruption_fraction,fill_rate,backorder_rate,ret_thesis_corrected_total,order_level_ret_mean,demanded_total,delivered_total,backorder_qty_total,flow_fill_rate,flow_backorder_rate,fill_rate_state_terminal,backorder_rate_state_terminal,pct_steps_S1,pct_steps_S2,pct_steps_S3
static_screen,static_s1,ppo,ReT_cd_v1,resilience_index,1,v1,11,1,80011,1.0,0.02,0.0,260,88.2135194750496,0.0,0.0,0.0,0.6117054751415985,0.38829452485840155,242.5547331342972,0.14590763465296586,4511031.0,3020000.0,3340629.0,0.25945332674503896,0.740546673254961,0.6123348017621145,0.3876651982378855,100.0,0.0,0.0
static_screen,static_s1,ppo,ReT_cd_v1,resilience_index,1,v1,11,2,80012,1.0,0.02,0.0,260,85.34742502911091,0.0,0.0,0.0,0.6142227816236627,0.38577721837633727,241.92218220515502,0.1427056292581985,4534921.0,3047421.0,3406651.0,0.2487959547696641,0.7512040452303359,0.6148521082441787,0.38514789175582126,100.0,0.0,0.0
static_screen,static_s1,ppo,ReT_cd_v1,resilience_index,1,v1,11,3,80013,1.0,0.02,0.0,260,80.910061681512,0.0,0.0,0.0,0.6079295154185023,0.39207048458149774,242.24786683435823,0.13878219679453563,4555619.0,3050000.0,3486629.0,0.23465307349012288,0.7653469265098771,0.6085588420390182,0.3914411579609817,100.0,0.0,0.0
static_screen,static_s1,ppo,ReT_cd_v1,resilience_index,1,v1,11,4,80014,1.0,0.02,0.0,260,89.8095736864241,0.0,0.0,0.0,0.6217747010698553,0.37822529893014467,242.9710653969744,0.14243871308924308,4569586.0,3119048.0,3374594.0,0.261509904836018,0.738490095163982,0.6224040276903713,0.3775959723096287,100.0,0.0,0.0
static_screen,static_s1,ppo,ReT_cd_v1,resilience_index,1,v1,11,5,80015,1.0,0.02,0.0,260,84.86465587511239,0.0,0.0,0.0,0.6198867212083071,0.3801132787916929,242.3919226514102,0.12836534767085286,4548019.0,3087451.0,3436040.0,0.24449743943461977,0.7555025605653802,0.6205160478288232,0.37948395217117686,100.0,0.0,0.0
static_screen,static_s1,ppo,ReT_cd_v1,resilience_index,1,v1,11,6,80016,1.0,0.02,0.0,260,86.44179651698903,0.0,0.0,0.0,0.6073001887979861,0.3926998112020139,243.21831003001708,0.13622889367408048,4524787.0,3024610.0,3375544.0,0.2539883092839508,0.7460116907160492,0.6073001887979861,0.39269981120201386,100.0,0.0,0.0
static_screen,static_s1,ppo,ReT_cd_v1,resilience_index,1,v1,11,7,80017,1.0,0.02,0.0,260,87.24328312030849,0.0,0.0,0.0,0.6135934550031467,0.38640654499685334,242.23399693603568,0.13907328022043533,4564531.0,3084991.0,3397308.0,0.2557158665370002,0.7442841334629998,0.6142227816236627,0.3857772183763373,100.0,0.0,0.0
static_screen,static_s1,ppo,ReT_cd_v1,resilience_index,1,v1,11,8,80018,1.0,0.02,0.0,260,84.09540583848053,0.0,0.0,0.0,0.590937696664569,0.40906230333543103,240.6948876693061,0.14180626899055357,4531135.0,2959803.0,3415296.0,0.2462603740563899,0.7537396259436101,0.5915670232850849,0.408432976714915,100.0,0.0,0.0
static_screen,static_s1,ppo,ReT_cd_v1,resilience_index,1,v1,11,9,80019,1.0,0.02,0.0,260,69.57971077222528,0.0,0.0,0.0,0.5752045311516677,0.4247954688483323,240.72133756190232,0.11630787455186925,4558542.0,2917209.0,3681854.0,0.19231763138301672,0.8076823686169833,0.5758338577721838,0.42416614222781623,100.0,0.0,0.0
static_screen,static_s1,ppo,ReT_cd_v1,resilience_index,1,v1,11,10,80020,1.0,0.02,0.0,260,82.3398487562689,0.0,0.0,0.0,0.590937696664569,0.40906230333543103,240.54956839472288,0.1282669510151868,4528615.0,2957180.0,3448808.0,0.23844089197249052,0.7615591080275095,0.590937696664569,0.4090623033354311,100.0,0.0,0.0
static_screen,static_s2,ppo,ReT_cd_v1,resilience_index,1,v1,11,1,80011,1.0,0.02,0.0,260,132.90773590379627,0.0,0.0,0.0,0.8105726872246696,0.18942731277533043,241.75061962328877,0.2065384292543572,4541552.0,3852587.0,2570834.0,0.43393051538328753,0.5660694846167125,0.8105726872246696,0.1894273127753304,0.0,100.0,0.0
static_screen,static_s2,ppo,ReT_cd_v1,resilience_index,1,v1,11,2,80012,1.0,0.02,0.0,260,125.15950400277937,0.0,0.0,0.0,0.7809943360604154,0.21900566393958465,240.45543435860262,0.1816427137678822,4540527.0,3729971.0,2695556.0,0.4063341105558892,0.5936658894441108,0.7816236626809314,0.2183763373190686,0.0,100.0,0.0
static_screen,static_s2,ppo,ReT_cd_v1,resilience_index,1,v1,11,3,80013,1.0,0.02,0.0,260,129.507562045463,0.0,0.0,0.0,0.7847702957835117,0.21522970421648835,242.89709872168092,0.20035828187723165,4584435.0,3793589.0,2677545.0,0.4159487483190404,0.5840512516809596,0.7853996224040277,0.2146003775959723,0.0,100.0,0.0
static_screen,static_s2,ppo,ReT_cd_v1,resilience_index,1,v1,11,4,80014,1.0,0.02,0.0,260,133.20196851327717,0.0,0.0,0.0,0.8105726872246696,0.18942731277533043,243.72198373319975,0.19765911306980757,4543420.0,3851444.0,2607504.0,0.42609223888612546,0.5739077611138745,0.8112020138451856,0.18879798615481436,0.0,100.0,0.0
static_screen,static_s2,ppo,ReT_cd_v1,resilience_index,1,v1,11,5,80015,1.0,0.02,0.0,260,138.78147907409902,0.0,0.0,0.0,0.8363750786658275,0.1636249213341725,243.1016628109699,0.21673911747369543,4522748.0,3937791.0,2474392.0,0.4529007585653678,0.5470992414346322,0.8363750786658275,0.16362492133417245,0.0,100.0,0.0
static_screen,static_s2,ppo,ReT_cd_v1,resilience_index,1,v1,11,6,80016,1.0,0.02,0.0,260,116.8362305133198,0.0,0.0,0.0,0.7570799244808055,0.24292007551919448,242.19119736305822,0.1825668412132071,4541600.0,3640261.0,2872927.0,0.3674196318478069,0.6325803681521931,0.7577092511013216,0.2422907488986784,0.0,100.0,0.0
static_screen,static_s2,ppo,ReT_cd_v1,resilience_index,1,v1,11,7,80017,1.0,0.02,0.0,260,123.70902707470987,0.0,0.0,0.0,0.775330396475771,0.22466960352422904,239.36692579679797,0.2052340415160089,4552199.0,3721151.0,2737309.0,0.3986842402979307,0.6013157597020693,0.7759597230962869,0.22404027690371303,0.0,100.0,0.0
static_screen,static_s2,ppo,ReT_cd_v1,resilience_index,1,v1,11,8,80018,1.0,0.02,0.0,260,129.24825685187818,0.0,0.0,0.0,0.8143486469477659,0.18565135305223412,241.91497216930213,0.20117978609333867,4562336.0,3889092.0,2665959.0,0.4156592149284928,0.5843407850715072,0.8149779735682819,0.18502202643171806,0.0,100.0,0.0
static_screen,static_s2,ppo,ReT_cd_v1,resilience_index,1,v1,11,9,80019,1.0,0.02,0.0,260,139.03879590163785,0.0,0.0,0.0,0.8363750786658275,0.1636249213341725,241.80251296656098,0.24220022108154526,4547954.0,3957555.0,2481507.0,0.45436849185369954,0.5456315081463005,0.8363750786658275,0.16362492133417245,0.0,100.0,0.0
static_screen,static_s2,ppo,ReT_cd_v1,resilience_index,1,v1,11,10,80020,1.0,0.02,0.0,260,112.29876105492308,0.0,0.0,0.0,0.7671491504090623,0.23285084959093771,243.41473097184252,0.15903814387187995,4548568.0,3682348.0,2972344.0,0.3465319194964217,0.6534680805035783,0.7671491504090623,0.2328508495909377,0.0,100.0,0.0
static_screen,static_s3,ppo,ReT_cd_v1,resilience_index,1,v1,11,1,80011,1.0,0.02,0.0,260,128.08927472731176,0.0,0.0,0.0,0.803650094398993,0.19634990560100696,243.90981116682343,0.19898257351712506,4559864.0,3842485.0,2699469.0,0.40799352787714727,0.5920064721228527,0.803650094398993,0.19634990560100693,0.0,0.0,100.0
static_screen,static_s3,ppo,ReT_cd_v1,resilience_index,1,v1,11,2,80012,1.0,0.02,0.0,260,134.47381075951628,0.0,0.0,0.0,0.8049087476400252,0.19509125235997482,242.05183421373826,0.21459245399045646,4505731.0,3791017.0,2521786.0,0.44031589990614173,0.5596841000938583,0.8049087476400252,0.19509125235997482,0.0,0.0,100.0
static_screen,static_s3,ppo,ReT_cd_v1,resilience_index,1,v1,11,3,80013,1.0,0.02,0.0,260,126.49889189136577,0.0,0.0,0.0,0.7853996224040277,0.21460037759597228,242.97699205781825,0.20038507347383452,4548178.0,3758335.0,2723188.0,0.40125738262662547,0.5987426173733745,0.7860289490245438,0.21397105097545627,0.0,0.0,100.0
static_screen,static_s3,ppo,ReT_cd_v1,resilience_index,1,v1,11,4,80014,1.0,0.02,0.0,260,137.19614764189726,0.0,0.0,0.0,0.8174952800503461,0.1825047199496539,243.59559458758648,0.21666223931516235,4557741.0,3891488.0,2519403.0,0.44722550052756394,0.5527744994724361,0.8181246066708622,0.18187539332913782,0.0,0.0,100.0
static_screen,static_s3,ppo,ReT_cd_v1,resilience_index,1,v1,11,5,80015,1.0,0.02,0.0,260,130.77675808015837,0.0,0.0,0.0,0.7992448080553807,0.20075519194461933,238.95499205479692,0.2158356022148291,4547362.0,3812758.0,2617862.0,0.42431194173676956,0.5756880582632304,0.7998741346758969,0.2001258653241032,0.0,0.0,100.0
static_screen,static_s3,ppo,ReT_cd_v1,resilience_index,1,v1,11,6,80016,1.0,0.02,0.0,260,125.24582468383407,0.0,0.0,0.0,0.7860289490245438,0.2139710509754562,242.87119283222762,0.19429517638504046,4565856.0,3783798.0,2751049.0,0.39747355150928987,0.6025264484907101,0.7866582756450597,0.21334172435494023,0.0,0.0,100.0
static_screen,static_s3,ppo,ReT_cd_v1,resilience_index,1,v1,11,7,80017,1.0,0.02,0.0,260,125.43491483137434,0.0,0.0,0.0,0.7835116425424795,0.21648835745752049,240.8855872166371,0.20281323802100898,4536509.0,3739283.0,2725814.0,0.3991384123783288,0.6008615876216712,0.7835116425424795,0.21648835745752046,0.0,0.0,100.0
static_screen,static_s3,ppo,ReT_cd_v1,resilience_index,1,v1,11,8,80018,1.0,0.02,0.0,260,122.73474283863385,0.0,0.0,0.0,0.7778477029578351,0.22215229704216488,243.99900721831696,0.1928069381763772,4552367.0,3731109.0,2777779.0,0.3898165503791764,0.6101834496208236,0.7784770295783512,0.22152297042164884,0.0,0.0,100.0
static_screen,static_s3,ppo,ReT_cd_v1,resilience_index,1,v1,11,9,80019,1.0,0.02,0.0,260,109.37751866039385,0.0,0.0,0.0,0.7558212712397734,0.24417872876022662,241.11162963737596,0.1681737015771629,4540287.0,3622323.0,2979129.0,0.34384566438200936,0.6561543356179906,0.7564505978602895,0.24354940213971052,0.0,0.0,100.0
static_screen,static_s3,ppo,ReT_cd_v1,resilience_index,1,v1,11,10,80020,1.0,0.02,0.0,260,126.59405543805565,0.0,0.0,0.0,0.7866582756450597,0.21334172435494025,242.58750332280502,0.1956402081403193,4564940.0,3780493.0,2700829.0,0.40835388855056143,0.5916461114494386,0.7866582756450597,0.21334172435494023,0.0,0.0,100.0
random_eval,random,ppo,ReT_cd_v1,resilience_index,1,v1,11,1,80011,1.0,0.02,0.0,260,126.08800021670524,0.0,0.0,0.0,0.790434235368156,0.20956576463184395,242.20563473855898,0.19578751105813094,4556698.0,3784368.0,2750843.0,0.3963078088563253,0.6036921911436747,0.790434235368156,0.20956576463184393,32.30769230769231,33.84615384615385,33.84615384615385
random_eval,random,ppo,ReT_cd_v1,resilience_index,1,v1,11,2,80012,1.0,0.02,0.0,260,115.2106231270708,0.0,0.0,0.0,0.764002517306482,0.23599748269351795,241.5167577977819,0.19016646431019862,4507207.0,3625960.0,2883462.0,0.3602552534196899,0.6397447465803101,0.7646318439269981,0.23536815607300188,35.76923076923077,30.76923076923077,33.46153846153846
random_eval,random,ppo,ReT_cd_v1,resilience_index,1,v1,11,3,80013,1.0,0.02,0.0,260,122.37993570390267,0.0,0.0,0.0,0.7954688483322845,0.20453115166771552,240.1114433911559,0.20593971476524542,4531524.0,3783064.0,2751152.0,0.39288592535314826,0.6071140746468517,0.7960981749528004,0.2039018250471995,33.07692307692308,37.69230769230769,29.23076923076923
random_eval,random,ppo,ReT_cd_v1,resilience_index,1,v1,11,4,80014,1.0,0.02,0.0,260,132.03105565341073,0.0,0.0,0.0,0.7979861548143486,0.20201384518565135,244.10597351910855,0.19290115301367972,4539067.0,3793352.0,2615976.0,0.4236753940842909,0.5763246059157091,0.7986154814348647,0.2013845185651353,33.46153846153846,32.69230769230769,33.84615384615385
random_eval,random,ppo,ReT_cd_v1,resilience_index,1,v1,11,5,80015,1.0,0.02,0.0,260,140.68870252037306,0.0,0.0,0.0,0.8363750786658275,0.1636249213341725,242.7645294111279,0.2231147815735554,4539297.0,3954886.0,2445697.0,0.4612167919393686,0.5387832080606314,0.8363750786658275,0.16362492133417245,33.84615384615385,31.53846153846154,34.61538461538461
random_eval,random,ppo,ReT_cd_v1,resilience_index,1,v1,11,6,80016,1.0,0.02,0.0,260,115.30717515731989,0.0,0.0,0.0,0.7728130899937067,0.22718691000629332,242.18224650810768,0.17375941516599896,4569020.0,3732763.0,2918863.0,0.3611621310477958,0.6388378689522042,0.7734424166142227,0.22655758338577722,33.46153846153846,35.0,31.53846153846154
random_eval,random,ppo,ReT_cd_v1,resilience_index,1,v1,11,7,80017,1.0,0.02,0.0,260,113.71772447015817,0.0,0.0,0.0,0.7256135934550032,0.2743864065449968,241.7750452624337,0.17355336809213093,4588616.0,3560908.0,2947773.0,0.35758995740763666,0.6424100425923633,0.7262429200755192,0.2737570799244808,33.84615384615385,33.07692307692308,33.07692307692308
random_eval,random,ppo,ReT_cd_v1,resilience_index,1,v1,11,8,80018,1.0,0.02,0.0,260,131.0055516470307,0.0,0.0,0.0,0.8237885462555066,0.17621145374449343,242.93818722702665,0.20204848274112935,4495534.0,3858452.0,2613145.0,0.41872422719970526,0.5812757728002947,0.8237885462555066,0.1762114537444934,37.30769230769231,30.76923076923077,31.923076923076923
random_eval,random,ppo,ReT_cd_v1,resilience_index,1,v1,11,9,80019,1.0,0.02,0.0,260,124.9281474719772,0.0,0.0,0.0,0.7652611705475142,0.2347388294524858,241.9776247628552,0.19107795558836557,4579628.0,3701972.0,2754287.0,0.3985784434892965,0.6014215565107035,0.7658904971680303,0.2341095028319698,28.46153846153846,35.38461538461539,36.15384615384615
random_eval,random,ppo,ReT_cd_v1,resilience_index,1,v1,11,10,80020,1.0,0.02,0.0,260,130.12513512176474,0.0,0.0,0.0,0.801762114537445,0.19823788546255505,243.14708565951346,0.21145338335617828,4546082.0,3821263.0,2639968.0,0.4192872015946919,0.5807127984053081,0.801762114537445,0.19823788546255505,34.61538461538461,34.61538461538461,30.76923076923077
heuristic_eval,heuristic_hysteresis,ppo,ReT_cd_v1,resilience_index,1,v1,11,1,80011,1.0,0.02,0.0,260,128.08927472731176,0.0,0.0,0.0,0.803650094398993,0.19634990560100696,243.90981116682343,0.19898257351712506,4559864.0,3842485.0,2699469.0,0.40799352787714727,0.5920064721228527,0.803650094398993,0.19634990560100693,0.0,0.0,100.0
heuristic_eval,heuristic_hysteresis,ppo,ReT_cd_v1,resilience_index,1,v1,11,2,80012,1.0,0.02,0.0,260,134.47381075951628,0.0,0.0,0.0,0.8049087476400252,0.19509125235997482,242.05183421373826,0.21459245399045646,4505731.0,3791017.0,2521786.0,0.44031589990614173,0.5596841000938583,0.8049087476400252,0.19509125235997482,0.0,0.0,100.0
heuristic_eval,heuristic_hysteresis,ppo,ReT_cd_v1,resilience_index,1,v1,11,3,80013,1.0,0.02,0.0,260,126.49889189136577,0.0,0.0,0.0,0.7853996224040277,0.21460037759597228,242.97699205781825,0.20038507347383452,4548178.0,3758335.0,2723188.0,0.40125738262662547,0.5987426173733745,0.7860289490245438,0.21397105097545627,0.0,0.0,100.0
heuristic_eval,heuristic_hysteresis,ppo,ReT_cd_v1,resilience_index,1,v1,11,4,80014,1.0,0.02,0.0,260,137.19614764189726,0.0,0.0,0.0,0.8174952800503461,0.1825047199496539,243.59559458758648,0.21666223931516235,4557741.0,3891488.0,2519403.0,0.44722550052756394,0.5527744994724361,0.8181246066708622,0.18187539332913782,0.0,0.0,100.0
heuristic_eval,heuristic_hysteresis,ppo,ReT_cd_v1,resilience_index,1,v1,11,5,80015,1.0,0.02,0.0,260,130.77675808015837,0.0,0.0,0.0,0.7992448080553807,0.20075519194461933,238.95499205479692,0.2158356022148291,4547362.0,3812758.0,2617862.0,0.42431194173676956,0.5756880582632304,0.7998741346758969,0.2001258653241032,0.0,0.0,100.0
heuristic_eval,heuristic_hysteresis,ppo,ReT_cd_v1,resilience_index,1,v1,11,6,80016,1.0,0.02,0.0,260,125.24582468383407,0.0,0.0,0.0,0.7860289490245438,0.2139710509754562,242.87119283222762,0.19429517638504046,4565856.0,3783798.0,2751049.0,0.39747355150928987,0.6025264484907101,0.7866582756450597,0.21334172435494023,0.0,0.0,100.0
heuristic_eval,heuristic_hysteresis,ppo,ReT_cd_v1,resilience_index,1,v1,11,7,80017,1.0,0.02,0.0,260,125.43491483137434,0.0,0.0,0.0,0.7835116425424795,0.21648835745752049,240.8855872166371,0.20281323802100898,4536509.0,3739283.0,2725814.0,0.3991384123783288,0.6008615876216712,0.7835116425424795,0.21648835745752046,0.0,0.0,100.0
heuristic_eval,heuristic_hysteresis,ppo,ReT_cd_v1,resilience_index,1,v1,11,8,80018,1.0,0.02,0.0,260,122.73474283863385,0.0,0.0,0.0,0.7778477029578351,0.22215229704216488,243.99900721831696,0.1928069381763772,4552367.0,3731109.0,2777779.0,0.3898165503791764,0.6101834496208236,0.7784770295783512,0.22152297042164884,0.0,0.0,100.0
heuristic_eval,heuristic_hysteresis,ppo,ReT_cd_v1,resilience_index,1,v1,11,9,80019,1.0,0.02,0.0,260,109.37751866039385,0.0,0.0,0.0,0.7558212712397734,0.24417872876022662,241.11162963737596,0.1681737015771629,4540287.0,3622323.0,2979129.0,0.34384566438200936,0.6561543356179906,0.7564505978602895,0.24354940213971052,0.0,0.0,100.0
heuristic_eval,heuristic_hysteresis,ppo,ReT_cd_v1,resilience_index,1,v1,11,10,80020,1.0,0.02,0.0,260,126.59405543805565,0.0,0.0,0.0,0.7866582756450597,0.21334172435494025,242.58750332280502,0.1956402081403193,4564940.0,3780493.0,2700829.0,0.40835388855056143,0.5916461114494386,0.7866582756450597,0.21334172435494023,0.0,0.0,100.0
heuristic_eval,heuristic_disruption,ppo,ReT_cd_v1,resilience_index,1,v1,11,1,80011,1.0,0.02,0.0,260,126.11532910170804,0.0,0.0,0.0,0.789175582127124,0.21082441787287598,241.90673990430358,0.19242570114541407,4556852.0,3780823.0,2701730.0,0.40710604601597766,0.5928939539840223,0.78980490874764,0.21019509125235997,0.0,71.15384615384616,28.846153846153847
heuristic_eval,heuristic_disruption,ppo,ReT_cd_v1,resilience_index,1,v1,11,2,80012,1.0,0.02,0.0,260,121.07393090802152,0.0,0.0,0.0,0.7847702957835117,0.21522970421648835,241.8121642725821,0.17971135450932257,4537932.0,3741461.0,2801201.0,0.38271419668694906,0.6172858033130509,0.7853996224040277,0.2146003775959723,0.0,79.61538461538461,20.384615384615383
heuristic_eval,heuristic_disruption,ppo,ReT_cd_v1,resilience_index,1,v1,11,3,80013,1.0,0.02,0.0,260,132.21556361962277,0.0,0.0,0.0,0.802391441157961,0.19760855884203898,242.9193028467221,0.20248644866378454,4530938.0,3811082.0,2600140.0,0.42613648652883795,0.573863513471162,0.802391441157961,0.197608558842039,0.0,80.76923076923077,19.23076923076923
heuristic_eval,heuristic_disruption,ppo,ReT_cd_v1,resilience_index,1,v1,11,4,80014,1.0,0.02,0.0,260,134.60679708438028,0.0,0.0,0.0,0.8086847073631215,0.19131529263687852,242.75941869471848,0.2082753765330248,4507446.0,3808355.0,2547715.0,0.4347763678145007,0.5652236321854993,0.8086847073631215,0.19131529263687855,0.0,79.23076923076923,20.76923076923077
heuristic_eval,heuristic_disruption,ppo,ReT_cd_v1,resilience_index,1,v1,11,5,80015,1.0,0.02,0.0,260,122.92473788225234,0.0,0.0,0.0,0.788546255506608,0.21145374449339205,242.34716262270987,0.2032035771164691,4564609.0,3786903.0,2770546.0,0.39303760738323923,0.6069623926167608,0.788546255506608,0.21145374449339208,0.0,71.92307692307692,28.076923076923077
heuristic_eval,heuristic_disruption,ppo,ReT_cd_v1,resilience_index,1,v1,11,6,80016,1.0,0.02,0.0,260,135.26961167813448,0.0,0.0,0.0,0.8193832599118943,0.1806167400881057,240.96663986618154,0.22648018789596056,4504385.0,3855541.0,2513051.0,0.44208787659136595,0.557912123408634,0.8200125865324104,0.17998741346758967,0.0,78.07692307692308,21.923076923076923
heuristic_eval,heuristic_disruption,ppo,ReT_cd_v1,resilience_index,1,v1,11,7,80017,1.0,0.02,0.0,260,119.86002849920952,0.0,0.0,0.0,0.7734424166142227,0.22655758338577725,242.01146831964644,0.18679717003563112,4514921.0,3678287.0,2796232.0,0.38066867615180866,0.6193313238481913,0.7740717432347388,0.22592825676526118,0.0,76.15384615384616,23.846153846153847
heuristic_eval,heuristic_disruption,ppo,ReT_cd_v1,resilience_index,1,v1,11,8,80018,1.0,0.02,0.0,260,124.24813044774561,0.0,0.0,0.0,0.7803650094398993,0.21963499056010072,242.013917218421,0.19420350868286543,4568299.0,3755090.0,2764637.0,0.3948213547318159,0.6051786452681841,0.7809943360604154,0.21900566393958465,0.0,76.92307692307692,23.076923076923077
heuristic_eval,heuristic_disruption,ppo,ReT_cd_v1,resilience_index,1,v1,11,9,80019,1.0,0.02,0.0,260,128.70935747688029,0.0,0.0,0.0,0.8061674008810573,0.19383259911894268,243.28863414803013,0.19043147569776084,4517525.0,3804281.0,2641885.0,0.4151919469178367,0.5848080530821633,0.8061674008810573,0.19383259911894274,0.0,79.61538461538461,20.384615384615383
heuristic_eval,heuristic_disruption,ppo,ReT_cd_v1,resilience_index,1,v1,11,10,80020,1.0,0.02,0.0,260,128.26881769104952,0.0,0.0,0.0,0.8137193203272498,0.1862806796727502,240.21572582975705,0.2212949334475151,4492754.0,3815596.0,2638986.0,0.4126128428131164,0.5873871571868836,0.8137193203272498,0.18628067967275017,0.0,72.6923076923077,27.307692307692307
heuristic_eval,heuristic_tuned,ppo,ReT_cd_v1,resilience_index,1,v1,11,1,80011,1.0,0.02,0.0,260,128.08927472731176,0.0,0.0,0.0,0.803650094398993,0.19634990560100696,243.90981116682343,0.19898257351712506,4559864.0,3842485.0,2699469.0,0.40799352787714727,0.5920064721228527,0.803650094398993,0.19634990560100693,0.0,0.0,100.0
heuristic_eval,heuristic_tuned,ppo,ReT_cd_v1,resilience_index,1,v1,11,2,80012,1.0,0.02,0.0,260,134.47381075951628,0.0,0.0,0.0,0.8049087476400252,0.19509125235997482,242.05183421373826,0.21459245399045646,4505731.0,3791017.0,2521786.0,0.44031589990614173,0.5596841000938583,0.8049087476400252,0.19509125235997482,0.0,0.0,100.0
heuristic_eval,heuristic_tuned,ppo,ReT_cd_v1,resilience_index,1,v1,11,3,80013,1.0,0.02,0.0,260,126.49889189136577,0.0,0.0,0.0,0.7853996224040277,0.21460037759597228,242.97699205781825,0.20038507347383452,4548178.0,3758335.0,2723188.0,0.40125738262662547,0.5987426173733745,0.7860289490245438,0.21397105097545627,0.0,0.0,100.0
heuristic_eval,heuristic_tuned,ppo,ReT_cd_v1,resilience_index,1,v1,11,4,80014,1.0,0.02,0.0,260,137.19614764189726,0.0,0.0,0.0,0.8174952800503461,0.1825047199496539,243.59559458758648,0.21666223931516235,4557741.0,3891488.0,2519403.0,0.44722550052756394,0.5527744994724361,0.8181246066708622,0.18187539332913782,0.0,0.0,100.0
heuristic_eval,heuristic_tuned,ppo,ReT_cd_v1,resilience_index,1,v1,11,5,80015,1.0,0.02,0.0,260,130.77675808015837,0.0,0.0,0.0,0.7992448080553807,0.20075519194461933,238.95499205479692,0.2158356022148291,4547362.0,3812758.0,2617862.0,0.42431194173676956,0.5756880582632304,0.7998741346758969,0.2001258653241032,0.0,0.0,100.0
heuristic_eval,heuristic_tuned,ppo,ReT_cd_v1,resilience_index,1,v1,11,6,80016,1.0,0.02,0.0,260,125.24582468383407,0.0,0.0,0.0,0.7860289490245438,0.2139710509754562,242.87119283222762,0.19429517638504046,4565856.0,3783798.0,2751049.0,0.39747355150928987,0.6025264484907101,0.7866582756450597,0.21334172435494023,0.0,0.0,100.0
heuristic_eval,heuristic_tuned,ppo,ReT_cd_v1,resilience_index,1,v1,11,7,80017,1.0,0.02,0.0,260,125.43491483137434,0.0,0.0,0.0,0.7835116425424795,0.21648835745752049,240.8855872166371,0.20281323802100898,4536509.0,3739283.0,2725814.0,0.3991384123783288,0.6008615876216712,0.7835116425424795,0.21648835745752046,0.0,0.0,100.0
heuristic_eval,heuristic_tuned,ppo,ReT_cd_v1,resilience_index,1,v1,11,8,80018,1.0,0.02,0.0,260,122.73474283863385,0.0,0.0,0.0,0.7778477029578351,0.22215229704216488,243.99900721831696,0.1928069381763772,4552367.0,3731109.0,2777779.0,0.3898165503791764,0.6101834496208236,0.7784770295783512,0.22152297042164884,0.0,0.0,100.0
heuristic_eval,heuristic_tuned,ppo,ReT_cd_v1,resilience_index,1,v1,11,9,80019,1.0,0.02,0.0,260,109.37751866039385,0.0,0.0,0.0,0.7558212712397734,0.24417872876022662,241.11162963737596,0.1681737015771629,4540287.0,3622323.0,2979129.0,0.34384566438200936,0.6561543356179906,0.7564505978602895,0.24354940213971052,0.0,0.0,100.0
heuristic_eval,heuristic_tuned,ppo,ReT_cd_v1,resilience_index,1,v1,11,10,80020,1.0,0.02,0.0,260,126.59405543805565,0.0,0.0,0.0,0.7866582756450597,0.21334172435494025,242.58750332280502,0.1956402081403193,4564940.0,3780493.0,2700829.0,0.40835388855056143,0.5916461114494386,0.7866582756450597,0.21334172435494023,0.0,0.0,100.0
static_screen,static_s1,ppo,ReT_cd_v1,resilience_index,1,v1,22,1,80022,1.0,0.02,0.0,260,90.84897225976425,0.0,0.0,0.0,0.6337319068596602,0.3662680931403398,244.29573342729697,0.14446736408301156,4559622.0,3157209.0,3354606.0,0.26427980214149327,0.7357201978585067,0.6343612334801763,0.3656387665198238,100.0,0.0,0.0
static_screen,static_s1,ppo,ReT_cd_v1,resilience_index,1,v1,22,2,80023,1.0,0.02,0.0,260,90.58867812067635,0.0,0.0,0.0,0.6179987413467589,0.3820012586532411,243.74896793632982,0.14236708528699568,4527532.0,3058610.0,3334757.0,0.2634492699333765,0.7365507300666235,0.6179987413467589,0.382001258653241,100.0,0.0,0.0
static_screen,static_s1,ppo,ReT_cd_v1,resilience_index,1,v1,22,3,80024,1.0,0.02,0.0,260,87.62282944310786,0.0,0.0,0.0,0.6098174952800504,0.39018250471994964,243.9228381981148,0.12576651287771373,4570934.0,3068395.0,3417562.0,0.25232742367314864,0.7476725763268514,0.6104468219005663,0.38955317809943363,100.0,0.0,0.0
static_screen,static_s1,ppo,ReT_cd_v1,resilience_index,1,v1,22,4,80025,1.0,0.02,0.0,260,90.12332173341143,0.0,0.0,0.0,0.6362492133417244,0.36375078665827565,242.88012286830218,0.1485829643487194,4540585.0,3148089.0,3333780.0,0.2657818320767038,0.7342181679232962,0.6368785399622404,0.3631214600377596,100.0,0.0,0.0
static_screen,static_s1,ppo,ReT_cd_v1,resilience_index,1,v1,22,5,80026,1.0,0.02,0.0,260,85.43523125636533,0.0,0.0,0.0,0.5871617369414726,0.41283826305852744,242.12708808988717,0.12727657848539828,4560319.0,2963218.0,3443112.0,0.2449843969248643,0.7550156030751357,0.5877910635619887,0.4122089364380113,100.0,0.0,0.0
static_screen,static_s1,ppo,ReT_cd_v1,resilience_index,1,v1,22,6,80027,1.0,0.02,0.0,260,86.71074265482436,0.0,0.0,0.0,0.6135934550031467,0.38640654499685334,243.63329298261513,0.12927630062670883,4553333.0,3070000.0,3399179.0,0.2534745427140954,0.7465254572859046,0.6142227816236627,0.3857772183763373,100.0,0.0,0.0
static_screen,static_s1,ppo,ReT_cd_v1,resilience_index,1,v1,22,7,80028,1.0,0.02,0.0,260,84.06159960361552,0.0,0.0,0.0,0.6079295154185023,0.39207048458149774,244.16946942159572,0.1222339703036164,4555347.0,3052352.0,3455282.0,0.2414887383990726,0.7585112616009274,0.6079295154185023,0.3920704845814978,100.0,0.0,0.0
static_screen,static_s1,ppo,ReT_cd_v1,resilience_index,1,v1,22,8,80029,1.0,0.02,0.0,260,80.18272852714233,0.0,0.0,0.0,0.6179987413467589,0.3820012586532411,243.68061580906638,0.12542698249463818,4547023.0,3075000.0,3490181.0,0.2324250394158992,0.7675749605841008,0.6186280679672751,0.38137193203272496,100.0,0.0,0.0
static_screen,static_s1,ppo,ReT_cd_v1,resilience_index,1,v1,22,9,80030,1.0,0.02,0.0,260,80.51819155121059,0.0,0.0,0.0,0.5940843297671492,0.4059156702328508,243.98294556932322,0.12522746798756204,4543624.0,2972611.0,3500983.0,0.22947343354115568,0.7705265664588443,0.5947136563876652,0.4052863436123348,100.0,0.0,0.0
static_screen,static_s1,ppo,ReT_cd_v1,resilience_index,1,v1,22,10,80031,1.0,0.02,0.0,260,90.33097319223941,0.0,0.0,0.0,0.6337319068596602,0.3662680931403398,244.49800984324278,0.13424640999571427,4545247.0,3136474.0,3355979.0,0.2616509069804127,0.7383490930195873,0.6337319068596602,0.3662680931403398,100.0,0.0,0.0
static_screen,static_s2,ppo,ReT_cd_v1,resilience_index,1,v1,22,1,80022,1.0,0.02,0.0,260,124.75225890904957,0.0,0.0,0.0,0.7677784770295784,0.23222152297042165,243.43982144267318,0.18686892144927125,4580635.0,3716190.0,2756677.0,0.39818889739086394,0.6018111026091361,0.7684078036500944,0.2315921963499056,0.0,100.0,0.0
static_screen,static_s2,ppo,ReT_cd_v1,resilience_index,1,v1,22,2,80023,1.0,0.02,0.0,260,128.88421632990963,0.0,0.0,0.0,0.789175582127124,0.21082441787287598,243.7566308493873,0.19609007448558757,4540666.0,3763346.0,2682165.0,0.4093014108503026,0.5906985891496974,0.78980490874764,0.21019509125235997,0.0,100.0,0.0
static_screen,static_s2,ppo,ReT_cd_v1,resilience_index,1,v1,22,3,80024,1.0,0.02,0.0,260,144.83472312789849,0.0,0.0,0.0,0.8401510383889239,0.1598489616110761,243.02713679412088,0.21878441190168518,4563746.0,3989150.0,2380149.0,0.47846593565899587,0.5215340643410041,0.8401510383889239,0.15984896161107615,0.0,100.0,0.0
static_screen,static_s2,ppo,ReT_cd_v1,resilience_index,1,v1,22,4,80025,1.0,0.02,0.0,260,130.03753599880653,0.0,0.0,0.0,0.8086847073631215,0.19131529263687852,244.62962765177497,0.2099622373755882,4512936.0,3816616.0,2620867.0,0.4192545606673793,0.5807454393326207,0.8093140339836375,0.19068596601636248,0.0,100.0,0.0
static_screen,static_s2,ppo,ReT_cd_v1,resilience_index,1,v1,22,5,80026,1.0,0.02,0.0,260,128.44853458259064,0.0,0.0,0.0,0.7923222152297043,0.20767778477029575,243.25338536187903,0.18836054276814496,4578129.0,3811237.0,2689161.0,0.41260698420686703,0.587393015793133,0.7929515418502202,0.20704845814977973,0.0,100.0,0.0
static_screen,static_s2,ppo,ReT_cd_v1,resilience_index,1,v1,22,6,80027,1.0,0.02,0.0,260,129.19792912944328,0.0,0.0,0.0,0.8055380742605412,0.19446192573945875,242.11650273689207,0.2053537567141511,4549384.0,3837184.0,2656966.0,0.41597236021404216,0.5840276397859578,0.8061674008810573,0.19383259911894274,0.0,100.0,0.0
static_screen,static_s2,ppo,ReT_cd_v1,resilience_index,1,v1,22,7,80028,1.0,0.02,0.0,260,129.11257626921943,0.0,0.0,0.0,0.7960981749528004,0.20390182504719956,243.64562698864466,0.20165233809805072,4568389.0,3821440.0,2686299.0,0.4119811163191226,0.5880188836808774,0.7967275015733165,0.20327249842668346,0.0,100.0,0.0
static_screen,static_s2,ppo,ReT_cd_v1,resilience_index,1,v1,22,8,80029,1.0,0.02,0.0,260,140.1615093943463,0.0,0.0,0.0,0.8269351793580868,0.1730648206419132,244.84309432159492,0.22405296755470086,4545566.0,3917064.0,2458457.0,0.459152721575267,0.540847278424733,0.8275645059786029,0.1724354940213971,0.0,100.0,0.0
static_screen,static_s2,ppo,ReT_cd_v1,resilience_index,1,v1,22,9,80030,1.0,0.02,0.0,260,127.81864503911704,0.0,0.0,0.0,0.78980490874764,0.21019509125236002,241.8097779647368,0.20976414804516033,4594012.0,3815814.0,2706214.0,0.41092578774282695,0.589074212257173,0.78980490874764,0.21019509125235997,0.0,100.0,0.0
static_screen,static_s2,ppo,ReT_cd_v1,resilience_index,1,v1,22,10,80031,1.0,0.02,0.0,260,122.7012162924167,0.0,0.0,0.0,0.7709251101321586,0.2290748898678414,242.61032111412854,0.1943986022979774,4588754.0,3733033.0,2802911.0,0.38917819521377695,0.610821804786223,0.7715544367526747,0.22844556324732537,0.0,100.0,0.0
static_screen,static_s3,ppo,ReT_cd_v1,resilience_index,1,v1,22,1,80022,1.0,0.02,0.0,260,122.49567490898939,0.0,0.0,0.0,0.789175582127124,0.21082441787287598,243.15864315859068,0.20060822747401916,4560268.0,3780963.0,2781829.0,0.3899856324233576,0.6100143675766424,0.78980490874764,0.21019509125235997,0.0,0.0,100.0
static_screen,static_s3,ppo,ReT_cd_v1,resilience_index,1,v1,22,2,80023,1.0,0.02,0.0,260,136.97210497525276,0.0,0.0,0.0,0.8118313404657017,0.1881686595342983,243.02207162986696,0.21191515875897138,4519953.0,3833214.0,2496192.0,0.4477393902104734,0.5522606097895266,0.8118313404657017,0.1881686595342983,0.0,0.0,100.0
static_screen,static_s3,ppo,ReT_cd_v1,resilience_index,1,v1,22,3,80024,1.0,0.02,0.0,260,131.3940488927501,0.0,0.0,0.0,0.8099433606041535,0.1900566393958465,243.24517798273982,0.21429105080072672,4546410.0,3849577.0,2636874.0,0.4200096339749385,0.5799903660250615,0.8099433606041535,0.19005663939584644,0.0,0.0,100.0
static_screen,static_s3,ppo,ReT_cd_v1,resilience_index,1,v1,22,4,80025,1.0,0.02,0.0,260,130.72139125550177,0.0,0.0,0.0,0.8099433606041535,0.1900566393958465,242.55154141407397,0.19303459915346244,4565846.0,3872009.0,2664585.0,0.41640935765244824,0.5835906423475518,0.8105726872246696,0.1894273127753304,0.0,0.0,100.0
static_screen,static_s3,ppo,ReT_cd_v1,resilience_index,1,v1,22,5,80026,1.0,0.02,0.0,260,125.7518058274196,0.0,0.0,0.0,0.8030207677784771,0.19697923222152292,242.8329338735467,0.1903083227536727,4527047.0,3804116.0,2709793.0,0.40142150059409587,0.5985784994059041,0.8030207677784771,0.19697923222152297,0.0,0.0,100.0
static_screen,static_s3,ppo,ReT_cd_v1,resilience_index,1,v1,22,6,80027,1.0,0.02,0.0,260,139.56623285539112,0.0,0.0,0.0,0.8143486469477659,0.18565135305223412,244.01292811289463,0.2201735916556825,4543309.0,3867023.0,2478885.0,0.4543877601105274,0.5456122398894726,0.8149779735682819,0.18502202643171806,0.0,0.0,100.0
static_screen,static_s3,ppo,ReT_cd_v1,resilience_index,1,v1,22,7,80028,1.0,0.02,0.0,260,127.380367997782,0.0,0.0,0.0,0.7986154814348647,0.20138451856513528,242.67841662796366,0.1930458335302868,4525839.0,3790812.0,2691032.0,0.40540704165570185,0.5945929583442982,0.7992448080553807,0.20075519194461927,0.0,0.0,100.0
static_screen,static_s3,ppo,ReT_cd_v1,resilience_index,1,v1,22,8,80029,1.0,0.02,0.0,260,124.42400141988936,0.0,0.0,0.0,0.7677784770295784,0.23222152297042165,242.43829714171474,0.19211671102858588,4559783.0,3690871.0,2737975.0,0.3995383113626241,0.6004616886373759,0.7684078036500944,0.2315921963499056,0.0,0.0,100.0
static_screen,static_s3,ppo,ReT_cd_v1,resilience_index,1,v1,22,9,80030,1.0,0.02,0.0,260,125.22455627102245,0.0,0.0,0.0,0.7747010698552549,0.2252989301447451,243.63572142489525,0.19329499330879288,4565092.0,3724047.0,2761264.0,0.39513508161500355,0.6048649183849965,0.775330396475771,0.22466960352422907,0.0,0.0,100.0
static_screen,static_s3,ppo,ReT_cd_v1,resilience_index,1,v1,22,10,80031,1.0,0.02,0.0,260,126.58323149706771,0.0,0.0,0.0,0.7872876022655758,0.21271239773442419,243.40345410887332,0.211044111079121,4561814.0,3771588.0,2723384.0,0.4030041558029328,0.5969958441970672,0.7879169288860919,0.21208307111390812,0.0,0.0,100.0
random_eval,random,ppo,ReT_cd_v1,resilience_index,1,v1,22,1,80022,1.0,0.02,0.0,260,128.6171449463549,0.0,0.0,0.0,0.7916928886091882,0.20830711139081182,242.20530698528086,0.1926851123012248,4540178.0,3772286.0,2656113.0,0.4149760207639436,0.5850239792360564,0.7923222152297043,0.20767778477029578,33.07692307692308,33.46153846153846,33.46153846153846
random_eval,random,ppo,ReT_cd_v1,resilience_index,1,v1,22,2,80023,1.0,0.02,0.0,260,140.27427497433337,0.0,0.0,0.0,0.8244178728760226,0.17558212712397736,242.99910224321,0.23032334273554755,4515153.0,3874627.0,2444649.0,0.45856784919580795,0.541432150804192,0.8250471994965387,0.1749528005034613,38.46153846153846,36.53846153846154,25.0
random_eval,random,ppo,ReT_cd_v1,resilience_index,1,v1,22,3,80024,1.0,0.02,0.0,260,122.09290024751901,0.0,0.0,0.0,0.7690371302706105,0.2309628697293895,243.37834346174253,0.18666048609718885,4572316.0,3710986.0,2811113.0,0.38518838155543056,0.6148116184445694,0.7690371302706105,0.23096286972938956,30.76923076923077,33.46153846153846,35.76923076923077
random_eval,random,ppo,ReT_cd_v1,resilience_index,1,v1,22,4,80025,1.0,0.02,0.0,260,119.69263762248573,0.0,0.0,0.0,0.7747010698552549,0.2252989301447451,242.77069966646852,0.19603640903438907,4553017.0,3716781.0,2842585.0,0.3756700227563393,0.6243299772436607,0.7747010698552549,0.2252989301447451,37.69230769230769,31.923076923076923,30.384615384615383
random_eval,random,ppo,ReT_cd_v1,resilience_index,1,v1,22,5,80026,1.0,0.02,0.0,260,124.4376474489446,0.0,0.0,0.0,0.7879169288860919,0.21208307111390812,242.14590470637287,0.19779978673499934,4547781.0,3765124.0,2746409.0,0.3960991085542598,0.6039008914457402,0.7879169288860919,0.21208307111390812,31.153846153846153,34.23076923076923,34.61538461538461
random_eval,random,ppo,ReT_cd_v1,resilience_index,1,v1,22,6,80027,1.0,0.02,0.0,260,127.1172824749876,0.0,0.0,0.0,0.7929515418502202,0.2070484581497798,242.79155192587865,0.19388954536083416,4554499.0,3791883.0,2725216.0,0.4016430786349937,0.5983569213650063,0.7935808684707363,0.2064191315292637,33.07692307692308,34.23076923076923,32.69230769230769
random_eval,random,ppo,ReT_cd_v1,resilience_index,1,v1,22,7,80028,1.0,0.02,0.0,260,137.05904164230523,0.0,0.0,0.0,0.8206419131529263,0.17935808684707366,245.077823621142,0.21392622230905164,4560574.0,3914582.0,2538655.0,0.44334748213711694,0.5566525178628831,0.8212712397734424,0.1787287602265576,37.69230769230769,29.23076923076923,33.07692307692308
random_eval,random,ppo,ReT_cd_v1,resilience_index,1,v1,22,8,80029,1.0,0.02,0.0,260,134.10812059258754,0.0,0.0,0.0,0.8193832599118943,0.1806167400881057,244.37821317133861,0.19874705655094035,4585463.0,3926384.0,2602386.0,0.4324703961192141,0.5675296038807859,0.8200125865324104,0.17998741346758967,33.84615384615385,33.07692307692308,33.07692307692308
random_eval,random,ppo,ReT_cd_v1,resilience_index,1,v1,22,9,80030,1.0,0.02,0.0,260,136.20773643262862,0.0,0.0,0.0,0.8231592196349906,0.1768407803650094,244.79691376507012,0.20837381297268062,4531282.0,3889430.0,2516076.0,0.44473197651348995,0.55526802348651,0.8237885462555066,0.1762114537444934,35.38461538461539,32.30769230769231,32.30769230769231
random_eval,random,ppo,ReT_cd_v1,resilience_index,1,v1,22,10,80031,1.0,0.02,0.0,260,130.5832795437114,0.0,0.0,0.0,0.815607300188798,0.184392699811202,242.92404366859148,0.2062226138476655,4556538.0,3883035.0,2638264.0,0.4209937456902587,0.5790062543097413,0.815607300188798,0.18439269981120202,32.30769230769231,36.53846153846154,31.153846153846153
heuristic_eval,heuristic_hysteresis,ppo,ReT_cd_v1,resilience_index,1,v1,22,1,80022,1.0,0.02,0.0,260,122.49567490898939,0.0,0.0,0.0,0.789175582127124,0.21082441787287598,243.15864315859068,0.20060822747401916,4560268.0,3780963.0,2781829.0,0.3899856324233576,0.6100143675766424,0.78980490874764,0.21019509125235997,0.0,0.0,100.0
heuristic_eval,heuristic_hysteresis,ppo,ReT_cd_v1,resilience_index,1,v1,22,2,80023,1.0,0.02,0.0,260,136.97210497525276,0.0,0.0,0.0,0.8118313404657017,0.1881686595342983,243.02207162986696,0.21191515875897138,4519953.0,3833214.0,2496192.0,0.4477393902104734,0.5522606097895266,0.8118313404657017,0.1881686595342983,0.0,0.0,100.0
heuristic_eval,heuristic_hysteresis,ppo,ReT_cd_v1,resilience_index,1,v1,22,3,80024,1.0,0.02,0.0,260,131.3940488927501,0.0,0.0,0.0,0.8099433606041535,0.1900566393958465,243.24517798273982,0.21429105080072672,4546410.0,3849577.0,2636874.0,0.4200096339749385,0.5799903660250615,0.8099433606041535,0.19005663939584644,0.0,0.0,100.0
heuristic_eval,heuristic_hysteresis,ppo,ReT_cd_v1,resilience_index,1,v1,22,4,80025,1.0,0.02,0.0,260,130.72139125550177,0.0,0.0,0.0,0.8099433606041535,0.1900566393958465,242.55154141407397,0.19303459915346244,4565846.0,3872009.0,2664585.0,0.41640935765244824,0.5835906423475518,0.8105726872246696,0.1894273127753304,0.0,0.0,100.0
heuristic_eval,heuristic_hysteresis,ppo,ReT_cd_v1,resilience_index,1,v1,22,5,80026,1.0,0.02,0.0,260,125.7518058274196,0.0,0.0,0.0,0.8030207677784771,0.19697923222152292,242.8329338735467,0.1903083227536727,4527047.0,3804116.0,2709793.0,0.40142150059409587,0.5985784994059041,0.8030207677784771,0.19697923222152297,0.0,0.0,100.0
heuristic_eval,heuristic_hysteresis,ppo,ReT_cd_v1,resilience_index,1,v1,22,6,80027,1.0,0.02,0.0,260,139.56623285539112,0.0,0.0,0.0,0.8143486469477659,0.18565135305223412,244.01292811289463,0.2201735916556825,4543309.0,3867023.0,2478885.0,0.4543877601105274,0.5456122398894726,0.8149779735682819,0.18502202643171806,0.0,0.0,100.0
heuristic_eval,heuristic_hysteresis,ppo,ReT_cd_v1,resilience_index,1,v1,22,7,80028,1.0,0.02,0.0,260,127.380367997782,0.0,0.0,0.0,0.7986154814348647,0.20138451856513528,242.67841662796366,0.1930458335302868,4525839.0,3790812.0,2691032.0,0.40540704165570185,0.5945929583442982,0.7992448080553807,0.20075519194461927,0.0,0.0,100.0
heuristic_eval,heuristic_hysteresis,ppo,ReT_cd_v1,resilience_index,1,v1,22,8,80029,1.0,0.02,0.0,260,124.42400141988936,0.0,0.0,0.0,0.7677784770295784,0.23222152297042165,242.43829714171474,0.19211671102858588,4559783.0,3690871.0,2737975.0,0.3995383113626241,0.6004616886373759,0.7684078036500944,0.2315921963499056,0.0,0.0,100.0
heuristic_eval,heuristic_hysteresis,ppo,ReT_cd_v1,resilience_index,1,v1,22,9,80030,1.0,0.02,0.0,260,125.22455627102245,0.0,0.0,0.0,0.7747010698552549,0.2252989301447451,243.63572142489525,0.19329499330879288,4565092.0,3724047.0,2761264.0,0.39513508161500355,0.6048649183849965,0.775330396475771,0.22466960352422907,0.0,0.0,100.0
heuristic_eval,heuristic_hysteresis,ppo,ReT_cd_v1,resilience_index,1,v1,22,10,80031,1.0,0.02,0.0,260,126.58323149706771,0.0,0.0,0.0,0.7872876022655758,0.21271239773442419,243.40345410887332,0.211044111079121,4561814.0,3771588.0,2723384.0,0.4030041558029328,0.5969958441970672,0.7879169288860919,0.21208307111390812,0.0,0.0,100.0
heuristic_eval,heuristic_disruption,ppo,ReT_cd_v1,resilience_index,1,v1,22,1,80022,1.0,0.02,0.0,260,128.67886228963474,0.0,0.0,0.0,0.7822529893014475,0.2177470106985525,243.56661395404004,0.21240181951711185,4576117.0,3769833.0,2697451.0,0.4105371431718201,0.5894628568281799,0.7822529893014475,0.21774701069855254,0.0,80.38461538461539,19.615384615384617
heuristic_eval,heuristic_disruption,ppo,ReT_cd_v1,resilience_index,1,v1,22,2,80023,1.0,0.02,0.0,260,134.62887541945253,0.0,0.0,0.0,0.8030207677784771,0.19697923222152292,244.15436111500594,0.21902966815723973,4536913.0,3811147.0,2535807.0,0.4410721563318495,0.5589278436681505,0.803650094398993,0.19634990560100693,0.0,83.07692307692308,16.923076923076923
heuristic_eval,heuristic_disruption,ppo,ReT_cd_v1,resilience_index,1,v1,22,3,80024,1.0,0.02,0.0,260,124.00386855533063,0.0,0.0,0.0,0.7872876022655758,0.21271239773442419,241.8503071921245,0.20082777209285302,4552765.0,3764131.0,2735397.0,0.3991789604778635,0.6008210395221365,0.7879169288860919,0.21208307111390812,0.0,71.53846153846153,28.46153846153846
heuristic_eval,heuristic_disruption,ppo,ReT_cd_v1,resilience_index,1,v1,22,4,80025,1.0,0.02,0.0,260,131.79093805130748,0.0,0.0,0.0,0.801762114537445,0.19823788546255505,242.5226642056488,0.20355746923374676,4557178.0,3831603.0,2615644.0,0.4260386581344858,0.5739613418655142,0.801762114537445,0.19823788546255505,0.0,78.46153846153847,21.53846153846154
heuristic_eval,heuristic_disruption,ppo,ReT_cd_v1,resilience_index,1,v1,22,5,80026,1.0,0.02,0.0,260,121.84588634616976,0.0,0.0,0.0,0.7759597230962869,0.2240402769037131,240.6902134279426,0.1966967558658194,4542779.0,3711034.0,2795353.0,0.3846601386508126,0.6153398613491874,0.7759597230962869,0.22404027690371303,0.0,75.76923076923077,24.23076923076923
heuristic_eval,heuristic_disruption,ppo,ReT_cd_v1,resilience_index,1,v1,22,6,80027,1.0,0.02,0.0,260,113.95996581628555,0.0,0.0,0.0,0.7589679043423536,0.24103209565764638,240.67620565799265,0.19027489750264756,4573453.0,3671739.0,2932596.0,0.3587785858956023,0.6412214141043977,0.7595972309628698,0.24040276903713026,0.0,74.23076923076923,25.76923076923077
heuristic_eval,heuristic_disruption,ppo,ReT_cd_v1,resilience_index,1,v1,22,7,80028,1.0,0.02,0.0,260,144.81462107047665,0.0,0.0,0.0,0.8426683448709881,0.15733165512901193,242.71533782147057,0.25004303643168396,4563226.0,4006924.0,2365918.0,0.481525131562627,0.518474868437373,0.8432976714915041,0.15670232850849591,0.0,76.15384615384616,23.846153846153847
heuristic_eval,heuristic_disruption,ppo,ReT_cd_v1,resilience_index,1,v1,22,8,80029,1.0,0.02,0.0,260,122.3632111285965,0.0,0.0,0.0,0.7702957835116425,0.22970421648835748,243.2513459662736,0.18707451863409788,4559441.0,3700874.0,2792356.0,0.3875661512014301,0.6124338487985699,0.7702957835116425,0.22970421648835745,0.0,81.15384615384616,18.846153846153847
heuristic_eval,heuristic_disruption,ppo,ReT_cd_v1,resilience_index,1,v1,22,9,80030,1.0,0.02,0.0,260,116.29316116843174,0.0,0.0,0.0,0.7539332913782253,0.2460667086217747,242.6402696483098,0.18023393941681243,4575165.0,3652524.0,2904964.0,0.36505809080109675,0.6349419091989033,0.7539332913782253,0.2460667086217747,0.0,74.23076923076923,25.76923076923077
heuristic_eval,heuristic_disruption,ppo,ReT_cd_v1,resilience_index,1,v1,22,10,80031,1.0,0.02,0.0,260,129.07930163914457,0.0,0.0,0.0,0.7791063561988671,0.22089364380113286,243.4408633537895,0.19700159313807347,4544020.0,3721261.0,2653767.0,0.4159869454799935,0.5840130545200065,0.7797356828193833,0.22026431718061673,0.0,79.23076923076923,20.76923076923077
heuristic_eval,heuristic_tuned,ppo,ReT_cd_v1,resilience_index,1,v1,22,1,80022,1.0,0.02,0.0,260,122.49567490898939,0.0,0.0,0.0,0.789175582127124,0.21082441787287598,243.15864315859068,0.20060822747401916,4560268.0,3780963.0,2781829.0,0.3899856324233576,0.6100143675766424,0.78980490874764,0.21019509125235997,0.0,0.0,100.0
heuristic_eval,heuristic_tuned,ppo,ReT_cd_v1,resilience_index,1,v1,22,2,80023,1.0,0.02,0.0,260,136.97210497525276,0.0,0.0,0.0,0.8118313404657017,0.1881686595342983,243.02207162986696,0.21191515875897138,4519953.0,3833214.0,2496192.0,0.4477393902104734,0.5522606097895266,0.8118313404657017,0.1881686595342983,0.0,0.0,100.0
heuristic_eval,heuristic_tuned,ppo,ReT_cd_v1,resilience_index,1,v1,22,3,80024,1.0,0.02,0.0,260,131.3940488927501,0.0,0.0,0.0,0.8099433606041535,0.1900566393958465,243.24517798273982,0.21429105080072672,4546410.0,3849577.0,2636874.0,0.4200096339749385,0.5799903660250615,0.8099433606041535,0.19005663939584644,0.0,0.0,100.0
heuristic_eval,heuristic_tuned,ppo,ReT_cd_v1,resilience_index,1,v1,22,4,80025,1.0,0.02,0.0,260,130.72139125550177,0.0,0.0,0.0,0.8099433606041535,0.1900566393958465,242.55154141407397,0.19303459915346244,4565846.0,3872009.0,2664585.0,0.41640935765244824,0.5835906423475518,0.8105726872246696,0.1894273127753304,0.0,0.0,100.0
heuristic_eval,heuristic_tuned,ppo,ReT_cd_v1,resilience_index,1,v1,22,5,80026,1.0,0.02,0.0,260,125.7518058274196,0.0,0.0,0.0,0.8030207677784771,0.19697923222152292,242.8329338735467,0.1903083227536727,4527047.0,3804116.0,2709793.0,0.40142150059409587,0.5985784994059041,0.8030207677784771,0.19697923222152297,0.0,0.0,100.0
heuristic_eval,heuristic_tuned,ppo,ReT_cd_v1,resilience_index,1,v1,22,6,80027,1.0,0.02,0.0,260,139.56623285539112,0.0,0.0,0.0,0.8143486469477659,0.18565135305223412,244.01292811289463,0.2201735916556825,4543309.0,3867023.0,2478885.0,0.4543877601105274,0.5456122398894726,0.8149779735682819,0.18502202643171806,0.0,0.0,100.0
heuristic_eval,heuristic_tuned,ppo,ReT_cd_v1,resilience_index,1,v1,22,7,80028,1.0,0.02,0.0,260,127.380367997782,0.0,0.0,0.0,0.7986154814348647,0.20138451856513528,242.67841662796366,0.1930458335302868,4525839.0,3790812.0,2691032.0,0.40540704165570185,0.5945929583442982,0.7992448080553807,0.20075519194461927,0.0,0.0,100.0
heuristic_eval,heuristic_tuned,ppo,ReT_cd_v1,resilience_index,1,v1,22,8,80029,1.0,0.02,0.0,260,124.42400141988936,0.0,0.0,0.0,0.7677784770295784,0.23222152297042165,242.43829714171474,0.19211671102858588,4559783.0,3690871.0,2737975.0,0.3995383113626241,0.6004616886373759,0.7684078036500944,0.2315921963499056,0.0,0.0,100.0
heuristic_eval,heuristic_tuned,ppo,ReT_cd_v1,resilience_index,1,v1,22,9,80030,1.0,0.02,0.0,260,125.22455627102245,0.0,0.0,0.0,0.7747010698552549,0.2252989301447451,243.63572142489525,0.19329499330879288,4565092.0,3724047.0,2761264.0,0.39513508161500355,0.6048649183849965,0.775330396475771,0.22466960352422907,0.0,0.0,100.0
heuristic_eval,heuristic_tuned,ppo,ReT_cd_v1,resilience_index,1,v1,22,10,80031,1.0,0.02,0.0,260,126.58323149706771,0.0,0.0,0.0,0.7872876022655758,0.21271239773442419,243.40345410887332,0.211044111079121,4561814.0,3771588.0,2723384.0,0.4030041558029328,0.5969958441970672,0.7879169288860919,0.21208307111390812,0.0,0.0,100.0
static_screen,static_s1,ppo,ReT_cd_v1,resilience_index,1,v1,33,1,80033,1.0,0.02,0.0,260,82.85316746688272,0.0,0.0,0.0,0.5984896161107615,0.40151038388923854,241.26874172810088,0.12361118422743482,4540169.0,2994798.0,3449914.0,0.24013533416927868,0.7598646658307213,0.5984896161107615,0.40151038388923854,100.0,0.0,0.0
static_screen,static_s1,ppo,ReT_cd_v1,resilience_index,1,v1,33,2,80034,1.0,0.02,0.0,260,81.44205421713825,0.0,0.0,0.0,0.5928256765261171,0.40717432347388294,242.3592950705088,0.13930198836336044,4591084.0,3025000.0,3531647.0,0.23075966373083134,0.7692403362691687,0.593455003146633,0.4065449968533669,100.0,0.0,0.0
static_screen,static_s1,ppo,ReT_cd_v1,resilience_index,1,v1,33,3,80035,1.0,0.02,0.0,260,81.35927651018801,0.0,0.0,0.0,0.5953429830081812,0.4046570169918188,243.15377249613567,0.12895465288965446,4551518.0,3004768.0,3470023.0,0.23761193518294332,0.7623880648170567,0.5959723096286973,0.4040276903713027,100.0,0.0,0.0
static_screen,static_s1,ppo,ReT_cd_v1,resilience_index,1,v1,33,4,80036,1.0,0.02,0.0,260,91.32428795147094,0.0,0.0,0.0,0.658275645059786,0.341724354940214,243.1303301272464,0.15707702994061218,4511026.0,3207765.0,3289052.0,0.270886046766301,0.729113953233699,0.6589049716803022,0.3410950283196979,100.0,0.0,0.0
static_screen,static_s1,ppo,ReT_cd_v1,resilience_index,1,v1,33,5,80037,1.0,0.02,0.0,260,82.53309032687034,0.0,0.0,0.0,0.6198867212083071,0.3801132787916929,243.22021485240694,0.1360555258919382,4561752.0,3102402.0,3478448.0,0.2374754261082146,0.7625245738917854,0.6205160478288232,0.37948395217117686,100.0,0.0,0.0
static_screen,static_s1,ppo,ReT_cd_v1,resilience_index,1,v1,33,6,80038,1.0,0.02,0.0,260,81.00721301767416,0.0,0.0,0.0,0.6010069225928256,0.3989930774071744,242.02053418895701,0.14855222425361325,4537421.0,3004327.0,3466963.0,0.2359177162533519,0.7640822837466481,0.6016362492133418,0.39836375078665825,100.0,0.0,0.0
static_screen,static_s1,ppo,ReT_cd_v1,resilience_index,1,v1,33,7,80039,1.0,0.02,0.0,260,82.7034484737764,0.0,0.0,0.0,0.5978602894902454,0.4021397105097546,241.10587261560826,0.1341010783183183,4538633.0,2994334.0,3439764.0,0.24211453096119473,0.7578854690388053,0.5978602894902454,0.40213971050975456,100.0,0.0,0.0
static_screen,static_s1,ppo,ReT_cd_v1,resilience_index,1,v1,33,8,80040,1.0,0.02,0.0,260,93.04946627000847,0.0,0.0,0.0,0.6375078665827565,0.3624921334172435,242.94341084590653,0.14128239091291203,4537953.0,3146627.0,3269785.0,0.2794581609813941,0.7205418390186059,0.6381371932032724,0.3618628067967275,100.0,0.0,0.0
static_screen,static_s1,ppo,ReT_cd_v1,resilience_index,1,v1,33,9,80041,1.0,0.02,0.0,260,81.27228253708483,0.0,0.0,0.0,0.592196349905601,0.407803650094399,240.5272442712709,0.12826030112901343,4538108.0,2958054.0,3485447.0,0.23196032355333984,0.7680396764466602,0.5928256765261171,0.40717432347388294,100.0,0.0,0.0
static_screen,static_s1,ppo,ReT_cd_v1,resilience_index,1,v1,33,10,80042,1.0,0.02,0.0,260,82.75137008980853,0.0,0.0,0.0,0.592196349905601,0.407803650094399,241.79219624839598,0.1264788781278435,4545352.0,2979757.0,3450518.0,0.24086891400269994,0.7591310859973001,0.592196349905601,0.407803650094399,100.0,0.0,0.0
static_screen,static_s2,ppo,ReT_cd_v1,resilience_index,1,v1,33,1,80033,1.0,0.02,0.0,260,131.88152644776156,0.0,0.0,0.0,0.7948395217117684,0.20516047828823158,242.39900473481663,0.19453458268159754,4587233.0,3831463.0,2641500.0,0.42416267061210977,0.5758373293878902,0.7954688483322845,0.20453115166771554,0.0,100.0,0.0
static_screen,static_s2,ppo,ReT_cd_v1,resilience_index,1,v1,33,2,80034,1.0,0.02,0.0,260,136.55609025733048,0.0,0.0,0.0,0.828823159219635,0.171176840780365,244.1364001500726,0.21780939386607398,4523567.0,3905677.0,2510488.0,0.4450202682971204,0.5549797317028796,0.828823159219635,0.17117684078036502,0.0,100.0,0.0
static_screen,static_s2,ppo,ReT_cd_v1,resilience_index,1,v1,33,3,80035,1.0,0.02,0.0,260,122.60313017551971,0.0,0.0,0.0,0.7791063561988671,0.22089364380113286,242.72474770445106,0.18936288649080055,4516914.0,3704479.0,2743069.0,0.39271170538115185,0.6072882946188481,0.7797356828193833,0.22026431718061673,0.0,100.0,0.0
static_screen,static_s2,ppo,ReT_cd_v1,resilience_index,1,v1,33,4,80036,1.0,0.02,0.0,260,123.47724875581348,0.0,0.0,0.0,0.7734424166142227,0.22655758338577725,242.95932276224283,0.1895584963741936,4555241.0,3716694.0,2777205.0,0.39032753700627476,0.6096724629937252,0.7740717432347388,0.22592825676526118,0.0,100.0,0.0
static_screen,static_s2,ppo,ReT_cd_v1,resilience_index,1,v1,33,5,80037,1.0,0.02,0.0,260,139.69271753837873,0.0,0.0,0.0,0.830081812460667,0.16991818753933297,243.67925117331112,0.21710721849658787,4542613.0,3931433.0,2476131.0,0.4549104227016477,0.5450895772983523,0.830081812460667,0.1699181875393329,0.0,100.0,0.0
static_screen,static_s2,ppo,ReT_cd_v1,resilience_index,1,v1,33,6,80038,1.0,0.02,0.0,260,131.5984524045324,0.0,0.0,0.0,0.801762114537445,0.19823788546255505,242.7268398117443,0.2048375123065302,4564828.0,3836242.0,2628598.0,0.42416275049136576,0.5758372495086342,0.802391441157961,0.197608558842039,0.0,100.0,0.0
static_screen,static_s2,ppo,ReT_cd_v1,resilience_index,1,v1,33,7,80039,1.0,0.02,0.0,260,128.60370239654324,0.0,0.0,0.0,0.7929515418502202,0.2070484581497798,241.7466033943539,0.19243380048695372,4573265.0,3809815.0,2680653.0,0.4138426266573225,0.5861573733426775,0.7935808684707363,0.2064191315292637,0.0,100.0,0.0
static_screen,static_s2,ppo,ReT_cd_v1,resilience_index,1,v1,33,8,80040,1.0,0.02,0.0,260,119.09749258452364,0.0,0.0,0.0,0.7696664568911264,0.23033354310887355,241.3694637195412,0.18025089478027276,4526180.0,3662234.0,2830755.0,0.3745818769911935,0.6254181230088065,0.7702957835116425,0.22970421648835745,0.0,100.0,0.0
static_screen,static_s2,ppo,ReT_cd_v1,resilience_index,1,v1,33,9,80041,1.0,0.02,0.0,260,130.01405837770972,0.0,0.0,0.0,0.803650094398993,0.19634990560100696,241.81917552009259,0.19776846818938082,4510897.0,3791231.0,2618286.0,0.41956422414433314,0.5804357758556669,0.803650094398993,0.19634990560100693,0.0,100.0,0.0
static_screen,static_s2,ppo,ReT_cd_v1,resilience_index,1,v1,33,10,80042,1.0,0.02,0.0,260,128.30053522424876,0.0,0.0,0.0,0.7967275015733165,0.2032724984266835,242.76988972128933,0.1870007076134814,4528571.0,3785155.0,2657296.0,0.4132153387900952,0.5867846612099048,0.7973568281938326,0.2026431718061674,0.0,100.0,0.0
static_screen,static_s3,ppo,ReT_cd_v1,resilience_index,1,v1,33,1,80033,1.0,0.02,0.0,260,129.8482265636398,0.0,0.0,0.0,0.789175582127124,0.21082441787287598,242.18459091861297,0.19622500554669084,4549754.0,3771690.0,2661722.0,0.414974523897336,0.585025476102664,0.789175582127124,0.21082441787287604,0.0,0.0,100.0
static_screen,static_s3,ppo,ReT_cd_v1,resilience_index,1,v1,33,2,80034,1.0,0.02,0.0,260,118.24610173281258,0.0,0.0,0.0,0.7595972309628698,0.2404027690371302,241.29456044130015,0.19679250703072482,4578858.0,3679006.0,2867302.0,0.37379538740882556,0.6262046125911744,0.7602265575833858,0.23977344241661422,0.0,0.0,100.0
static_screen,static_s3,ppo,ReT_cd_v1,resilience_index,1,v1,33,3,80035,1.0,0.02,0.0,260,121.96557483623194,0.0,0.0,0.0,0.7577092511013216,0.2422907488986784,242.2774623930539,0.1949531069858405,4622527.0,3722105.0,2847301.0,0.3840379948024101,0.6159620051975899,0.7583385777218377,0.24166142227816237,0.0,0.0,100.0
static_screen,static_s3,ppo,ReT_cd_v1,resilience_index,1,v1,33,4,80036,1.0,0.02,0.0,260,119.45930210008744,0.0,0.0,0.0,0.7539332913782253,0.2460667086217747,242.78298005777535,0.18221673272581482,4548478.0,3628438.0,2792240.0,0.3861155313931386,0.6138844686068614,0.7545626179987414,0.24543738200125864,0.0,0.0,100.0
static_screen,static_s3,ppo,ReT_cd_v1,resilience_index,1,v1,33,5,80037,1.0,0.02,0.0,260,115.591226141166,0.0,0.0,0.0,0.7470106985525488,0.25298930144745124,243.7021950026781,0.16531149891872976,4570886.0,3625183.0,2929332.0,0.3591325620459578,0.6408674379540422,0.7470106985525488,0.25298930144745124,0.0,0.0,100.0
static_screen,static_s3,ppo,ReT_cd_v1,resilience_index,1,v1,33,6,80038,1.0,0.02,0.0,260,137.09283059954643,0.0,0.0,0.0,0.8193832599118943,0.1806167400881057,243.47452978451602,0.20717401136415498,4547192.0,3891154.0,2537868.0,0.44188237488102544,0.5581176251189746,0.8200125865324104,0.17998741346758967,0.0,0.0,100.0
static_screen,static_s3,ppo,ReT_cd_v1,resilience_index,1,v1,33,7,80039,1.0,0.02,0.0,260,131.9180424515988,0.0,0.0,0.0,0.8105726872246696,0.18942731277533043,243.06483033083418,0.21550154949771924,4551935.0,3859637.0,2603351.0,0.42807816895452155,0.5719218310454784,0.8105726872246696,0.1894273127753304,0.0,0.0,100.0
static_screen,static_s3,ppo,ReT_cd_v1,resilience_index,1,v1,33,8,80040,1.0,0.02,0.0,260,130.0075734570927,0.0,0.0,0.0,0.8067967275015733,0.19320327249842673,243.04008040357834,0.20668011426951016,4525408.0,3812239.0,2650704.0,0.41426187428846195,0.585738125711538,0.8074260541220893,0.19257394587791063,0.0,0.0,100.0
static_screen,static_s3,ppo,ReT_cd_v1,resilience_index,1,v1,33,9,80041,1.0,0.02,0.0,260,123.54405363082162,0.0,0.0,0.0,0.7646318439269981,0.23536815607300188,242.7476833694645,0.18711951603370577,4566175.0,3683712.0,2777260.0,0.39177539187613264,0.6082246081238674,0.7652611705475142,0.23473882945248584,0.0,0.0,100.0
static_screen,static_s3,ppo,ReT_cd_v1,resilience_index,1,v1,33,10,80042,1.0,0.02,0.0,260,139.2397226041928,0.0,0.0,0.0,0.8143486469477659,0.18565135305223412,242.1967655055948,0.21507405570928728,4573928.0,3902310.0,2487208.0,0.4562205614080501,0.5437794385919499,0.8143486469477659,0.1856513530522341,0.0,0.0,100.0
random_eval,random,ppo,ReT_cd_v1,resilience_index,1,v1,33,1,80033,1.0,0.02,0.0,260,135.4260389110419,0.0,0.0,0.0,0.8143486469477659,0.18565135305223412,242.68710070400678,0.21135955375153406,4557628.0,3880398.0,2581518.0,0.4335829953651329,0.5664170046348671,0.8143486469477659,0.1856513530522341,35.38461538461539,31.53846153846154,33.07692307692308
random_eval,random,ppo,ReT_cd_v1,resilience_index,1,v1,33,2,80034,1.0,0.02,0.0,260,132.3771389087527,0.0,0.0,0.0,0.8206419131529263,0.17935808684707366,243.0767011831327,0.19289654709494017,4528349.0,3876494.0,2571827.0,0.4320607797676371,0.5679392202323629,0.8212712397734424,0.1787287602265576,33.84615384615385,30.0,36.15384615384615
random_eval,random,ppo,ReT_cd_v1,resilience_index,1,v1,33,3,80035,1.0,0.02,0.0,260,123.8926019196732,0.0,0.0,0.0,0.7721837633731907,0.22781623662680928,243.83236210929593,0.18471577030471412,4555254.0,3715938.0,2743981.0,0.3976228328870355,0.6023771671129645,0.7721837633731907,0.2278162366268093,31.53846153846154,32.69230769230769,35.76923076923077
random_eval,random,ppo,ReT_cd_v1,resilience_index,1,v1,33,4,80036,1.0,0.02,0.0,260,132.0175743246801,0.0,0.0,0.0,0.8055380742605412,0.19446192573945875,243.22432442177907,0.21628750082896153,4530496.0,3820629.0,2598483.0,0.42644624341352466,0.5735537565864753,0.8061674008810573,0.19383259911894274,33.84615384615385,31.153846153846153,35.0
random_eval,random,ppo,ReT_cd_v1,resilience_index,1,v1,33,5,80037,1.0,0.02,0.0,260,120.2158702110492,0.0,0.0,0.0,0.7797356828193833,0.22026431718061668,242.92303953227028,0.1811314731234283,4518734.0,3703764.0,2777164.0,0.38541104654533764,0.6145889534546624,0.7797356828193833,0.22026431718061673,32.30769230769231,33.07692307692308,34.61538461538461
random_eval,random,ppo,ReT_cd_v1,resilience_index,1,v1,33,6,80038,1.0,0.02,0.0,260,129.0865238816667,0.0,0.0,0.0,0.7979861548143486,0.20201384518565135,241.57908784385754,0.2119927310069808,4555890.0,3813408.0,2667869.0,0.4144132101521327,0.5855867898478673,0.7979861548143486,0.20201384518565135,38.46153846153846,32.69230769230769,28.846153846153847
random_eval,random,ppo,ReT_cd_v1,resilience_index,1,v1,33,7,80039,1.0,0.02,0.0,260,132.78485675079088,0.0,0.0,0.0,0.801762114537445,0.19823788546255505,240.89888018489637,0.21384327301767375,4515636.0,3788052.0,2579563.0,0.4287486856779421,0.5712513143220579,0.802391441157961,0.197608558842039,34.61538461538461,30.0,35.38461538461539
random_eval,random,ppo,ReT_cd_v1,resilience_index,1,v1,33,8,80040,1.0,0.02,0.0,260,110.68957034577345,0.0,0.0,0.0,0.7382001258653241,0.26179987413467587,242.30267902439135,0.1726705280461005,4587966.0,3601813.0,3030398.0,0.3394898741621014,0.6605101258378986,0.7388294524858401,0.26117054751415986,31.153846153846153,35.76923076923077,33.07692307692308
random_eval,random,ppo,ReT_cd_v1,resilience_index,1,v1,33,9,80041,1.0,0.02,0.0,260,136.59849690532076,0.0,0.0,0.0,0.8086847073631215,0.19131529263687852,241.90467009249193,0.21268350498110805,4567417.0,3867923.0,2543089.0,0.44321068122310703,0.556789318776893,0.8093140339836375,0.19068596601636248,28.846153846153847,34.23076923076923,36.92307692307692
random_eval,random,ppo,ReT_cd_v1,resilience_index,1,v1,33,10,80042,1.0,0.02,0.0,260,124.6295449812639,0.0,0.0,0.0,0.7841409691629956,0.21585903083700442,240.49817320239364,0.19785929731931756,4571214.0,3778072.0,2749290.0,0.398564582625097,0.601435417374903,0.7847702957835117,0.21522970421648835,28.46153846153846,34.61538461538461,36.92307692307692
heuristic_eval,heuristic_hysteresis,ppo,ReT_cd_v1,resilience_index,1,v1,33,1,80033,1.0,0.02,0.0,260,129.8482265636398,0.0,0.0,0.0,0.789175582127124,0.21082441787287598,242.18459091861297,0.19622500554669084,4549754.0,3771690.0,2661722.0,0.414974523897336,0.585025476102664,0.789175582127124,0.21082441787287604,0.0,0.0,100.0
heuristic_eval,heuristic_hysteresis,ppo,ReT_cd_v1,resilience_index,1,v1,33,2,80034,1.0,0.02,0.0,260,118.24610173281258,0.0,0.0,0.0,0.7595972309628698,0.2404027690371302,241.29456044130015,0.19679250703072482,4578858.0,3679006.0,2867302.0,0.37379538740882556,0.6262046125911744,0.7602265575833858,0.23977344241661422,0.0,0.0,100.0
heuristic_eval,heuristic_hysteresis,ppo,ReT_cd_v1,resilience_index,1,v1,33,3,80035,1.0,0.02,0.0,260,121.96557483623194,0.0,0.0,0.0,0.7577092511013216,0.2422907488986784,242.2774623930539,0.1949531069858405,4622527.0,3722105.0,2847301.0,0.3840379948024101,0.6159620051975899,0.7583385777218377,0.24166142227816237,0.0,0.0,100.0
heuristic_eval,heuristic_hysteresis,ppo,ReT_cd_v1,resilience_index,1,v1,33,4,80036,1.0,0.02,0.0,260,119.45930210008744,0.0,0.0,0.0,0.7539332913782253,0.2460667086217747,242.78298005777535,0.18221673272581482,4548478.0,3628438.0,2792240.0,0.3861155313931386,0.6138844686068614,0.7545626179987414,0.24543738200125864,0.0,0.0,100.0
heuristic_eval,heuristic_hysteresis,ppo,ReT_cd_v1,resilience_index,1,v1,33,5,80037,1.0,0.02,0.0,260,115.591226141166,0.0,0.0,0.0,0.7470106985525488,0.25298930144745124,243.7021950026781,0.16531149891872976,4570886.0,3625183.0,2929332.0,0.3591325620459578,0.6408674379540422,0.7470106985525488,0.25298930144745124,0.0,0.0,100.0
heuristic_eval,heuristic_hysteresis,ppo,ReT_cd_v1,resilience_index,1,v1,33,6,80038,1.0,0.02,0.0,260,137.09283059954643,0.0,0.0,0.0,0.8193832599118943,0.1806167400881057,243.47452978451602,0.20717401136415498,4547192.0,3891154.0,2537868.0,0.44188237488102544,0.5581176251189746,0.8200125865324104,0.17998741346758967,0.0,0.0,100.0
heuristic_eval,heuristic_hysteresis,ppo,ReT_cd_v1,resilience_index,1,v1,33,7,80039,1.0,0.02,0.0,260,131.9180424515988,0.0,0.0,0.0,0.8105726872246696,0.18942731277533043,243.06483033083418,0.21550154949771924,4551935.0,3859637.0,2603351.0,0.42807816895452155,0.5719218310454784,0.8105726872246696,0.1894273127753304,0.0,0.0,100.0
heuristic_eval,heuristic_hysteresis,ppo,ReT_cd_v1,resilience_index,1,v1,33,8,80040,1.0,0.02,0.0,260,130.0075734570927,0.0,0.0,0.0,0.8067967275015733,0.19320327249842673,243.04008040357834,0.20668011426951016,4525408.0,3812239.0,2650704.0,0.41426187428846195,0.585738125711538,0.8074260541220893,0.19257394587791063,0.0,0.0,100.0
heuristic_eval,heuristic_hysteresis,ppo,ReT_cd_v1,resilience_index,1,v1,33,9,80041,1.0,0.02,0.0,260,123.54405363082162,0.0,0.0,0.0,0.7646318439269981,0.23536815607300188,242.7476833694645,0.18711951603370577,4566175.0,3683712.0,2777260.0,0.39177539187613264,0.6082246081238674,0.7652611705475142,0.23473882945248584,0.0,0.0,100.0
heuristic_eval,heuristic_hysteresis,ppo,ReT_cd_v1,resilience_index,1,v1,33,10,80042,1.0,0.02,0.0,260,139.2397226041928,0.0,0.0,0.0,0.8143486469477659,0.18565135305223412,242.1967655055948,0.21507405570928728,4573928.0,3902310.0,2487208.0,0.4562205614080501,0.5437794385919499,0.8143486469477659,0.1856513530522341,0.0,0.0,100.0
heuristic_eval,heuristic_disruption,ppo,ReT_cd_v1,resilience_index,1,v1,33,1,80033,1.0,0.02,0.0,260,122.93626124198808,0.0,0.0,0.0,0.7841409691629956,0.21585903083700442,242.72343331064457,0.19470556507400608,4568525.0,3768454.0,2794012.0,0.38842142704702287,0.6115785729529771,0.7847702957835117,0.21522970421648835,0.0,78.46153846153847,21.53846153846154
heuristic_eval,heuristic_disruption,ppo,ReT_cd_v1,resilience_index,1,v1,33,2,80034,1.0,0.02,0.0,260,131.43015832893187,0.0,0.0,0.0,0.8099433606041535,0.1900566393958465,242.7959902551584,0.2061350151777892,4565908.0,3871639.0,2629465.0,0.42410907096682626,0.5758909290331737,0.8105726872246696,0.1894273127753304,0.0,78.46153846153847,21.53846153846154
heuristic_eval,heuristic_disruption,ppo,ReT_cd_v1,resilience_index,1,v1,33,3,80035,1.0,0.02,0.0,260,126.80749430300696,0.0,0.0,0.0,0.7822529893014475,0.2177470106985525,242.6627109286953,0.20023279321708684,4551965.0,3754891.0,2727530.0,0.4008016318227403,0.5991983681772597,0.7828823159219636,0.2171176840780365,0.0,79.23076923076923,20.76923076923077
heuristic_eval,heuristic_disruption,ppo,ReT_cd_v1,resilience_index,1,v1,33,4,80036,1.0,0.02,0.0,260,122.81728389940524,0.0,0.0,0.0,0.7677784770295784,0.23222152297042165,243.64052561343246,0.18570272508529054,4552647.0,3685875.0,2787932.0,0.38762394712350856,0.6123760528764914,0.7684078036500944,0.2315921963499056,0.0,79.61538461538461,20.384615384615383
heuristic_eval,heuristic_disruption,ppo,ReT_cd_v1,resilience_index,1,v1,33,5,80037,1.0,0.02,0.0,260,134.12860965898076,0.0,0.0,0.0,0.8313404657016992,0.16865953429830083,243.06362532697023,0.21506259261707428,4528960.0,3923664.0,2582754.0,0.42972470500953863,0.5702752949904614,0.8319697923222152,0.16803020767778476,0.0,78.84615384615384,21.153846153846153
heuristic_eval,heuristic_disruption,ppo,ReT_cd_v1,resilience_index,1,v1,33,6,80038,1.0,0.02,0.0,260,141.50307696510433,0.0,0.0,0.0,0.8414096916299559,0.15859030837004406,243.92676642320822,0.22531910363851698,4536681.0,3969550.0,2407481.0,0.4693298911693372,0.5306701088306628,0.842039018250472,0.157960981749528,0.0,76.15384615384616,23.846153846153847
heuristic_eval,heuristic_disruption,ppo,ReT_cd_v1,resilience_index,1,v1,33,7,80039,1.0,0.02,0.0,260,125.04472220957037,0.0,0.0,0.0,0.777218376337319,0.22278162366268095,241.09450239594202,0.1943517823270032,4529966.0,3704742.0,2720534.0,0.3994361105580042,0.6005638894419958,0.7778477029578351,0.22215229704216488,0.0,78.46153846153847,21.53846153846154
heuristic_eval,heuristic_disruption,ppo,ReT_cd_v1,resilience_index,1,v1,33,8,80040,1.0,0.02,0.0,260,134.7293295715497,0.0,0.0,0.0,0.815607300188798,0.184392699811202,243.90487975278415,0.213663736424394,4560138.0,3887726.0,2564339.0,0.4376619742648139,0.5623380257351861,0.815607300188798,0.18439269981120202,0.0,78.84615384615384,21.153846153846153
heuristic_eval,heuristic_disruption,ppo,ReT_cd_v1,resilience_index,1,v1,33,9,80041,1.0,0.02,0.0,260,133.26520058081246,0.0,0.0,0.0,0.8049087476400252,0.19509125235997482,242.4771082214014,0.20801044258997736,4534404.0,3821055.0,2588570.0,0.42912673859673733,0.5708732614032627,0.8055380742605412,0.19446192573945878,0.0,80.38461538461539,19.615384615384617
heuristic_eval,heuristic_disruption,ppo,ReT_cd_v1,resilience_index,1,v1,33,10,80042,1.0,0.02,0.0,260,128.8393130695953,0.0,0.0,0.0,0.7872876022655758,0.21271239773442419,242.50843627657758,0.19214131327874925,4569836.0,3787789.0,2687046.0,0.41200384433927173,0.5879961556607283,0.7879169288860919,0.21208307111390812,0.0,78.07692307692308,21.923076923076923
heuristic_eval,heuristic_tuned,ppo,ReT_cd_v1,resilience_index,1,v1,33,1,80033,1.0,0.02,0.0,260,129.8482265636398,0.0,0.0,0.0,0.789175582127124,0.21082441787287598,242.18459091861297,0.19622500554669084,4549754.0,3771690.0,2661722.0,0.414974523897336,0.585025476102664,0.789175582127124,0.21082441787287604,0.0,0.0,100.0
heuristic_eval,heuristic_tuned,ppo,ReT_cd_v1,resilience_index,1,v1,33,2,80034,1.0,0.02,0.0,260,118.24610173281258,0.0,0.0,0.0,0.7595972309628698,0.2404027690371302,241.29456044130015,0.19679250703072482,4578858.0,3679006.0,2867302.0,0.37379538740882556,0.6262046125911744,0.7602265575833858,0.23977344241661422,0.0,0.0,100.0
heuristic_eval,heuristic_tuned,ppo,ReT_cd_v1,resilience_index,1,v1,33,3,80035,1.0,0.02,0.0,260,121.96557483623194,0.0,0.0,0.0,0.7577092511013216,0.2422907488986784,242.2774623930539,0.1949531069858405,4622527.0,3722105.0,2847301.0,0.3840379948024101,0.6159620051975899,0.7583385777218377,0.24166142227816237,0.0,0.0,100.0
heuristic_eval,heuristic_tuned,ppo,ReT_cd_v1,resilience_index,1,v1,33,4,80036,1.0,0.02,0.0,260,119.45930210008744,0.0,0.0,0.0,0.7539332913782253,0.2460667086217747,242.78298005777535,0.18221673272581482,4548478.0,3628438.0,2792240.0,0.3861155313931386,0.6138844686068614,0.7545626179987414,0.24543738200125864,0.0,0.0,100.0
heuristic_eval,heuristic_tuned,ppo,ReT_cd_v1,resilience_index,1,v1,33,5,80037,1.0,0.02,0.0,260,115.591226141166,0.0,0.0,0.0,0.7470106985525488,0.25298930144745124,243.7021950026781,0.16531149891872976,4570886.0,3625183.0,2929332.0,0.3591325620459578,0.6408674379540422,0.7470106985525488,0.25298930144745124,0.0,0.0,100.0
heuristic_eval,heuristic_tuned,ppo,ReT_cd_v1,resilience_index,1,v1,33,6,80038,1.0,0.02,0.0,260,137.09283059954643,0.0,0.0,0.0,0.8193832599118943,0.1806167400881057,243.47452978451602,0.20717401136415498,4547192.0,3891154.0,2537868.0,0.44188237488102544,0.5581176251189746,0.8200125865324104,0.17998741346758967,0.0,0.0,100.0
heuristic_eval,heuristic_tuned,ppo,ReT_cd_v1,resilience_index,1,v1,33,7,80039,1.0,0.02,0.0,260,131.9180424515988,0.0,0.0,0.0,0.8105726872246696,0.18942731277533043,243.06483033083418,0.21550154949771924,4551935.0,3859637.0,2603351.0,0.42807816895452155,0.5719218310454784,0.8105726872246696,0.1894273127753304,0.0,0.0,100.0
heuristic_eval,heuristic_tuned,ppo,ReT_cd_v1,resilience_index,1,v1,33,8,80040,1.0,0.02,0.0,260,130.0075734570927,0.0,0.0,0.0,0.8067967275015733,0.19320327249842673,243.04008040357834,0.20668011426951016,4525408.0,3812239.0,2650704.0,0.41426187428846195,0.585738125711538,0.8074260541220893,0.19257394587791063,0.0,0.0,100.0
heuristic_eval,heuristic_tuned,ppo,ReT_cd_v1,resilience_index,1,v1,33,9,80041,1.0,0.02,0.0,260,123.54405363082162,0.0,0.0,0.0,0.7646318439269981,0.23536815607300188,242.7476833694645,0.18711951603370577,4566175.0,3683712.0,2777260.0,0.39177539187613264,0.6082246081238674,0.7652611705475142,0.23473882945248584,0.0,0.0,100.0
heuristic_eval,heuristic_tuned,ppo,ReT_cd_v1,resilience_index,1,v1,33,10,80042,1.0,0.02,0.0,260,139.2397226041928,0.0,0.0,0.0,0.8143486469477659,0.18565135305223412,242.1967655055948,0.21507405570928728,4573928.0,3902310.0,2487208.0,0.4562205614080501,0.5437794385919499,0.8143486469477659,0.1856513530522341,0.0,0.0,100.0
ppo_eval,ppo,ppo,ReT_cd_v1,resilience_index,1,v1,11,1,80011,1.0,0.02,0.0,260,128.0167829092772,0.0,0.0,0.0,0.78980490874764,0.21019509125236002,241.11276950908933,0.20502594693991977,4510382.0,3737414.0,2648411.0,0.41281891422943773,0.5871810857705623,0.790434235368156,0.20956576463184393,0.0,32.30769230769231,67.6923076923077
ppo_eval,ppo,ppo,ReT_cd_v1,resilience_index,1,v1,11,2,80012,1.0,0.02,0.0,260,120.94825500871114,0.0,0.0,0.0,0.7847702957835117,0.21522970421648835,240.76088891631824,0.1924960300107998,4537009.0,3741320.0,2790573.0,0.3849311297376752,0.6150688702623248,0.7847702957835117,0.21522970421648835,0.0,27.307692307692307,72.6923076923077
ppo_eval,ppo,ppo,ReT_cd_v1,resilience_index,1,v1,11,3,80013,1.0,0.02,0.0,260,129.52601120137368,0.0,0.0,0.0,0.7879169288860919,0.21208307111390812,242.09452377625013,0.20968188894055445,4541833.0,3764566.0,2651297.0,0.4162495626765669,0.5837504373234331,0.7879169288860919,0.21208307111390812,0.0,38.46153846153846,61.53846153846154
ppo_eval,ppo,ppo,ReT_cd_v1,resilience_index,1,v1,11,4,80014,1.0,0.02,0.0,260,130.9099215913751,0.0,0.0,0.0,0.7979861548143486,0.20201384518565135,241.861531403595,0.2168894703063862,4514522.0,3771630.0,2612198.0,0.4213788303612209,0.5786211696387791,0.7979861548143486,0.20201384518565135,0.0,36.92307692307692,63.07692307692308
ppo_eval,ppo,ppo,ReT_cd_v1,resilience_index,1,v1,11,5,80015,1.0,0.02,0.0,260,118.44819761117758,0.0,0.0,0.0,0.775330396475771,0.22466960352422904,240.77950731056953,0.1842843533885967,4575792.0,3741791.0,2862299.0,0.37446916293397947,0.6255308370660205,0.775330396475771,0.22466960352422907,0.0,40.38461538461539,59.61538461538461
ppo_eval,ppo,ppo,ReT_cd_v1,resilience_index,1,v1,11,6,80016,1.0,0.02,0.0,260,126.05367450906193,0.0,0.0,0.0,0.789175582127124,0.21082441787287598,241.05360474057994,0.19781731600886715,4542262.0,3772953.0,2707273.0,0.40398132032014,0.59601867967986,0.78980490874764,0.21019509125235997,0.0,21.923076923076923,78.07692307692308
ppo_eval,ppo,ppo,ReT_cd_v1,resilience_index,1,v1,11,7,80017,1.0,0.02,0.0,260,127.36818785828186,0.0,0.0,0.0,0.7948395217117684,0.20516047828823158,241.32298723549235,0.1946482437132437,4544355.0,3792496.0,2684518.0,0.40926314075374837,0.5907368592462516,0.7954688483322845,0.20453115166771554,0.0,28.076923076923077,71.92307692307692
ppo_eval,ppo,ppo,ReT_cd_v1,resilience_index,1,v1,11,8,80018,1.0,0.02,0.0,260,113.99671872744774,0.0,0.0,0.0,0.7608558842039018,0.23914411579609818,240.63538888752507,0.18524718440650378,4541266.0,3650867.0,2900521.0,0.3612968278008819,0.6387031721991181,0.7614852108244179,0.23851478917558214,0.0,33.84615384615385,66.15384615384616
ppo_eval,ppo,ppo,ReT_cd_v1,resilience_index,1,v1,11,9,80019,1.0,0.02,0.0,260,127.34281674877633,0.0,0.0,0.0,0.7942101950912523,0.20578980490874765,240.22447967263335,0.21308079652413828,4533583.0,3773524.0,2655661.0,0.4142246871845072,0.5857753128154928,0.7942101950912523,0.20578980490874765,0.0,36.92307692307692,63.07692307692308
ppo_eval,ppo,ppo,ReT_cd_v1,resilience_index,1,v1,11,10,80020,1.0,0.02,0.0,260,140.34223254892697,0.0,0.0,0.0,0.816236626809314,0.18376337319068603,242.92280678684935,0.22551053783887884,4566672.0,3901525.0,2486464.0,0.4555194680064607,0.5444805319935393,0.816236626809314,0.18376337319068597,0.0,51.53846153846154,48.46153846153846
ppo_eval,ppo,ppo,ReT_cd_v1,resilience_index,1,v1,22,1,80022,1.0,0.02,0.0,260,116.72150365091862,0.0,0.0,0.0,0.7658904971680303,0.23410950283196974,243.28087333025323,0.17016884318761158,4540755.0,3669568.0,2876515.0,0.3665117364843512,0.6334882635156488,0.7665198237885462,0.23348017621145375,48.84615384615385,35.0,16.153846153846153
ppo_eval,ppo,ppo,ReT_cd_v1,resilience_index,1,v1,22,2,80023,1.0,0.02,0.0,260,132.2920018047371,0.0,0.0,0.0,0.7973568281938326,0.20264317180616742,243.91636452510858,0.21771872926633068,4571584.0,3825509.0,2619301.0,0.42704738663885433,0.5729526133611457,0.7973568281938326,0.2026431718061674,43.46153846153846,39.61538461538461,16.923076923076923
ppo_eval,ppo,ppo,ReT_cd_v1,resilience_index,1,v1,22,3,80024,1.0,0.02,0.0,260,139.02836636802235,0.0,0.0,0.0,0.8219005663939585,0.17809943360604152,243.20339342441736,0.21538067317453163,4513488.0,3864024.0,2451988.0,0.4567421027817068,0.5432578972182932,0.8225298930144745,0.17747010698552548,43.84615384615385,38.07692307692308,18.076923076923077
ppo_eval,ppo,ppo,ReT_cd_v1,resilience_index,1,v1,22,4,80025,1.0,0.02,0.0,260,126.6117586569258,0.0,0.0,0.0,0.7992448080553807,0.20075519194461933,240.9271987330747,0.205101081691831,4524465.0,3788155.0,2662780.0,0.4114707484752341,0.5885292515247659,0.7992448080553807,0.20075519194461927,38.84615384615385,45.0,16.153846153846153
ppo_eval,ppo,ppo,ReT_cd_v1,resilience_index,1,v1,22,5,80026,1.0,0.02,0.0,260,126.74191244816043,0.0,0.0,0.0,0.7954688483322845,0.20453115166771552,241.28953382075858,0.1992023404523397,4498966.0,3746322.0,2652733.0,0.4103682935145543,0.5896317064854457,0.7960981749528004,0.2039018250471995,38.46153846153846,45.38461538461539,16.153846153846153
ppo_eval,ppo,ppo,ReT_cd_v1,resilience_index,1,v1,22,6,80027,1.0,0.02,0.0,260,124.89132117500685,0.0,0.0,0.0,0.7853996224040277,0.21460037759597228,241.98234161135653,0.20457889036803809,4556850.0,3759950.0,2742033.0,0.3982612989235985,0.6017387010764015,0.7860289490245438,0.21397105097545627,43.46153846153846,39.23076923076923,17.307692307692307
ppo_eval,ppo,ppo,ReT_cd_v1,resilience_index,1,v1,22,7,80028,1.0,0.02,0.0,260,123.62310441083014,0.0,0.0,0.0,0.7910635619886721,0.20893643801132789,243.86244144473167,0.18428441327482403,4474855.0,3710697.0,2700937.0,0.3964191018479929,0.6035808981520071,0.7910635619886721,0.20893643801132789,41.15384615384615,40.0,18.846153846153847
ppo_eval,ppo,ppo,ReT_cd_v1,resilience_index,1,v1,22,8,80029,1.0,0.02,0.0,260,134.24962786665938,0.0,0.0,0.0,0.8105726872246696,0.18942731277533043,242.28030859995494,0.2125562678373706,4560171.0,3865329.0,2585017.0,0.4331315645838719,0.5668684354161281,0.8105726872246696,0.1894273127753304,36.15384615384615,45.76923076923077,18.076923076923077
ppo_eval,ppo,ppo,ReT_cd_v1,resilience_index,1,v1,22,9,80030,1.0,0.02,0.0,260,121.87709575599345,0.0,0.0,0.0,0.7696664568911264,0.23033354310887355,241.72288211449683,0.19349413957629397,4561459.0,3700297.0,2802679.0,0.38557400165166456,0.6144259983483354,0.7696664568911264,0.2303335431088735,46.15384615384615,35.38461538461539,18.46153846153846
ppo_eval,ppo,ppo,ReT_cd_v1,resilience_index,1,v1,22,10,80031,1.0,0.02,0.0,260,131.55096774084458,0.0,0.0,0.0,0.8030207677784771,0.19697923222152292,243.39796596748937,0.20876542178565688,4576512.0,3850697.0,2641340.0,0.42284866728198245,0.5771513327180176,0.803650094398993,0.19634990560100693,33.46153846153846,51.15384615384615,15.384615384615385
ppo_eval,ppo,ppo,ReT_cd_v1,resilience_index,1,v1,33,1,80033,1.0,0.02,0.0,260,90.98415630025488,0.0,0.0,0.0,0.6362492133417244,0.36375078665827565,240.46859550391233,0.14281565625213324,4564617.0,3172087.0,3340470.0,0.26818175544629486,0.7318182445537051,0.6368785399622404,0.3631214600377596,87.3076923076923,10.384615384615385,2.3076923076923075
ppo_eval,ppo,ppo,ReT_cd_v1,resilience_index,1,v1,33,2,80034,1.0,0.02,0.0,260,98.92270961652068,0.0,0.0,0.0,0.6777847702957835,0.32221522970421645,242.0842653706971,0.15699450679851276,4528380.0,3301593.0,3151229.0,0.3041155998392361,0.6958844001607639,0.6784140969162995,0.32158590308370044,87.3076923076923,10.384615384615385,2.3076923076923075
ppo_eval,ppo,ppo,ReT_cd_v1,resilience_index,1,v1,33,3,80035,1.0,0.02,0.0,260,79.3482216513995,0.0,0.0,0.0,0.5972309628697294,0.40276903713027057,243.0841524548706,0.11850565214580945,4579107.0,3035731.0,3539039.0,0.22713336901714676,0.7728666309828532,0.5972309628697294,0.4027690371302706,93.07692307692308,6.538461538461538,0.38461538461538464
ppo_eval,ppo,ppo,ReT_cd_v1,resilience_index,1,v1,33,4,80036,1.0,0.02,0.0,260,113.12113307310113,0.0,0.0,0.0,0.7180616740088106,0.2819383259911894,244.25268431123803,0.17389903870071735,4535955.0,3472261.0,2976414.0,0.3438175643276884,0.6561824356723116,0.7186910006293266,0.2813089993706734,86.53846153846153,10.384615384615385,3.076923076923077
ppo_eval,ppo,ppo,ReT_cd_v1,resilience_index,1,v1,33,5,80037,1.0,0.02,0.0,260,83.25624188446726,0.0,0.0,0.0,0.6104468219005663,0.3895531780994337,243.18502448745497,0.11941991122674445,4539646.0,3045463.0,3450849.0,0.23984182907654028,0.7601581709234597,0.6110761485210825,0.38892385147891756,93.07692307692308,6.538461538461538,0.38461538461538464
ppo_eval,ppo,ppo,ReT_cd_v1,resilience_index,1,v1,33,6,80038,1.0,0.02,0.0,260,83.03701666401271,0.0,0.0,0.0,0.5984896161107615,0.40151038388923854,242.20870287539748,0.1380116889043389,4566332.0,3017165.0,3467200.0,0.24070347929147506,0.7592965207085249,0.5991189427312775,0.4008810572687225,94.23076923076923,4.230769230769231,1.5384615384615385
ppo_eval,ppo,ppo,ReT_cd_v1,resilience_index,1,v1,33,7,80039,1.0,0.02,0.0,260,90.93949389962901,0.0,0.0,0.0,0.6280679672750158,0.3719320327249842,242.16094539028694,0.14349859387531383,4535068.0,3109028.0,3316522.0,0.2686940967588579,0.7313059032411421,0.6286972938955318,0.3713027061044682,92.6923076923077,6.923076923076923,0.38461538461538464
ppo_eval,ppo,ppo,ReT_cd_v1,resilience_index,1,v1,33,8,80040,1.0,0.02,0.0,260,112.14734010697939,0.0,0.0,0.0,0.7312775330396476,0.2687224669603524,243.0159295949308,0.17759840365857513,4517970.0,3505105.0,2935365.0,0.35029117059210224,0.6497088294078978,0.7312775330396476,0.2687224669603524,83.07692307692308,10.384615384615385,6.538461538461538
ppo_eval,ppo,ppo,ReT_cd_v1,resilience_index,1,v1,33,9,80041,1.0,0.02,0.0,260,85.88750122917753,0.0,0.0,0.0,0.6148521082441787,0.3851478917558213,241.6508305357018,0.15373840733315586,4541354.0,3061628.0,3370484.0,0.25782398817621355,0.7421760118237865,0.6154814348646948,0.38451856513530525,91.53846153846153,7.6923076923076925,0.7692307692307693
ppo_eval,ppo,ppo,ReT_cd_v1,resilience_index,1,v1,33,10,80042,1.0,0.02,0.0,260,84.84006162587926,0.0,0.0,0.0,0.6148521082441787,0.3851478917558213,242.12817243298045,0.12552494113336538,4536218.0,3065402.0,3416490.0,0.2468417523143729,0.7531582476856271,0.6154814348646948,0.38451856513530525,90.0,9.615384615384615,0.38461538461538464
