phase,risk_level,policy,algo,reward_mode,reward_family,frame_stack,observation_version,seed,episode,eval_seed,w_bo,w_cost,w_disr,step,shifts_active,fill_rate,backorder_rate,disruption_fraction,reward,service_loss
proof_increased,increased,ppo,ppo,ReT_cd_sigmoid,resilience_index,1,v1,11,1,80011,1.0,0.02,0.0,0,3,0.02857142873108387,0.9714285731315613,0.0,0.028654940269452485,0.0
proof_increased,increased,ppo,ppo,ReT_cd_sigmoid,resilience_index,1,v1,11,1,80011,1.0,0.02,0.0,1,3,0.024390242993831635,0.9756097793579102,0.0,6.246711662701071e-05,0.0
proof_increased,increased,ppo,ppo,ReT_cd_sigmoid,resilience_index,1,v1,11,1,80011,1.0,0.02,0.0,2,3,0.08510638028383255,0.914893627166748,0.0,0.020521304094341282,0.0
proof_increased,increased,ppo,ppo,ReT_cd_sigmoid,resilience_index,1,v1,11,1,80011,1.0,0.02,0.0,3,3,0.15094339847564697,0.849056601524353,0.0,0.0013373226201809636,0.0
proof_increased,increased,ppo,ppo,ReT_cd_sigmoid,resilience_index,1,v1,11,1,80011,1.0,0.02,0.0,4,3,0.18644067645072937,0.8135592937469482,0.0,6.108845646548943e-05,0.0
proof_increased,increased,ppo,ppo,ReT_cd_sigmoid,resilience_index,1,v1,11,1,80011,1.0,0.02,0.0,5,3,0.2153846174478531,0.7846153974533081,0.0,0.29441023915629577,0.0
proof_increased,increased,ppo,ppo,ReT_cd_sigmoid,resilience_index,1,v1,11,1,80011,1.0,0.02,0.0,6,3,0.2112676054239273,0.7887324094772339,0.0,0.28713170882569017,0.0
proof_increased,increased,ppo,ppo,ReT_cd_sigmoid,resilience_index,1,v1,11,1,80011,1.0,0.02,0.0,7,2,0.23376622796058655,0.7662337422370911,0.0,0.00360846113075148,0.0
proof_increased,increased,ppo,ppo,ReT_cd_sigmoid,resilience_index,1,v1,11,1,80011,1.0,0.02,0.0,8,2,0.3012048304080963,0.6987951993942261,0.0,0.29648722119457094,0.0
proof_increased,increased,ppo,ppo,ReT_cd_sigmoid,resilience_index,1,v1,11,1,80011,1.0,0.02,0.0,9,2,0.2921348214149475,0.7078651785850525,0.0,0.01868025330812242,0.0
proof_increased,increased,ppo,ppo,ReT_cd_sigmoid,resilience_index,1,v1,11,1,80011,1.0,0.02,0.0,10,2,0.27368420362472534,0.7263157963752747,0.0,0.28814538970561304,0.0
proof_increased,increased,ppo,ppo,ReT_cd_sigmoid,resilience_index,1,v1,11,1,80011,1.0,0.02,0.0,11,2,0.31683167815208435,0.6831682920455933,0.0,0.2702731655527581,0.0
proof_increased,increased,ppo,ppo,ReT_cd_sigmoid,resilience_index,1,v1,11,1,80011,1.0,0.02,0.0,12,2,0.336448609828949,0.663551390171051,0.0,0.21085893812683673,0.0
proof_increased,increased,ppo,ppo,ReT_cd_sigmoid,resilience_index,1,v1,11,1,80011,1.0,0.02,0.0,13,2,0.37168142199516296,0.6283186078071594,0.0,0.2937975702203734,0.0
proof_increased,increased,ppo,ppo,ReT_cd_sigmoid,resilience_index,1,v1,11,1,80011,1.0,0.02,0.0,14,2,0.3949579894542694,0.605042040348053,0.0,0.3509971465659,0.0
proof_increased,increased,ppo,ppo,ReT_cd_sigmoid,resilience_index,1,v1,11,1,80011,1.0,0.02,0.0,15,2,0.42399999499320984,0.5759999752044678,0.0,0.44808263232524587,0.0
proof_increased,increased,ppo,ppo,ReT_cd_sigmoid,resilience_index,1,v1,11,1,80011,1.0,0.02,0.0,16,2,0.4122137427330017,0.5877862572669983,0.0,0.022899003687166488,0.0
proof_increased,increased,ppo,ppo,ReT_cd_sigmoid,resilience_index,1,v1,11,1,80011,1.0,0.02,0.0,17,2,0.44525548815727234,0.55474454164505,0.0,0.21659391062999797,0.0
proof_increased,increased,ppo,ppo,ReT_cd_sigmoid,resilience_index,1,v1,11,1,80011,1.0,0.02,0.0,18,1,0.4545454680919647,0.5454545617103577,0.0,0.4121720209492095,0.0
proof_increased,increased,ppo,ppo,ReT_cd_sigmoid,resilience_index,1,v1,11,1,80011,1.0,0.02,0.0,19,2,0.48322147130966187,0.5167785286903381,0.0,0.4082776287684342,0.0
proof_increased,increased,ppo,ppo,ReT_cd_sigmoid,resilience_index,1,v1,11,1,80011,1.0,0.02,0.0,20,2,0.49677419662475586,0.5032258033752441,0.0,0.3787384445971984,0.0
proof_increased,increased,ppo,ppo,ReT_cd_sigmoid,resilience_index,1,v1,11,1,80011,1.0,0.02,0.0,21,2,0.5093167424201965,0.4906832277774811,0.0,0.31939046223905726,0.0
proof_increased,increased,ppo,ppo,ReT_cd_sigmoid,resilience_index,1,v1,11,1,80011,1.0,0.02,0.0,22,1,0.5269461274147034,0.473053902387619,0.0,0.39562325400828297,0.0
proof_increased,increased,ppo,ppo,ReT_cd_sigmoid,resilience_index,1,v1,11,1,80011,1.0,0.02,0.0,23,1,0.5491329431533813,0.45086705684661865,0.0,0.20706614540943183,0.0
proof_increased,increased,ppo,ppo,ReT_cd_sigmoid,resilience_index,1,v1,11,1,80011,1.0,0.02,0.0,24,1,0.5530726313591003,0.44692736864089966,0.0,0.41042264054979855,0.0
proof_increased,increased,ppo,ppo,ReT_cd_sigmoid,resilience_index,1,v1,11,1,80011,1.0,0.02,0.0,25,2,0.5783783793449402,0.4216216206550598,0.0,0.4278277126321431,0.0
proof_increased,increased,ppo,ppo,ReT_cd_sigmoid,resilience_index,1,v1,11,1,80011,1.0,0.02,0.0,26,1,0.5916230082511902,0.4083769619464874,0.0,0.4001195428926887,0.0
proof_increased,increased,ppo,ppo,ReT_cd_sigmoid,resilience_index,1,v1,11,1,80011,1.0,0.02,0.0,27,1,0.6040608882904053,0.39593908190727234,0.0,0.37396640982648394,0.0
proof_increased,increased,ppo,ppo,ReT_cd_sigmoid,resilience_index,1,v1,11,1,80011,1.0,0.02,0.0,28,1,0.5911329984664917,0.4088670015335083,0.0,6.151498274018083e-05,0.0
proof_increased,increased,ppo,ppo,ReT_cd_sigmoid,resilience_index,1,v1,11,1,80011,1.0,0.02,0.0,29,1,0.5789473652839661,0.42105263471603394,0.0,6.135967601340287e-05,0.0
proof_increased,increased,ppo,ppo,ReT_cd_sigmoid,resilience_index,1,v1,11,1,80011,1.0,0.02,0.0,30,1,0.5813953280448914,0.41860464215278625,0.0,0.016021203533204943,0.0
proof_increased,increased,ppo,ppo,ReT_cd_sigmoid,resilience_index,1,v1,11,1,80011,1.0,0.02,0.0,31,1,0.5791855454444885,0.42081448435783386,0.0,0.2566240398121937,0.0
proof_increased,increased,ppo,ppo,ReT_cd_sigmoid,resilience_index,1,v1,11,1,80011,1.0,0.02,0.0,32,1,0.5770925283432007,0.4229075014591217,0.0,0.2748276312916801,0.0
proof_increased,increased,ppo,ppo,ReT_cd_sigmoid,resilience_index,1,v1,11,1,80011,1.0,0.02,0.0,33,1,0.5836910009384155,0.4163089990615845,0.0,0.3562491373285483,0.0
proof_increased,increased,ppo,ppo,ReT_cd_sigmoid,resilience_index,1,v1,11,1,80011,1.0,0.02,0.0,34,1,0.5983263850212097,0.40167364478111267,0.0,0.21365496104672388,0.0
proof_increased,increased,ppo,ppo,ReT_cd_sigmoid,resilience_index,1,v1,11,1,80011,1.0,0.02,0.0,35,1,0.6040816307067871,0.3959183692932129,0.0,0.34883436327044287,0.0
proof_increased,increased,ppo,ppo,ReT_cd_sigmoid,resilience_index,1,v1,11,1,80011,1.0,0.02,0.0,36,1,0.6175298690795898,0.38247013092041016,0.0,0.37867750784952126,0.0
proof_increased,increased,ppo,ppo,ReT_cd_sigmoid,resilience_index,1,v1,11,1,80011,1.0,0.02,0.0,37,1,0.6264591217041016,0.37354084849357605,0.0,0.3964117119383579,0.0
proof_increased,increased,ppo,ppo,ReT_cd_sigmoid,resilience_index,1,v1,11,1,80011,1.0,0.02,0.0,38,1,0.6387832760810852,0.3612167239189148,0.0,0.4687833727460133,0.0
proof_increased,increased,ppo,ppo,ReT_cd_sigmoid,resilience_index,1,v1,11,1,80011,1.0,0.02,0.0,39,1,0.643122673034668,0.35687732696533203,0.0,0.21630061560455027,0.0
proof_increased,increased,ppo,ppo,ReT_cd_sigmoid,resilience_index,1,v1,11,1,80011,1.0,0.02,0.0,40,1,0.6509090662002563,0.34909090399742126,0.0,0.28820655921511584,0.0
proof_increased,increased,ppo,ppo,ReT_cd_sigmoid,resilience_index,1,v1,11,1,80011,1.0,0.02,0.0,41,1,0.6548042893409729,0.3451957404613495,0.0,0.308579670840449,0.0
proof_increased,increased,ppo,ppo,ReT_cd_sigmoid,resilience_index,1,v1,11,1,80011,1.0,0.02,0.0,42,1,0.6550522446632385,0.3449477255344391,0.0,0.1749166392988472,0.0
proof_increased,increased,ppo,ppo,ReT_cd_sigmoid,resilience_index,1,v1,11,1,80011,1.0,0.02,0.0,43,1,0.6655290126800537,0.3344709873199463,0.0,0.37134438328847996,0.0
proof_increased,increased,ppo,ppo,ReT_cd_sigmoid,resilience_index,1,v1,11,1,80011,1.0,0.02,0.0,44,1,0.6722407937049866,0.3277592062950134,0.0,0.29001661720687366,0.0
proof_increased,increased,ppo,ppo,ReT_cd_sigmoid,resilience_index,1,v1,11,1,80011,1.0,0.02,0.0,45,1,0.6721311211585999,0.32786884903907776,0.0,0.39833964545519146,0.0
proof_increased,increased,ppo,ppo,ReT_cd_sigmoid,resilience_index,1,v1,11,1,80011,1.0,0.02,0.0,46,1,0.672025740146637,0.3279742896556854,0.0,0.28612625735733466,0.0
proof_increased,increased,ppo,ppo,ReT_cd_sigmoid,resilience_index,1,v1,11,1,80011,1.0,0.02,0.0,47,1,0.6719242930412292,0.32807570695877075,0.0,0.2157191228735593,0.0
proof_increased,increased,ppo,ppo,ReT_cd_sigmoid,resilience_index,1,v1,11,1,80011,1.0,0.02,0.0,48,1,0.6780185699462891,0.32198143005371094,0.0,0.433532138582735,0.0
proof_increased,increased,ppo,ppo,ReT_cd_sigmoid,resilience_index,1,v1,11,1,80011,1.0,0.02,0.0,49,1,0.6899695992469788,0.31003040075302124,0.0,0.4201040056616304,0.0
proof_increased,increased,ppo,ppo,ReT_cd_sigmoid,resilience_index,1,v1,11,1,80011,1.0,0.02,0.0,50,1,0.6955223679542542,0.30447760224342346,0.0,0.4328849580046634,0.0
proof_increased,increased,ppo,ppo,ReT_cd_sigmoid,resilience_index,1,v1,11,1,80011,1.0,0.02,0.0,51,1,0.6920821070671082,0.30791789293289185,0.0,0.34057220825438883,0.0
proof_increased,increased,ppo,ppo,ReT_cd_sigmoid,resilience_index,1,v1,11,1,80011,1.0,0.02,0.0,52,1,0.7002881765365601,0.29971182346343994,0.0,0.3695080757186655,0.0
proof_increased,increased,ppo,ppo,ReT_cd_sigmoid,resilience_index,1,v1,11,1,80011,1.0,0.02,0.0,53,1,0.7025495767593384,0.2974504232406616,0.0,0.4322370083129804,0.0
proof_increased,increased,ppo,ppo,ReT_cd_sigmoid,resilience_index,1,v1,11,1,80011,1.0,0.02,0.0,54,1,0.7103064060211182,0.28969359397888184,0.0,0.4253388786483372,0.0
proof_increased,increased,ppo,ppo,ReT_cd_sigmoid,resilience_index,1,v1,11,1,80011,1.0,0.02,0.0,55,1,0.715068519115448,0.2849315106868744,0.0,0.39924693114222476,0.0
proof_increased,increased,ppo,ppo,ReT_cd_sigmoid,resilience_index,1,v1,11,1,80011,1.0,0.02,0.0,56,1,0.7196765542030334,0.28032344579696655,0.0,0.2855529964572909,0.0
proof_increased,increased,ppo,ppo,ReT_cd_sigmoid,resilience_index,1,v1,11,1,80011,1.0,0.02,0.0,57,1,0.7241379022598267,0.27586206793785095,0.0,0.4039115838484507,0.0
proof_increased,increased,ppo,ppo,ReT_cd_sigmoid,resilience_index,1,v1,11,1,80011,1.0,0.02,0.0,58,1,0.7206266522407532,0.2793733775615692,0.0,0.283558340431368,0.0
proof_increased,increased,ppo,ppo,ReT_cd_sigmoid,resilience_index,1,v1,11,1,80011,1.0,0.02,0.0,59,1,0.7223650217056274,0.27763494849205017,0.0,0.40816485037813904,0.0
proof_increased,increased,ppo,ppo,ReT_cd_sigmoid,resilience_index,1,v1,11,1,80011,1.0,0.02,0.0,60,1,0.7265822887420654,0.27341771125793457,0.0,0.37296604074415246,0.0
proof_increased,increased,ppo,ppo,ReT_cd_sigmoid,resilience_index,1,v1,11,1,80011,1.0,0.02,0.0,61,1,0.723192036151886,0.2768079936504364,0.0,0.4130056918459159,0.0
proof_increased,increased,ppo,ppo,ReT_cd_sigmoid,resilience_index,1,v1,11,1,80011,1.0,0.02,0.0,62,1,0.7321867346763611,0.2678132653236389,0.0,0.31340653013640246,0.0
proof_increased,increased,ppo,ppo,ReT_cd_sigmoid,resilience_index,1,v1,11,1,80011,1.0,0.02,0.0,63,1,0.7312348484992981,0.2687651216983795,0.0,0.3980535983143275,0.0
proof_increased,increased,ppo,ppo,ReT_cd_sigmoid,resilience_index,1,v1,11,1,80011,1.0,0.02,0.0,64,1,0.7350835204124451,0.26491647958755493,0.0,0.42287530441945265,0.0
proof_increased,increased,ppo,ppo,ReT_cd_sigmoid,resilience_index,1,v1,11,1,80011,1.0,0.02,0.0,65,1,0.7247058749198914,0.27529412508010864,0.0,0.010812184392722492,0.0
proof_increased,increased,ppo,ppo,ReT_cd_sigmoid,resilience_index,1,v1,11,1,80011,1.0,0.02,0.0,66,1,0.7285382747650146,0.27146172523498535,0.0,0.353238282624333,0.0
proof_increased,increased,ppo,ppo,ReT_cd_sigmoid,resilience_index,1,v1,11,1,80011,1.0,0.02,0.0,67,1,0.7322654724121094,0.267734557390213,0.0,0.3104968205128906,0.0
proof_increased,increased,ppo,ppo,ReT_cd_sigmoid,resilience_index,1,v1,11,1,80011,1.0,0.02,0.0,68,1,0.7381489872932434,0.2618510127067566,0.0,0.4723850992342299,0.0
proof_increased,increased,ppo,ppo,ReT_cd_sigmoid,resilience_index,1,v1,11,1,80011,1.0,0.02,0.0,69,1,0.7394209504127502,0.26057907938957214,0.0,0.43785045085029395,0.0
proof_increased,increased,ppo,ppo,ReT_cd_sigmoid,resilience_index,1,v1,11,1,80011,1.0,0.02,0.0,70,1,0.7428571581840515,0.2571428716182709,0.0,0.39725671650238453,0.0
proof_increased,increased,ppo,ppo,ReT_cd_sigmoid,resilience_index,1,v1,11,1,80011,1.0,0.02,0.0,71,1,0.7483730912208557,0.2516269087791443,0.0,0.43748548019253897,0.0
proof_increased,increased,ppo,ppo,ReT_cd_sigmoid,resilience_index,1,v1,11,1,80011,1.0,0.02,0.0,72,1,0.7516059875488281,0.24839399755001068,0.0,0.3532830608996188,0.0
proof_increased,increased,ppo,ppo,ReT_cd_sigmoid,resilience_index,1,v1,11,1,80011,1.0,0.02,0.0,73,1,0.7526426911354065,0.2473572939634323,0.0,0.3800185666964656,0.0
proof_increased,increased,ppo,ppo,ReT_cd_sigmoid,resilience_index,1,v1,11,1,80011,1.0,0.02,0.0,74,1,0.7557411193847656,0.24425886571407318,0.0,0.290798095994159,0.0
proof_increased,increased,ppo,ppo,ReT_cd_sigmoid,resilience_index,1,v1,11,1,80011,1.0,0.02,0.0,75,1,0.7587628960609436,0.2412371188402176,0.0,0.37286006056405807,0.0
proof_increased,increased,ppo,ppo,ReT_cd_sigmoid,resilience_index,1,v1,11,1,80011,1.0,0.02,0.0,76,1,0.7617108225822449,0.23828920722007751,0.0,0.35222555092642616,0.0
proof_increased,increased,ppo,ppo,ReT_cd_sigmoid,resilience_index,1,v1,11,1,80011,1.0,0.02,0.0,77,1,0.7605633735656738,0.23943662643432617,0.0,0.3140005760572909,0.0
proof_increased,increased,ppo,ppo,ReT_cd_sigmoid,resilience_index,1,v1,11,1,80011,1.0,0.02,0.0,78,1,0.7574552893638611,0.2425447255373001,0.0,0.28876073012686304,0.0
proof_increased,increased,ppo,ppo,ReT_cd_sigmoid,resilience_index,1,v1,11,1,80011,1.0,0.02,0.0,79,1,0.7642436027526855,0.23575638234615326,0.0,0.4269376279248096,0.0
proof_increased,increased,ppo,ppo,ReT_cd_sigmoid,resilience_index,1,v1,11,1,80011,1.0,0.02,0.0,80,1,0.768932044506073,0.231067955493927,0.0,0.4582021754192753,0.0
proof_increased,increased,ppo,ppo,ReT_cd_sigmoid,resilience_index,1,v1,11,1,80011,1.0,0.02,0.0,81,1,0.767754316329956,0.23224568367004395,0.0,0.39329168559940453,0.0
proof_increased,increased,ppo,ppo,ReT_cd_sigmoid,resilience_index,1,v1,11,1,80011,1.0,0.02,0.0,82,1,0.7703984975814819,0.22960151731967926,0.0,0.4316500429702023,0.0
proof_increased,increased,ppo,ppo,ReT_cd_sigmoid,resilience_index,1,v1,11,1,80011,1.0,0.02,0.0,83,1,0.7748593091964722,0.22514070570468903,0.0,0.43865304760906254,0.0
proof_increased,increased,ppo,ppo,ReT_cd_sigmoid,resilience_index,1,v1,11,1,80011,1.0,0.02,0.0,84,1,0.7755101919174194,0.22448979318141937,0.0,0.3268912984200927,0.0
proof_increased,increased,ppo,ppo,ReT_cd_sigmoid,resilience_index,1,v1,11,1,80011,1.0,0.02,0.0,85,1,0.7724770903587341,0.22752293944358826,0.0,0.3763606617108608,0.0
proof_increased,increased,ppo,ppo,ReT_cd_sigmoid,resilience_index,1,v1,11,1,80011,1.0,0.02,0.0,86,1,0.774954617023468,0.2250453680753708,0.0,0.3514207797424634,0.0
proof_increased,increased,ppo,ppo,ReT_cd_sigmoid,resilience_index,1,v1,11,1,80011,1.0,0.02,0.0,87,1,0.7755835056304932,0.22441652417182922,0.0,0.4378895386496567,0.0
proof_increased,increased,ppo,ppo,ReT_cd_sigmoid,resilience_index,1,v1,11,1,80011,1.0,0.02,0.0,88,1,0.7815275192260742,0.2184724658727646,0.0,0.37767374946490495,0.0
proof_increased,increased,ppo,ppo,ReT_cd_sigmoid,resilience_index,1,v1,11,1,80011,1.0,0.02,0.0,89,1,0.7820737957954407,0.21792618930339813,0.0,0.37567380262224936,0.0
proof_increased,increased,ppo,ppo,ReT_cd_sigmoid,resilience_index,1,v1,11,1,80011,1.0,0.02,0.0,90,1,0.7843478322029114,0.21565216779708862,0.0,0.4387495286873372,0.0
proof_increased,increased,ppo,ppo,ReT_cd_sigmoid,resilience_index,1,v1,11,1,80011,1.0,0.02,0.0,91,1,0.7882960438728333,0.21170395612716675,0.0,0.4659551330010673,0.0
proof_increased,increased,ppo,ppo,ReT_cd_sigmoid,resilience_index,1,v1,11,1,80011,1.0,0.02,0.0,92,1,0.7887563705444336,0.2112436145544052,0.0,0.43539038627658894,0.0
proof_increased,increased,ppo,ppo,ReT_cd_sigmoid,resilience_index,1,v1,11,1,80011,1.0,0.02,0.0,93,1,0.7807757258415222,0.21922428905963898,0.0,0.01115114535694121,0.0
proof_increased,increased,ppo,ppo,ReT_cd_sigmoid,resilience_index,1,v1,11,1,80011,1.0,0.02,0.0,94,1,0.7729549407958984,0.22704507410526276,0.0,0.17591653244982813,0.0
proof_increased,increased,ppo,ppo,ReT_cd_sigmoid,resilience_index,1,v1,11,1,80011,1.0,0.02,0.0,95,1,0.7652892470359802,0.23471073806285858,0.0,6.228535961009099e-05,0.0
proof_increased,increased,ppo,ppo,ReT_cd_sigmoid,resilience_index,1,v1,11,1,80011,1.0,0.02,0.0,96,1,0.7659574747085571,0.23404255509376526,0.0,0.2047777528363599,0.0
proof_increased,increased,ppo,ppo,ReT_cd_sigmoid,resilience_index,1,v1,11,1,80011,1.0,0.02,0.0,97,1,0.7649918794631958,0.235008105635643,0.0,0.2803705014138332,0.0
proof_increased,increased,ppo,ppo,ReT_cd_sigmoid,resilience_index,1,v1,11,1,80011,1.0,0.02,0.0,98,1,0.7720706462860107,0.22792936861515045,0.0,0.2100947849906774,0.0
proof_increased,increased,ppo,ppo,ReT_cd_sigmoid,resilience_index,1,v1,11,1,80011,1.0,0.02,0.0,99,1,0.7726550102233887,0.22734498977661133,0.0,0.3465382684048658,0.0
proof_increased,increased,ppo,ppo,ReT_cd_sigmoid,resilience_index,1,v1,11,1,80011,1.0,0.02,0.0,100,1,0.770078718662262,0.22992126643657684,0.0,0.29309286652755234,0.0
proof_increased,increased,ppo,ppo,ReT_cd_sigmoid,resilience_index,1,v1,11,1,80011,1.0,0.02,0.0,101,1,0.7691107392311096,0.230889230966568,0.0,0.28944223141751196,0.0
proof_increased,increased,ppo,ppo,ReT_cd_sigmoid,resilience_index,1,v1,11,1,80011,1.0,0.02,0.0,102,1,0.7681607604026794,0.23183925449848175,0.0,6.224821886118569e-05,0.0
proof_increased,increased,ppo,ppo,ReT_cd_sigmoid,resilience_index,1,v1,11,1,80011,1.0,0.02,0.0,103,1,0.7672281861305237,0.2327718287706375,0.0,0.2228131701474507,0.0
proof_increased,increased,ppo,ppo,ReT_cd_sigmoid,resilience_index,1,v1,11,1,80011,1.0,0.02,0.0,104,1,0.7647951245307922,0.23520486056804657,0.0,0.19139516476843324,0.0
proof_increased,increased,ppo,ppo,ReT_cd_sigmoid,resilience_index,1,v1,11,1,80011,1.0,0.02,0.0,105,1,0.7699248194694519,0.2300751805305481,0.0,0.426115467209709,0.0
proof_increased,increased,ppo,ppo,ReT_cd_sigmoid,resilience_index,1,v1,11,1,80011,1.0,0.02,0.0,106,1,0.7675111889839172,0.23248882591724396,0.0,0.19715858090774527,0.0
proof_increased,increased,ppo,ppo,ReT_cd_sigmoid,resilience_index,1,v1,11,1,80011,1.0,0.02,0.0,107,1,0.768094539642334,0.23190546035766602,0.0,0.39309987848050404,0.0
proof_increased,increased,ppo,ppo,ReT_cd_sigmoid,resilience_index,1,v1,11,1,80011,1.0,0.02,0.0,108,1,0.7686676383018494,0.23133236169815063,0.0,0.3011583094641334,0.0
proof_increased,increased,ppo,ppo,ReT_cd_sigmoid,resilience_index,1,v1,11,1,80011,1.0,0.02,0.0,109,1,0.7677794098854065,0.2322206050157547,0.0,0.19370589601024715,0.0
proof_increased,increased,ppo,ppo,ReT_cd_sigmoid,resilience_index,1,v1,11,1,80011,1.0,0.02,0.0,110,1,0.768345296382904,0.23165467381477356,0.0,0.37271241796378946,0.0
proof_increased,increased,ppo,ppo,ReT_cd_sigmoid,resilience_index,1,v1,11,1,80011,1.0,0.02,0.0,111,1,0.7646219730377197,0.23537802696228027,0.0,0.24064951152208908,0.0
proof_increased,increased,ppo,ppo,ReT_cd_sigmoid,resilience_index,1,v1,11,1,80011,1.0,0.02,0.0,112,1,0.7595474123954773,0.2404526174068451,0.0,0.017158927214027456,0.0
proof_increased,increased,ppo,ppo,ReT_cd_sigmoid,resilience_index,1,v1,11,1,80011,1.0,0.02,0.0,113,1,0.7531557083129883,0.2468443214893341,0.0,6.230816981833886e-05,0.0
proof_increased,increased,ppo,ppo,ReT_cd_sigmoid,resilience_index,1,v1,11,1,80011,1.0,0.02,0.0,114,1,0.7510431408882141,0.24895688891410828,0.0,0.27340615700550247,0.0
proof_increased,increased,ppo,ppo,ReT_cd_sigmoid,resilience_index,1,v1,11,1,80011,1.0,0.02,0.0,115,1,0.7489655017852783,0.2510344684123993,0.0,6.2922285757033e-05,0.0
proof_increased,increased,ppo,ppo,ReT_cd_sigmoid,resilience_index,1,v1,11,1,80011,1.0,0.02,0.0,116,1,0.7482900023460388,0.2517099976539612,0.0,0.3525908998695468,0.0
proof_increased,increased,ppo,ppo,ReT_cd_sigmoid,resilience_index,1,v1,11,1,80011,1.0,0.02,0.0,117,1,0.7476255297660828,0.2523745000362396,0.0,0.3975082332155033,0.0
proof_increased,increased,ppo,ppo,ReT_cd_sigmoid,resilience_index,1,v1,11,1,80011,1.0,0.02,0.0,118,1,0.7496635317802429,0.2503364682197571,0.0,0.2950226392145641,0.0
proof_increased,increased,ppo,ppo,ReT_cd_sigmoid,resilience_index,1,v1,11,1,80011,1.0,0.02,0.0,119,1,0.7503337860107422,0.249666228890419,0.0,0.1958715907703241,0.0
proof_increased,increased,ppo,ppo,ReT_cd_sigmoid,resilience_index,1,v1,11,1,80011,1.0,0.02,0.0,120,1,0.748344361782074,0.251655638217926,0.0,0.19870637030527638,0.0
proof_increased,increased,ppo,ppo,ReT_cd_sigmoid,resilience_index,1,v1,11,1,80011,1.0,0.02,0.0,121,1,0.7490144371986389,0.2509855329990387,0.0,0.1860137361036116,0.0
proof_increased,increased,ppo,ppo,ReT_cd_sigmoid,resilience_index,1,v1,11,1,80011,1.0,0.02,0.0,122,1,0.7496740818023682,0.2503259479999542,0.0,0.43915897132500525,0.0
proof_increased,increased,ppo,ppo,ReT_cd_sigmoid,resilience_index,1,v1,11,1,80011,1.0,0.02,0.0,123,1,0.7516170740127563,0.24838292598724365,0.0,0.3749885090413306,0.0
proof_increased,increased,ppo,ppo,ReT_cd_sigmoid,resilience_index,1,v1,11,1,80011,1.0,0.02,0.0,124,1,0.7509627938270569,0.2490372210741043,0.0,0.4152347046313416,0.0
proof_increased,increased,ppo,ppo,ReT_cd_sigmoid,resilience_index,1,v1,11,1,80011,1.0,0.02,0.0,125,1,0.7503184676170349,0.2496815323829651,0.0,0.3995690188209944,0.0
proof_increased,increased,ppo,ppo,ReT_cd_sigmoid,resilience_index,1,v1,11,1,80011,1.0,0.02,0.0,126,1,0.7496839165687561,0.2503160536289215,0.0,0.3311865009782058,0.0
proof_increased,increased,ppo,ppo,ReT_cd_sigmoid,resilience_index,1,v1,11,1,80011,1.0,0.02,0.0,127,1,0.7478042840957642,0.2521957457065582,0.0,0.35102658610136567,0.0
proof_increased,increased,ppo,ppo,ReT_cd_sigmoid,resilience_index,1,v1,11,1,80011,1.0,0.02,0.0,128,1,0.7471979856491089,0.2528019845485687,0.0,0.20086354461253147,0.0
proof_increased,increased,ppo,ppo,ReT_cd_sigmoid,resilience_index,1,v1,11,1,80011,1.0,0.02,0.0,129,1,0.7453646659851074,0.25463536381721497,0.0,0.19868322605457658,0.0
proof_increased,increased,ppo,ppo,ReT_cd_sigmoid,resilience_index,1,v1,11,1,80011,1.0,0.02,0.0,130,1,0.7398772835731506,0.260122686624527,0.0,5.44332751968814e-05,0.0
proof_increased,increased,ppo,ppo,ReT_cd_sigmoid,resilience_index,1,v1,11,1,80011,1.0,0.02,0.0,131,1,0.7369062304496765,0.2630937993526459,0.0,0.1713072938827028,0.0
proof_increased,increased,ppo,ppo,ReT_cd_sigmoid,resilience_index,1,v1,11,1,80011,1.0,0.02,0.0,132,1,0.7303506731987,0.26964932680130005,0.0,5.650218045744597e-05,0.0
proof_increased,increased,ppo,ppo,ReT_cd_sigmoid,resilience_index,1,v1,11,1,80011,1.0,0.02,0.0,133,1,0.7262905240058899,0.2737094759941101,0.0,5.552059253202701e-05,0.0
proof_increased,increased,ppo,ppo,ReT_cd_sigmoid,resilience_index,1,v1,11,1,80011,1.0,0.02,0.0,134,1,0.7222884297370911,0.27771157026290894,0.0,0.017557496157304633,0.0
proof_increased,increased,ppo,ppo,ReT_cd_sigmoid,resilience_index,1,v1,11,1,80011,1.0,0.02,0.0,135,1,0.720710039138794,0.27928993105888367,0.0,6.173598326360609e-05,0.0
proof_increased,increased,ppo,ppo,ReT_cd_sigmoid,resilience_index,1,v1,11,1,80011,1.0,0.02,0.0,136,1,0.7191539406776428,0.2808460593223572,0.0,0.03054511503240461,0.0
proof_increased,increased,ppo,ppo,ReT_cd_sigmoid,resilience_index,1,v1,11,1,80011,1.0,0.02,0.0,137,1,0.7176195979118347,0.2823804020881653,0.0,6.013664864411072e-05,0.0
proof_increased,increased,ppo,ppo,ReT_cd_sigmoid,resilience_index,1,v1,11,1,80011,1.0,0.02,0.0,138,1,0.7161065936088562,0.2838934063911438,0.0,0.2706914536513312,0.0
proof_increased,increased,ppo,ppo,ReT_cd_sigmoid,resilience_index,1,v1,11,1,80011,1.0,0.02,0.0,139,1,0.716916024684906,0.2830840051174164,0.0,0.21501876104663492,0.0
proof_increased,increased,ppo,ppo,ReT_cd_sigmoid,resilience_index,1,v1,11,1,80011,1.0,0.02,0.0,140,1,0.7165714502334595,0.2834285795688629,0.0,0.2765934820708668,0.0
proof_increased,increased,ppo,ppo,ReT_cd_sigmoid,resilience_index,1,v1,11,1,80011,1.0,0.02,0.0,141,1,0.7185016870498657,0.2814982831478119,0.0,0.0186819830313283,0.0
proof_increased,increased,ppo,ppo,ReT_cd_sigmoid,resilience_index,1,v1,11,1,80011,1.0,0.02,0.0,142,1,0.7158963084220886,0.28410372138023376,0.0,0.3670185269468144,0.0
proof_increased,increased,ppo,ppo,ReT_cd_sigmoid,resilience_index,1,v1,11,1,80011,1.0,0.02,0.0,143,1,0.7110862135887146,0.2889137864112854,0.0,6.203864104263299e-05,0.0
proof_increased,increased,ppo,ppo,ReT_cd_sigmoid,resilience_index,1,v1,11,1,80011,1.0,0.02,0.0,144,1,0.7085650563240051,0.2914349138736725,0.0,0.29141033543541867,0.0
proof_increased,increased,ppo,ppo,ReT_cd_sigmoid,resilience_index,1,v1,11,1,80011,1.0,0.02,0.0,145,1,0.7116022109985352,0.28839778900146484,0.0,0.31140607639137297,0.0
proof_increased,increased,ppo,ppo,ReT_cd_sigmoid,resilience_index,1,v1,11,1,80011,1.0,0.02,0.0,146,1,0.7091108560562134,0.2908891439437866,0.0,6.26033418764911e-05,0.0
proof_increased,increased,ppo,ppo,ReT_cd_sigmoid,resilience_index,1,v1,11,1,80011,1.0,0.02,0.0,147,1,0.7099236845970154,0.290076345205307,0.0,0.35577649624296936,0.0
proof_increased,increased,ppo,ppo,ReT_cd_sigmoid,resilience_index,1,v1,11,1,80011,1.0,0.02,0.0,148,1,0.7096424698829651,0.2903575301170349,0.0,0.3548451921339399,0.0
proof_increased,increased,ppo,ppo,ReT_cd_sigmoid,resilience_index,1,v1,11,1,80011,1.0,0.02,0.0,149,1,0.7093648910522461,0.2906350791454315,0.0,0.3111198912599662,0.0
proof_increased,increased,ppo,ppo,ReT_cd_sigmoid,resilience_index,1,v1,11,1,80011,1.0,0.02,0.0,150,1,0.7090908885002136,0.290909081697464,0.0,0.3277782273946669,0.0
proof_increased,increased,ppo,ppo,ReT_cd_sigmoid,resilience_index,1,v1,11,1,80011,1.0,0.02,0.0,151,1,0.7098830938339233,0.29011690616607666,0.0,6.257709575295417e-05,0.0
proof_increased,increased,ppo,ppo,ReT_cd_sigmoid,resilience_index,1,v1,11,1,80011,1.0,0.02,0.0,152,1,0.7096092700958252,0.2903907001018524,0.0,0.33298309443753793,0.0
proof_increased,increased,ppo,ppo,ReT_cd_sigmoid,resilience_index,1,v1,11,1,80011,1.0,0.02,0.0,153,1,0.7103882431983948,0.2896117568016052,0.0,0.3514482506424377,0.0
proof_increased,increased,ppo,ppo,ReT_cd_sigmoid,resilience_index,1,v1,11,1,80011,1.0,0.02,0.0,154,1,0.7101147174835205,0.2898852825164795,0.0,0.3977862132203014,0.0
proof_increased,increased,ppo,ppo,ReT_cd_sigmoid,resilience_index,1,v1,11,1,80011,1.0,0.02,0.0,155,1,0.7108808159828186,0.2891191840171814,0.0,0.2899643788204822,0.0
proof_increased,increased,ppo,ppo,ReT_cd_sigmoid,resilience_index,1,v1,11,1,80011,1.0,0.02,0.0,156,1,0.7136971950531006,0.286302775144577,0.0,0.40066159993113976,0.0
proof_increased,increased,ppo,ppo,ReT_cd_sigmoid,resilience_index,1,v1,11,1,80011,1.0,0.02,0.0,157,1,0.7123848795890808,0.2876151502132416,0.0,0.2890842801846657,0.0
proof_increased,increased,ppo,ppo,ReT_cd_sigmoid,resilience_index,1,v1,11,1,80011,1.0,0.02,0.0,158,1,0.7121058106422424,0.28789418935775757,0.0,6.288115776628299e-05,0.0
proof_increased,increased,ppo,ppo,ReT_cd_sigmoid,resilience_index,1,v1,11,1,80011,1.0,0.02,0.0,159,1,0.712841272354126,0.2871587574481964,0.0,0.34894983037850735,0.0
proof_increased,increased,ppo,ppo,ReT_cd_sigmoid,resilience_index,1,v1,11,1,80011,1.0,0.02,0.0,160,1,0.7125627994537354,0.28743720054626465,0.0,0.19805820912661898,0.0
proof_increased,increased,ppo,ppo,ReT_cd_sigmoid,resilience_index,1,v1,11,1,80011,1.0,0.02,0.0,161,1,0.7122877240180969,0.2877122759819031,0.0,0.19825248942650667,0.0
proof_increased,increased,ppo,ppo,ReT_cd_sigmoid,resilience_index,1,v1,11,1,80011,1.0,0.02,0.0,162,1,0.7090367674827576,0.2909632623195648,0.0,5.884655593786787e-05,0.0
proof_increased,increased,ppo,ppo,ReT_cd_sigmoid,resilience_index,1,v1,11,1,80011,1.0,0.02,0.0,163,1,0.7097729444503784,0.2902270555496216,0.0,0.3461920915679371,0.0
proof_increased,increased,ppo,ppo,ReT_cd_sigmoid,resilience_index,1,v1,11,1,80011,1.0,0.02,0.0,164,1,0.708537757396698,0.2914622128009796,0.0,6.0452177290329834e-05,0.0
proof_increased,increased,ppo,ppo,ReT_cd_sigmoid,resilience_index,1,v1,11,1,80011,1.0,0.02,0.0,165,1,0.7082926630973816,0.291707307100296,0.0,0.1928062721837702,0.0
proof_increased,increased,ppo,ppo,ReT_cd_sigmoid,resilience_index,1,v1,11,1,80011,1.0,0.02,0.0,166,1,0.7061105966567993,0.29388943314552307,0.0,0.3445523128705905,0.0
proof_increased,increased,ppo,ppo,ReT_cd_sigmoid,resilience_index,1,v1,11,1,80011,1.0,0.02,0.0,167,1,0.7068466544151306,0.293153315782547,0.0,6.119675462164611e-05,0.0
proof_increased,increased,ppo,ppo,ReT_cd_sigmoid,resilience_index,1,v1,11,1,80011,1.0,0.02,0.0,168,1,0.7075743079185486,0.2924256920814514,0.0,0.3965011788656407,0.0
proof_increased,increased,ppo,ppo,ReT_cd_sigmoid,resilience_index,1,v1,11,1,80011,1.0,0.02,0.0,169,1,0.711153507232666,0.28884652256965637,0.0,0.31081832325203074,0.0
proof_increased,increased,ppo,ppo,ReT_cd_sigmoid,resilience_index,1,v1,11,1,80011,1.0,0.02,0.0,170,1,0.7109004855155945,0.2890995144844055,0.0,0.38048744956358627,0.0
proof_increased,increased,ppo,ppo,ReT_cd_sigmoid,resilience_index,1,v1,11,1,80011,1.0,0.02,0.0,171,1,0.7125353217124939,0.2874646484851837,0.0,0.3150821416305304,0.0
proof_increased,increased,ppo,ppo,ReT_cd_sigmoid,resilience_index,1,v1,11,1,80011,1.0,0.02,0.0,172,1,0.7085285782814026,0.2914714217185974,0.0,6.18512651017107e-05,0.0
proof_increased,increased,ppo,ppo,ReT_cd_sigmoid,resilience_index,1,v1,11,1,80011,1.0,0.02,0.0,173,1,0.7045666575431824,0.29543337225914,0.0,0.1728683305782164,0.0
proof_increased,increased,ppo,ppo,ReT_cd_sigmoid,resilience_index,1,v1,11,1,80011,1.0,0.02,0.0,174,1,0.7006487250328064,0.2993512451648712,0.0,5.820877970121255e-05,0.0
proof_increased,increased,ppo,ppo,ReT_cd_sigmoid,resilience_index,1,v1,11,1,80011,1.0,0.02,0.0,175,1,0.7004608511924744,0.299539178609848,0.0,0.28729638539241054,0.0
proof_increased,increased,ppo,ppo,ReT_cd_sigmoid,resilience_index,1,v1,11,1,80011,1.0,0.02,0.0,176,1,0.7030247449874878,0.2969752550125122,0.0,0.3549908069065993,0.0
proof_increased,increased,ppo,ppo,ReT_cd_sigmoid,resilience_index,1,v1,11,1,80011,1.0,0.02,0.0,177,1,0.704649031162262,0.29535096883773804,0.0,0.21935698778570184,0.0
proof_increased,increased,ppo,ppo,ReT_cd_sigmoid,resilience_index,1,v1,11,1,80011,1.0,0.02,0.0,178,1,0.703535795211792,0.2964641749858856,0.0,0.17855564973231375,0.0
proof_increased,increased,ppo,ppo,ReT_cd_sigmoid,resilience_index,1,v1,11,1,80011,1.0,0.02,0.0,179,1,0.7015329003334045,0.29846709966659546,0.0,0.010052912556212868,0.0
proof_increased,increased,ppo,ppo,ReT_cd_sigmoid,resilience_index,1,v1,11,1,80011,1.0,0.02,0.0,180,1,0.7004484534263611,0.2995515763759613,0.0,0.29246028696962156,0.0
proof_increased,increased,ppo,ppo,ReT_cd_sigmoid,resilience_index,1,v1,11,1,80011,1.0,0.02,0.0,181,1,0.7020517587661743,0.29794827103614807,0.0,0.39843347201568946,0.0
proof_increased,increased,ppo,ppo,ReT_cd_sigmoid,resilience_index,1,v1,11,1,80011,1.0,0.02,0.0,182,1,0.7027506828308105,0.29724934697151184,0.0,0.3533056030159402,0.0
proof_increased,increased,ppo,ppo,ReT_cd_sigmoid,resilience_index,1,v1,11,1,80011,1.0,0.02,0.0,183,1,0.7043247818946838,0.2956751883029938,0.0,0.43662465458945743,0.0
proof_increased,increased,ppo,ppo,ReT_cd_sigmoid,resilience_index,1,v1,11,1,80011,1.0,0.02,0.0,184,1,0.7023705244064331,0.2976295053958893,0.0,6.227722971306522e-05,0.0
proof_increased,increased,ppo,ppo,ReT_cd_sigmoid,resilience_index,1,v1,11,1,80011,1.0,0.02,0.0,185,1,0.7021834254264832,0.29781660437583923,0.0,0.35479383872816594,0.0
proof_increased,increased,ppo,ppo,ReT_cd_sigmoid,resilience_index,1,v1,11,1,80011,1.0,0.02,0.0,186,1,0.7028670907020569,0.2971329391002655,0.0,0.41809401166105326,0.0
proof_increased,increased,ppo,ppo,ReT_cd_sigmoid,resilience_index,1,v1,11,1,80011,1.0,0.02,0.0,187,1,0.7035436630249023,0.29645636677742004,0.0,0.31009538488474864,0.0
proof_increased,increased,ppo,ppo,ReT_cd_sigmoid,resilience_index,1,v1,11,1,80011,1.0,0.02,0.0,188,1,0.6999140381813049,0.30008599162101746,0.0,0.006489416104771545,0.0
proof_increased,increased,ppo,ppo,ReT_cd_sigmoid,resilience_index,1,v1,11,1,80011,1.0,0.02,0.0,189,1,0.699743390083313,0.3002566397190094,0.0,0.2849109668411984,0.0
proof_increased,increased,ppo,ppo,ReT_cd_sigmoid,resilience_index,1,v1,11,1,80011,1.0,0.02,0.0,190,1,0.7004255056381226,0.29957446455955505,0.0,0.20760737502394747,0.0
proof_increased,increased,ppo,ppo,ReT_cd_sigmoid,resilience_index,1,v1,11,1,80011,1.0,0.02,0.0,191,1,0.696867048740387,0.30313295125961304,0.0,0.20263938137093343,0.0
proof_increased,increased,ppo,ppo,ReT_cd_sigmoid,resilience_index,1,v1,11,1,80011,1.0,0.02,0.0,192,1,0.6983993053436279,0.3016006648540497,0.0,0.3471082341064382,0.0
proof_increased,increased,ppo,ppo,ReT_cd_sigmoid,resilience_index,1,v1,11,1,80011,1.0,0.02,0.0,193,1,0.6982397437095642,0.3017602562904358,0.0,0.33948306704052483,0.0
proof_increased,increased,ppo,ppo,ReT_cd_sigmoid,resilience_index,1,v1,11,1,80011,1.0,0.02,0.0,194,1,0.700583815574646,0.299416184425354,0.0,0.4321034010468551,0.0
proof_increased,increased,ppo,ppo,ReT_cd_sigmoid,resilience_index,1,v1,11,1,80011,1.0,0.02,0.0,195,1,0.6995850801467896,0.30041494965553284,0.0,0.3940298934258897,0.0
proof_increased,increased,ppo,ppo,ReT_cd_sigmoid,resilience_index,1,v1,11,1,80011,1.0,0.02,0.0,196,1,0.7018992304801941,0.2981007397174835,0.0,0.3771185642296507,0.0
proof_increased,increased,ppo,ppo,ReT_cd_sigmoid,resilience_index,1,v1,11,1,80011,1.0,0.02,0.0,197,1,0.7000821828842163,0.2999178171157837,0.0,0.196926662329945,0.0
proof_increased,increased,ppo,ppo,ReT_cd_sigmoid,resilience_index,1,v1,11,1,80011,1.0,0.02,0.0,198,1,0.696647584438324,0.303352415561676,0.0,6.0132731435976795e-05,0.0
proof_increased,increased,ppo,ppo,ReT_cd_sigmoid,resilience_index,1,v1,11,1,80011,1.0,0.02,0.0,199,1,0.6924328804016113,0.30756711959838867,0.0,0.03039159315987488,0.0
proof_increased,increased,ppo,ppo,ReT_cd_sigmoid,resilience_index,1,v1,11,1,80011,1.0,0.02,0.0,200,1,0.692307710647583,0.3076923191547394,0.0,0.019141154408113002,0.0
proof_increased,increased,ppo,ppo,ReT_cd_sigmoid,resilience_index,1,v1,11,1,80011,1.0,0.02,0.0,201,1,0.6937953233718872,0.3062046766281128,0.0,0.27059772061799914,0.0
proof_increased,increased,ppo,ppo,ReT_cd_sigmoid,resilience_index,1,v1,11,1,80011,1.0,0.02,0.0,202,1,0.6952686309814453,0.3047313690185547,0.0,6.196353665523576e-05,0.0
proof_increased,increased,ppo,ppo,ReT_cd_sigmoid,resilience_index,1,v1,11,1,80011,1.0,0.02,0.0,203,1,0.695929765701294,0.30407023429870605,0.0,0.33222602516922123,0.0
proof_increased,increased,ppo,ppo,ReT_cd_sigmoid,resilience_index,1,v1,11,1,80011,1.0,0.02,0.0,204,1,0.6981731653213501,0.3018268346786499,0.0,0.3097593641640837,0.0
proof_increased,increased,ppo,ppo,ReT_cd_sigmoid,resilience_index,1,v1,11,1,80011,1.0,0.02,0.0,205,1,0.6996047496795654,0.30039525032043457,0.0,0.3531416170471572,0.0
proof_increased,increased,ppo,ppo,ReT_cd_sigmoid,resilience_index,1,v1,11,1,80011,1.0,0.02,0.0,206,1,0.6986624598503113,0.3013375401496887,0.0,0.4145711978277942,0.0
proof_increased,increased,ppo,ppo,ReT_cd_sigmoid,resilience_index,1,v1,11,1,80011,1.0,0.02,0.0,207,1,0.7000783085823059,0.2999216914176941,0.0,0.3500495425634718,0.0
proof_increased,increased,ppo,ppo,ReT_cd_sigmoid,resilience_index,1,v1,11,1,80011,1.0,0.02,0.0,208,1,0.7007014751434326,0.2992985248565674,0.0,0.39933603239108645,0.0
proof_increased,increased,ppo,ppo,ReT_cd_sigmoid,resilience_index,1,v1,11,1,80011,1.0,0.02,0.0,209,1,0.7020946741104126,0.2979053556919098,0.0,6.267997656821482e-05,0.0
proof_increased,increased,ppo,ppo,ReT_cd_sigmoid,resilience_index,1,v1,11,1,80011,1.0,0.02,0.0,210,1,0.7027027010917664,0.29729729890823364,0.0,0.354258632427315,0.0
proof_increased,increased,ppo,ppo,ReT_cd_sigmoid,resilience_index,1,v1,11,1,80011,1.0,0.02,0.0,211,1,0.700230598449707,0.29976940155029297,0.0,0.33060841962790605,0.0
proof_increased,increased,ppo,ppo,ReT_cd_sigmoid,resilience_index,1,v1,11,1,80011,1.0,0.02,0.0,212,1,0.7008416056632996,0.29915836453437805,0.0,0.33432090302385303,0.0
proof_increased,increased,ppo,ppo,ReT_cd_sigmoid,resilience_index,1,v1,11,1,80011,1.0,0.02,0.0,213,1,0.700685441493988,0.29931455850601196,0.0,0.007646364930931873,0.0
proof_increased,increased,ppo,ppo,ReT_cd_sigmoid,resilience_index,1,v1,11,1,80011,1.0,0.02,0.0,214,1,0.698256254196167,0.301743745803833,0.0,6.225801331861952e-05,0.0
proof_increased,increased,ppo,ppo,ReT_cd_sigmoid,resilience_index,1,v1,11,1,80011,1.0,0.02,0.0,215,1,0.698867917060852,0.30113208293914795,0.0,0.2901441843793679,0.0
proof_increased,increased,ppo,ppo,ReT_cd_sigmoid,resilience_index,1,v1,11,1,80011,1.0,0.02,0.0,216,1,0.698722779750824,0.3012772500514984,0.0,0.30757525706266775,0.0
proof_increased,increased,ppo,ppo,ReT_cd_sigmoid,resilience_index,1,v1,11,1,80011,1.0,0.02,0.0,217,1,0.6993268728256226,0.30067315697669983,0.0,0.3523894290712324,0.0
proof_increased,increased,ppo,ppo,ReT_cd_sigmoid,resilience_index,1,v1,11,1,80011,1.0,0.02,0.0,218,1,0.6999255418777466,0.3000744581222534,0.0,0.4394920794402246,0.0
proof_increased,increased,ppo,ppo,ReT_cd_sigmoid,resilience_index,1,v1,11,1,80011,1.0,0.02,0.0,219,1,0.7012602090835571,0.29873982071876526,0.0,0.4702686830231416,0.0
proof_increased,increased,ppo,ppo,ReT_cd_sigmoid,resilience_index,1,v1,11,1,80011,1.0,0.02,0.0,220,1,0.7003690004348755,0.2996309995651245,0.0,0.20752868440172573,0.0
proof_increased,increased,ppo,ppo,ReT_cd_sigmoid,resilience_index,1,v1,11,1,80011,1.0,0.02,0.0,221,1,0.7016899585723877,0.2983100712299347,0.0,0.3782341109527967,0.0
proof_increased,increased,ppo,ppo,ReT_cd_sigmoid,resilience_index,1,v1,11,1,80011,1.0,0.02,0.0,222,1,0.7022677659988403,0.29773226380348206,0.0,0.3712182752167263,0.0
proof_increased,increased,ppo,ppo,ReT_cd_sigmoid,resilience_index,1,v1,11,1,80011,1.0,0.02,0.0,223,1,0.7021121382713318,0.2978878319263458,0.0,0.3494569519767707,0.0
proof_increased,increased,ppo,ppo,ReT_cd_sigmoid,resilience_index,1,v1,11,1,80011,1.0,0.02,0.0,224,1,0.7012327909469604,0.29876720905303955,0.0,0.1962963076713134,0.0
proof_increased,increased,ppo,ppo,ReT_cd_sigmoid,resilience_index,1,v1,11,1,80011,1.0,0.02,0.0,225,1,0.7025270462036133,0.29747292399406433,0.0,0.4258093393803304,0.0
proof_increased,increased,ppo,ppo,ReT_cd_sigmoid,resilience_index,1,v1,11,1,80011,1.0,0.02,0.0,226,1,0.7002156972885132,0.2997843325138092,0.0,0.28837804832431596,0.0
proof_increased,increased,ppo,ppo,ReT_cd_sigmoid,resilience_index,1,v1,11,1,80011,1.0,0.02,0.0,227,1,0.7022190690040588,0.29778096079826355,0.0,0.4001151542946015,0.0
proof_increased,increased,ppo,ppo,ReT_cd_sigmoid,resilience_index,1,v1,11,1,80011,1.0,0.02,0.0,228,1,0.7020670175552368,0.29793301224708557,0.0,0.37561369769363623,0.0
proof_increased,increased,ppo,ppo,ReT_cd_sigmoid,resilience_index,1,v1,11,1,80011,1.0,0.02,0.0,229,1,0.7004967927932739,0.2995032072067261,0.0,0.20011071391738655,0.0
proof_increased,increased,ppo,ppo,ReT_cd_sigmoid,resilience_index,1,v1,11,1,80011,1.0,0.02,0.0,230,1,0.7017667889595032,0.2982332110404968,0.0,0.3962546293121433,0.0
proof_increased,increased,ppo,ppo,ReT_cd_sigmoid,resilience_index,1,v1,11,1,80011,1.0,0.02,0.0,231,1,0.7023223042488098,0.2976776957511902,0.0,0.3157047152195924,0.0
proof_increased,increased,ppo,ppo,ReT_cd_sigmoid,resilience_index,1,v1,11,1,80011,1.0,0.02,0.0,232,1,0.7021723985671997,0.2978276014328003,0.0,0.2585807226657343,0.0
proof_increased,increased,ppo,ppo,ReT_cd_sigmoid,resilience_index,1,v1,11,1,80011,1.0,0.02,0.0,233,1,0.6999301910400391,0.30006977915763855,0.0,0.2141497721872341,0.0
proof_increased,increased,ppo,ppo,ReT_cd_sigmoid,resilience_index,1,v1,11,1,80011,1.0,0.02,0.0,234,1,0.6977067589759827,0.3022932708263397,0.0,6.205915867436835e-05,0.0
proof_increased,increased,ppo,ppo,ReT_cd_sigmoid,resilience_index,1,v1,11,1,80011,1.0,0.02,0.0,235,1,0.6968858242034912,0.3031141757965088,0.0,0.29244242914351876,0.0
proof_increased,increased,ppo,ppo,ReT_cd_sigmoid,resilience_index,1,v1,11,1,80011,1.0,0.02,0.0,236,1,0.6967608332633972,0.3032391369342804,0.0,0.19442651844174574,0.0
proof_increased,increased,ppo,ppo,ReT_cd_sigmoid,resilience_index,1,v1,11,1,80011,1.0,0.02,0.0,237,1,0.698695957660675,0.30130404233932495,0.0,0.3146395488569227,0.0
proof_increased,increased,ppo,ppo,ReT_cd_sigmoid,resilience_index,1,v1,11,1,80011,1.0,0.02,0.0,238,1,0.6985645890235901,0.3014354109764099,0.0,0.39973477599133994,0.0
proof_increased,increased,ppo,ppo,ReT_cd_sigmoid,resilience_index,1,v1,11,1,80011,1.0,0.02,0.0,239,1,0.6991150379180908,0.3008849620819092,0.0,0.3500654427311822,0.0
proof_increased,increased,ppo,ppo,ReT_cd_sigmoid,resilience_index,1,v1,11,1,80011,1.0,0.02,0.0,240,1,0.7003389596939087,0.2996610105037689,0.0,0.46506751509898453,0.0
proof_increased,increased,ppo,ppo,ReT_cd_sigmoid,resilience_index,1,v1,11,1,80011,1.0,0.02,0.0,241,1,0.7008777856826782,0.2991222143173218,0.0,0.2955248582115512,0.0
proof_increased,increased,ppo,ppo,ReT_cd_sigmoid,resilience_index,1,v1,11,1,80011,1.0,0.02,0.0,242,1,0.7014122605323792,0.29858776926994324,0.0,0.2876049775667628,0.0
proof_increased,increased,ppo,ppo,ReT_cd_sigmoid,resilience_index,1,v1,11,1,80011,1.0,0.02,0.0,243,1,0.7032819986343384,0.296718031167984,0.0,0.21722716228688307,0.0
proof_increased,increased,ppo,ppo,ReT_cd_sigmoid,resilience_index,1,v1,11,1,80011,1.0,0.02,0.0,244,1,0.7004669904708862,0.29953300952911377,0.0,0.019369996003194858,0.0
proof_increased,increased,ppo,ppo,ReT_cd_sigmoid,resilience_index,1,v1,11,1,80011,1.0,0.02,0.0,245,1,0.6970099806785583,0.30299001932144165,0.0,0.006213027354799663,0.0
proof_increased,increased,ppo,ppo,ReT_cd_sigmoid,resilience_index,1,v1,11,1,80011,1.0,0.02,0.0,246,1,0.6962276697158813,0.30377233028411865,0.0,6.233652183874032e-05,0.0
proof_increased,increased,ppo,ppo,ReT_cd_sigmoid,resilience_index,1,v1,11,1,80011,1.0,0.02,0.0,247,1,0.6967699527740479,0.30323004722595215,0.0,0.007080566826580939,0.0
proof_increased,increased,ppo,ppo,ReT_cd_sigmoid,resilience_index,1,v1,11,1,80011,1.0,0.02,0.0,248,1,0.6973079442977905,0.3026920557022095,0.0,0.3781668628833451,0.0
proof_increased,increased,ppo,ppo,ReT_cd_sigmoid,resilience_index,1,v1,11,1,80011,1.0,0.02,0.0,249,1,0.6991497874259949,0.3008502423763275,0.0,0.017547543546505485,0.0
proof_increased,increased,ppo,ppo,ReT_cd_sigmoid,resilience_index,1,v1,11,1,80011,1.0,0.02,0.0,250,1,0.6996742486953735,0.3003257215023041,0.0,0.3720165549781247,0.0
proof_increased,increased,ppo,ppo,ReT_cd_sigmoid,resilience_index,1,v1,11,1,80011,1.0,0.02,0.0,251,1,0.7014925479888916,0.2985074520111084,0.0,0.3052427700221706,0.0
proof_increased,increased,ppo,ppo,ReT_cd_sigmoid,resilience_index,1,v1,11,1,80011,1.0,0.02,0.0,252,1,0.7013574838638306,0.2986425459384918,0.0,0.4112031231514291,0.0
proof_increased,increased,ppo,ppo,ReT_cd_sigmoid,resilience_index,1,v1,11,1,80011,1.0,0.02,0.0,253,1,0.7025112509727478,0.2974887192249298,0.0,0.35885771298320496,0.0
proof_increased,increased,ppo,ppo,ReT_cd_sigmoid,resilience_index,1,v1,11,1,80011,1.0,0.02,0.0,254,1,0.6998075842857361,0.3001924455165863,0.0,5.962942654178328e-05,0.0
proof_increased,increased,ppo,ppo,ReT_cd_sigmoid,resilience_index,1,v1,11,1,80011,1.0,0.02,0.0,255,1,0.6977635622024536,0.302236407995224,0.0,0.20399376349375173,0.0
proof_increased,increased,ppo,ppo,ReT_cd_sigmoid,resilience_index,1,v1,11,1,80011,1.0,0.02,0.0,256,1,0.6970082521438599,0.30299171805381775,0.0,0.2024751911766783,0.0
proof_increased,increased,ppo,ppo,ReT_cd_sigmoid,resilience_index,1,v1,11,1,80011,1.0,0.02,0.0,257,1,0.6981610655784607,0.3018389344215393,0.0,0.21975504480412095,0.0
proof_increased,increased,ppo,ppo,ReT_cd_sigmoid,resilience_index,1,v1,11,1,80011,1.0,0.02,0.0,258,1,0.6999368071556091,0.3000631630420685,0.0,0.4447297047987919,0.0
proof_increased,increased,ppo,ppo,ReT_cd_sigmoid,resilience_index,1,v1,11,1,80011,1.0,0.02,0.0,259,1,0.6998112201690674,0.300188809633255,0.0,0.37643980575242403,0.0
proof_increased,increased,static_s2,ppo,ReT_cd_sigmoid,resilience_index,1,v1,11,1,80011,1.0,0.02,0.0,0,2,0.02857142873108387,0.9714285731315613,0.0,0.0032500652261449954,0.0
proof_increased,increased,static_s2,ppo,ReT_cd_sigmoid,resilience_index,1,v1,11,1,80011,1.0,0.02,0.0,1,2,0.024390242993831635,0.9756097793579102,0.0,0.003372252050184457,0.0
proof_increased,increased,static_s2,ppo,ReT_cd_sigmoid,resilience_index,1,v1,11,1,80011,1.0,0.02,0.0,2,2,0.042553190141916275,0.957446813583374,0.0,0.028264431932858144,0.0
proof_increased,increased,static_s2,ppo,ReT_cd_sigmoid,resilience_index,1,v1,11,1,80011,1.0,0.02,0.0,3,2,0.09433962404727936,0.9056603908538818,0.0,0.011115853806020886,0.0
proof_increased,increased,static_s2,ppo,ReT_cd_sigmoid,resilience_index,1,v1,11,1,80011,1.0,0.02,0.0,4,2,0.11864406615495682,0.8813559412956238,0.0,0.19363991887095355,0.0
proof_increased,increased,static_s2,ppo,ReT_cd_sigmoid,resilience_index,1,v1,11,1,80011,1.0,0.02,0.0,5,2,0.1230769231915474,0.8769230842590332,0.0,0.19972473682897093,0.0
proof_increased,increased,static_s2,ppo,ReT_cd_sigmoid,resilience_index,1,v1,11,1,80011,1.0,0.02,0.0,6,2,0.14084507524967194,0.8591549396514893,0.0,0.025134504691833898,0.0
proof_increased,increased,static_s2,ppo,ReT_cd_sigmoid,resilience_index,1,v1,11,1,80011,1.0,0.02,0.0,7,2,0.1818181872367859,0.8181818127632141,0.0,0.005814067188600018,0.0
proof_increased,increased,static_s2,ppo,ReT_cd_sigmoid,resilience_index,1,v1,11,1,80011,1.0,0.02,0.0,8,2,0.22891566157341003,0.7710843086242676,0.0,0.3305183956927743,0.0
proof_increased,increased,static_s2,ppo,ReT_cd_sigmoid,resilience_index,1,v1,11,1,80011,1.0,0.02,0.0,9,2,0.2921348214149475,0.7078651785850525,0.0,6.16753982852176e-05,0.0
proof_increased,increased,static_s2,ppo,ReT_cd_sigmoid,resilience_index,1,v1,11,1,80011,1.0,0.02,0.0,10,2,0.35789474844932556,0.6421052813529968,0.0,0.291929046431346,0.0
proof_increased,increased,static_s2,ppo,ReT_cd_sigmoid,resilience_index,1,v1,11,1,80011,1.0,0.02,0.0,11,2,0.39603960514068604,0.603960394859314,0.0,0.015985584133912618,0.0
proof_increased,increased,static_s2,ppo,ReT_cd_sigmoid,resilience_index,1,v1,11,1,80011,1.0,0.02,0.0,12,2,0.4112149477005005,0.5887850522994995,0.0,0.3782274345741243,0.0
proof_increased,increased,static_s2,ppo,ReT_cd_sigmoid,resilience_index,1,v1,11,1,80011,1.0,0.02,0.0,13,2,0.4336283206939697,0.5663716793060303,0.0,0.32800309736258215,0.0
proof_increased,increased,static_s2,ppo,ReT_cd_sigmoid,resilience_index,1,v1,11,1,80011,1.0,0.02,0.0,14,2,0.42016807198524475,0.5798319578170776,0.0,0.1932243346264776,0.0
proof_increased,increased,static_s2,ppo,ReT_cd_sigmoid,resilience_index,1,v1,11,1,80011,1.0,0.02,0.0,15,2,0.41600000858306885,0.5839999914169312,0.0,0.29297598116970575,0.0
proof_increased,increased,static_s2,ppo,ReT_cd_sigmoid,resilience_index,1,v1,11,1,80011,1.0,0.02,0.0,16,2,0.4351145029067993,0.5648854970932007,0.0,0.21631006916116577,0.0
proof_increased,increased,static_s2,ppo,ReT_cd_sigmoid,resilience_index,1,v1,11,1,80011,1.0,0.02,0.0,17,2,0.45255473256111145,0.5474452376365662,0.0,6.269004577916176e-05,0.0
proof_increased,increased,static_s2,ppo,ReT_cd_sigmoid,resilience_index,1,v1,11,1,80011,1.0,0.02,0.0,18,2,0.4615384638309479,0.5384615659713745,0.0,0.3467732355398618,0.0
proof_increased,increased,static_s2,ppo,ReT_cd_sigmoid,resilience_index,1,v1,11,1,80011,1.0,0.02,0.0,19,2,0.48322147130966187,0.5167785286903381,0.0,0.3299364833164335,0.0
proof_increased,increased,static_s2,ppo,ReT_cd_sigmoid,resilience_index,1,v1,11,1,80011,1.0,0.02,0.0,20,2,0.5096774101257324,0.4903225898742676,0.0,0.41294502166171737,0.0
proof_increased,increased,static_s2,ppo,ReT_cd_sigmoid,resilience_index,1,v1,11,1,80011,1.0,0.02,0.0,21,2,0.5341615080833435,0.4658385217189789,0.0,0.41925273663435236,0.0
proof_increased,increased,static_s2,ppo,ReT_cd_sigmoid,resilience_index,1,v1,11,1,80011,1.0,0.02,0.0,22,2,0.544910192489624,0.455089807510376,0.0,0.43188497149146576,0.0
proof_increased,increased,static_s2,ppo,ReT_cd_sigmoid,resilience_index,1,v1,11,1,80011,1.0,0.02,0.0,23,2,0.560693621635437,0.4393063485622406,0.0,0.3957639655561564,0.0
proof_increased,increased,static_s2,ppo,ReT_cd_sigmoid,resilience_index,1,v1,11,1,80011,1.0,0.02,0.0,24,2,0.5698323845863342,0.4301675856113434,0.0,0.21763793399377643,0.0
proof_increased,increased,static_s2,ppo,ReT_cd_sigmoid,resilience_index,1,v1,11,1,80011,1.0,0.02,0.0,25,2,0.5837838053703308,0.4162162244319916,0.0,0.4588318328896523,0.0
proof_increased,increased,static_s2,ppo,ReT_cd_sigmoid,resilience_index,1,v1,11,1,80011,1.0,0.02,0.0,26,2,0.5916230082511902,0.4083769619464874,0.0,0.37145952786269504,0.0
proof_increased,increased,static_s2,ppo,ReT_cd_sigmoid,resilience_index,1,v1,11,1,80011,1.0,0.02,0.0,27,2,0.6040608882904053,0.39593908190727234,0.0,0.35038196731888827,0.0
proof_increased,increased,static_s2,ppo,ReT_cd_sigmoid,resilience_index,1,v1,11,1,80011,1.0,0.02,0.0,28,2,0.6206896305084229,0.37931033968925476,0.0,0.4681250092311027,0.0
proof_increased,increased,static_s2,ppo,ReT_cd_sigmoid,resilience_index,1,v1,11,1,80011,1.0,0.02,0.0,29,2,0.6267942786216736,0.3732057511806488,0.0,0.39930139338715004,0.0
proof_increased,increased,static_s2,ppo,ReT_cd_sigmoid,resilience_index,1,v1,11,1,80011,1.0,0.02,0.0,30,2,0.6418604850769043,0.3581395447254181,0.0,0.43800013632335727,0.0
proof_increased,increased,static_s2,ppo,ReT_cd_sigmoid,resilience_index,1,v1,11,1,80011,1.0,0.02,0.0,31,2,0.651583731174469,0.3484162986278534,0.0,0.4691385308698259,0.0
proof_increased,increased,static_s2,ppo,ReT_cd_sigmoid,resilience_index,1,v1,11,1,80011,1.0,0.02,0.0,32,2,0.6607929468154907,0.3392070531845093,0.0,0.2079763339882577,0.0
proof_increased,increased,static_s2,ppo,ReT_cd_sigmoid,resilience_index,1,v1,11,1,80011,1.0,0.02,0.0,33,2,0.6566523313522339,0.3433476388454437,0.0,0.2825827683521104,0.0
proof_increased,increased,static_s2,ppo,ReT_cd_sigmoid,resilience_index,1,v1,11,1,80011,1.0,0.02,0.0,34,2,0.6569037437438965,0.34309622645378113,0.0,0.027308750011466383,0.0
proof_increased,increased,static_s2,ppo,ReT_cd_sigmoid,resilience_index,1,v1,11,1,80011,1.0,0.02,0.0,35,2,0.6612244844436646,0.33877551555633545,0.0,0.2802403894046004,0.0
proof_increased,increased,static_s2,ppo,ReT_cd_sigmoid,resilience_index,1,v1,11,1,80011,1.0,0.02,0.0,36,2,0.6733067631721497,0.32669323682785034,0.0,0.28694985701120307,0.0
proof_increased,increased,static_s2,ppo,ReT_cd_sigmoid,resilience_index,1,v1,11,1,80011,1.0,0.02,0.0,37,2,0.6770427823066711,0.32295718789100647,0.0,0.4459206758331911,0.0
proof_increased,increased,static_s2,ppo,ReT_cd_sigmoid,resilience_index,1,v1,11,1,80011,1.0,0.02,0.0,38,2,0.6768060922622681,0.32319390773773193,0.0,6.254137314980357e-05,0.0
proof_increased,increased,static_s2,ppo,ReT_cd_sigmoid,resilience_index,1,v1,11,1,80011,1.0,0.02,0.0,39,2,0.6728624701499939,0.3271375596523285,0.0,0.2880569556566901,0.0
proof_increased,increased,static_s2,ppo,ReT_cd_sigmoid,resilience_index,1,v1,11,1,80011,1.0,0.02,0.0,40,2,0.6618182063102722,0.33818182349205017,0.0,0.2873092291992924,0.0
proof_increased,increased,static_s2,ppo,ReT_cd_sigmoid,resilience_index,1,v1,11,1,80011,1.0,0.02,0.0,41,2,0.6476868391036987,0.35231316089630127,0.0,6.0584056166089007e-05,0.0
proof_increased,increased,static_s2,ppo,ReT_cd_sigmoid,resilience_index,1,v1,11,1,80011,1.0,0.02,0.0,42,2,0.6341463327407837,0.3658536672592163,0.0,6.0915419283822914e-05,0.0
proof_increased,increased,static_s2,ppo,ReT_cd_sigmoid,resilience_index,1,v1,11,1,80011,1.0,0.02,0.0,43,2,0.6279863715171814,0.372013658285141,0.0,6.195898372221742e-05,0.0
proof_increased,increased,static_s2,ppo,ReT_cd_sigmoid,resilience_index,1,v1,11,1,80011,1.0,0.02,0.0,44,2,0.6254180669784546,0.3745819330215454,0.0,0.01499438469005669,0.0
proof_increased,increased,static_s2,ppo,ReT_cd_sigmoid,resilience_index,1,v1,11,1,80011,1.0,0.02,0.0,45,2,0.6360656023025513,0.3639344274997711,0.0,0.2900245342987747,0.0
proof_increased,increased,static_s2,ppo,ReT_cd_sigmoid,resilience_index,1,v1,11,1,80011,1.0,0.02,0.0,46,2,0.6430867910385132,0.35691317915916443,0.0,0.2900636561645416,0.0
proof_increased,increased,static_s2,ppo,ReT_cd_sigmoid,resilience_index,1,v1,11,1,80011,1.0,0.02,0.0,47,2,0.6498422622680664,0.3501577377319336,0.0,0.39284157744668435,0.0
proof_increased,increased,static_s2,ppo,ReT_cd_sigmoid,resilience_index,1,v1,11,1,80011,1.0,0.02,0.0,48,2,0.6563467383384705,0.34365326166152954,0.0,0.18414487208963426,0.0
proof_increased,increased,static_s2,ppo,ReT_cd_sigmoid,resilience_index,1,v1,11,1,80011,1.0,0.02,0.0,49,2,0.6565349698066711,0.34346505999565125,0.0,0.2808264389862595,0.0
proof_increased,increased,static_s2,ppo,ReT_cd_sigmoid,resilience_index,1,v1,11,1,80011,1.0,0.02,0.0,50,2,0.6447761058807373,0.3552238941192627,0.0,0.011748214352919558,0.0
proof_increased,increased,static_s2,ppo,ReT_cd_sigmoid,resilience_index,1,v1,11,1,80011,1.0,0.02,0.0,51,2,0.6422287225723267,0.35777124762535095,0.0,0.2892925123197329,0.0
proof_increased,increased,static_s2,ppo,ReT_cd_sigmoid,resilience_index,1,v1,11,1,80011,1.0,0.02,0.0,52,2,0.6455331444740295,0.35446685552597046,0.0,0.1975468559502971,0.0
proof_increased,increased,static_s2,ppo,ReT_cd_sigmoid,resilience_index,1,v1,11,1,80011,1.0,0.02,0.0,53,2,0.6543909311294556,0.34560906887054443,0.0,0.28072324023277007,0.0
proof_increased,increased,static_s2,ppo,ReT_cd_sigmoid,resilience_index,1,v1,11,1,80011,1.0,0.02,0.0,54,2,0.6601671576499939,0.3398328721523285,0.0,0.35030204336704523,0.0
proof_increased,increased,static_s2,ppo,ReT_cd_sigmoid,resilience_index,1,v1,11,1,80011,1.0,0.02,0.0,55,2,0.6602739691734314,0.3397260308265686,0.0,0.2119355587147409,0.0
proof_increased,increased,static_s2,ppo,ReT_cd_sigmoid,resilience_index,1,v1,11,1,80011,1.0,0.02,0.0,56,2,0.6522911190986633,0.34770888090133667,0.0,0.19386361030048163,0.0
proof_increased,increased,static_s2,ppo,ReT_cd_sigmoid,resilience_index,1,v1,11,1,80011,1.0,0.02,0.0,57,2,0.6445623636245728,0.35543766617774963,0.0,6.181229276714006e-05,0.0
proof_increased,increased,static_s2,ppo,ReT_cd_sigmoid,resilience_index,1,v1,11,1,80011,1.0,0.02,0.0,58,2,0.6396867036819458,0.3603133261203766,0.0,0.0372866465298779,0.0
proof_increased,increased,static_s2,ppo,ReT_cd_sigmoid,resilience_index,1,v1,11,1,80011,1.0,0.02,0.0,59,2,0.647814929485321,0.35218510031700134,0.0,6.292282786425316e-05,0.0
proof_increased,increased,static_s2,ppo,ReT_cd_sigmoid,resilience_index,1,v1,11,1,80011,1.0,0.02,0.0,60,2,0.648101270198822,0.351898729801178,0.0,0.3366970115847588,0.0
proof_increased,increased,static_s2,ppo,ReT_cd_sigmoid,resilience_index,1,v1,11,1,80011,1.0,0.02,0.0,61,2,0.6558603644371033,0.3441396653652191,0.0,0.3735978444440557,0.0
proof_increased,increased,static_s2,ppo,ReT_cd_sigmoid,resilience_index,1,v1,11,1,80011,1.0,0.02,0.0,62,2,0.6584766507148743,0.34152334928512573,0.0,0.41359160243521526,0.0
proof_increased,increased,static_s2,ppo,ReT_cd_sigmoid,resilience_index,1,v1,11,1,80011,1.0,0.02,0.0,63,2,0.6537530422210693,0.34624698758125305,0.0,0.18604009242283417,0.0
proof_increased,increased,static_s2,ppo,ReT_cd_sigmoid,resilience_index,1,v1,11,1,80011,1.0,0.02,0.0,64,2,0.6587111949920654,0.3412887752056122,0.0,0.3986565227678564,0.0
proof_increased,increased,static_s2,ppo,ReT_cd_sigmoid,resilience_index,1,v1,11,1,80011,1.0,0.02,0.0,65,2,0.6635293960571289,0.3364705741405487,0.0,0.4633945482654233,0.0
proof_increased,increased,static_s2,ppo,ReT_cd_sigmoid,resilience_index,1,v1,11,1,80011,1.0,0.02,0.0,66,2,0.6682134866714478,0.33178654313087463,0.0,0.4488002446665073,0.0
proof_increased,increased,static_s2,ppo,ReT_cd_sigmoid,resilience_index,1,v1,11,1,80011,1.0,0.02,0.0,67,2,0.6727688908576965,0.32723110914230347,0.0,0.4029092714286491,0.0
proof_increased,increased,static_s2,ppo,ReT_cd_sigmoid,resilience_index,1,v1,11,1,80011,1.0,0.02,0.0,68,2,0.6749435663223267,0.32505643367767334,0.0,0.286129652685967,0.0
proof_increased,increased,static_s2,ppo,ReT_cd_sigmoid,resilience_index,1,v1,11,1,80011,1.0,0.02,0.0,69,2,0.6770601272583008,0.3229398727416992,0.0,0.20087397552353956,0.0
proof_increased,increased,static_s2,ppo,ReT_cd_sigmoid,resilience_index,1,v1,11,1,80011,1.0,0.02,0.0,70,2,0.6813187003135681,0.3186813294887543,0.0,0.43723131355763645,0.0
proof_increased,increased,static_s2,ppo,ReT_cd_sigmoid,resilience_index,1,v1,11,1,80011,1.0,0.02,0.0,71,2,0.6898047924041748,0.3101952373981476,0.0,0.42625635164683773,0.0
proof_increased,increased,static_s2,ppo,ReT_cd_sigmoid,resilience_index,1,v1,11,1,80011,1.0,0.02,0.0,72,2,0.6916488409042358,0.30835118889808655,0.0,0.37813585818234646,0.0
proof_increased,increased,static_s2,ppo,ReT_cd_sigmoid,resilience_index,1,v1,11,1,80011,1.0,0.02,0.0,73,2,0.6913319230079651,0.3086680769920349,0.0,0.28473318791421315,0.0
proof_increased,increased,static_s2,ppo,ReT_cd_sigmoid,resilience_index,1,v1,11,1,80011,1.0,0.02,0.0,74,2,0.6889352798461914,0.3110647201538086,0.0,0.2570027434753143,0.0
proof_increased,increased,static_s2,ppo,ReT_cd_sigmoid,resilience_index,1,v1,11,1,80011,1.0,0.02,0.0,75,2,0.6948453783988953,0.3051546514034271,0.0,0.2944178487514557,0.0
proof_increased,increased,static_s2,ppo,ReT_cd_sigmoid,resilience_index,1,v1,11,1,80011,1.0,0.02,0.0,76,2,0.7006109952926636,0.2993890047073364,0.0,0.4327920820275989,0.0
proof_increased,increased,static_s2,ppo,ReT_cd_sigmoid,resilience_index,1,v1,11,1,80011,1.0,0.02,0.0,77,2,0.7022132873535156,0.2977867126464844,0.0,0.26676744470785785,0.0
proof_increased,increased,static_s2,ppo,ReT_cd_sigmoid,resilience_index,1,v1,11,1,80011,1.0,0.02,0.0,78,2,0.7037773132324219,0.29622265696525574,0.0,0.3802214264329403,0.0
proof_increased,increased,static_s2,ppo,ReT_cd_sigmoid,resilience_index,1,v1,11,1,80011,1.0,0.02,0.0,79,2,0.7033398747444153,0.2966601252555847,0.0,0.4085040719740369,0.0
proof_increased,increased,static_s2,ppo,ReT_cd_sigmoid,resilience_index,1,v1,11,1,80011,1.0,0.02,0.0,80,2,0.6951456069946289,0.3048543632030487,0.0,0.27226238185281737,0.0
proof_increased,increased,static_s2,ppo,ReT_cd_sigmoid,resilience_index,1,v1,11,1,80011,1.0,0.02,0.0,81,2,0.6890594959259033,0.3109405040740967,0.0,6.266386528088733e-05,0.0
proof_increased,increased,static_s2,ppo,ReT_cd_sigmoid,resilience_index,1,v1,11,1,80011,1.0,0.02,0.0,82,2,0.688804566860199,0.311195433139801,0.0,0.18512470453386914,0.0
proof_increased,increased,static_s2,ppo,ReT_cd_sigmoid,resilience_index,1,v1,11,1,80011,1.0,0.02,0.0,83,2,0.696060061454773,0.30393996834754944,0.0,0.21936199157703568,0.0
proof_increased,increased,static_s2,ppo,ReT_cd_sigmoid,resilience_index,1,v1,11,1,80011,1.0,0.02,0.0,84,2,0.6994433999061584,0.30055660009384155,0.0,0.3494901058211571,0.0
proof_increased,increased,static_s2,ppo,ReT_cd_sigmoid,resilience_index,1,v1,11,1,80011,1.0,0.02,0.0,85,2,0.7009174227714539,0.29908257722854614,0.0,0.4479293135745817,0.0
proof_increased,increased,static_s2,ppo,ReT_cd_sigmoid,resilience_index,1,v1,11,1,80011,1.0,0.02,0.0,86,2,0.7023593187332153,0.2976406514644623,0.0,0.42313432188835076,0.0
proof_increased,increased,static_s2,ppo,ReT_cd_sigmoid,resilience_index,1,v1,11,1,80011,1.0,0.02,0.0,87,2,0.6983842253684998,0.30161580443382263,0.0,0.3498794021859882,0.0
proof_increased,increased,static_s2,ppo,ReT_cd_sigmoid,resilience_index,1,v1,11,1,80011,1.0,0.02,0.0,88,2,0.701598584651947,0.298401415348053,0.0,0.3614641813468106,0.0
proof_increased,increased,static_s2,ppo,ReT_cd_sigmoid,resilience_index,1,v1,11,1,80011,1.0,0.02,0.0,89,2,0.7047451734542847,0.29525482654571533,0.0,0.4727276935013146,0.0
proof_increased,increased,static_s2,ppo,ReT_cd_sigmoid,resilience_index,1,v1,11,1,80011,1.0,0.02,0.0,90,2,0.7060869336128235,0.2939130365848541,0.0,0.3081545861444062,0.0
proof_increased,increased,static_s2,ppo,ReT_cd_sigmoid,resilience_index,1,v1,11,1,80011,1.0,0.02,0.0,91,2,0.7091221809387207,0.2908777892589569,0.0,0.43941131459761484,0.0
proof_increased,increased,static_s2,ppo,ReT_cd_sigmoid,resilience_index,1,v1,11,1,80011,1.0,0.02,0.0,92,2,0.7103918194770813,0.2896081805229187,0.0,0.3520250200151891,0.0
proof_increased,increased,static_s2,ppo,ReT_cd_sigmoid,resilience_index,1,v1,11,1,80011,1.0,0.02,0.0,93,2,0.713322103023529,0.28667789697647095,0.0,0.47069590328940747,0.0
proof_increased,increased,static_s2,ppo,ReT_cd_sigmoid,resilience_index,1,v1,11,1,80011,1.0,0.02,0.0,94,2,0.716193675994873,0.28380635380744934,0.0,6.229203346282602e-05,0.0
proof_increased,increased,static_s2,ppo,ReT_cd_sigmoid,resilience_index,1,v1,11,1,80011,1.0,0.02,0.0,95,2,0.7173553705215454,0.2826446294784546,0.0,0.41773238967041765,0.0
proof_increased,increased,static_s2,ppo,ReT_cd_sigmoid,resilience_index,1,v1,11,1,80011,1.0,0.02,0.0,96,2,0.7168576121330261,0.2831423878669739,0.0,0.028445861931023303,0.0
proof_increased,increased,static_s2,ppo,ReT_cd_sigmoid,resilience_index,1,v1,11,1,80011,1.0,0.02,0.0,97,2,0.7228525280952454,0.277147501707077,0.0,0.4982003574495617,0.0
proof_increased,increased,static_s2,ppo,ReT_cd_sigmoid,resilience_index,1,v1,11,1,80011,1.0,0.02,0.0,98,2,0.7239165306091309,0.27608346939086914,0.0,0.43271293454777243,0.0
proof_increased,increased,static_s2,ppo,ReT_cd_sigmoid,resilience_index,1,v1,11,1,80011,1.0,0.02,0.0,99,2,0.7265501022338867,0.27344992756843567,0.0,0.41325207109027223,0.0
proof_increased,increased,static_s2,ppo,ReT_cd_sigmoid,resilience_index,1,v1,11,1,80011,1.0,0.02,0.0,100,2,0.7291338443756104,0.27086615562438965,0.0,0.20544140783260015,0.0
proof_increased,increased,static_s2,ppo,ReT_cd_sigmoid,resilience_index,1,v1,11,1,80011,1.0,0.02,0.0,101,2,0.7316692471504211,0.26833072304725647,0.0,0.43814967439472463,0.0
proof_increased,increased,static_s2,ppo,ReT_cd_sigmoid,resilience_index,1,v1,11,1,80011,1.0,0.02,0.0,102,2,0.7341576218605042,0.26584234833717346,0.0,0.394886737478857,0.0
proof_increased,increased,static_s2,ppo,ReT_cd_sigmoid,resilience_index,1,v1,11,1,80011,1.0,0.02,0.0,103,2,0.7381317019462585,0.26186829805374146,0.0,0.4316440342834411,0.0
proof_increased,increased,static_s2,ppo,ReT_cd_sigmoid,resilience_index,1,v1,11,1,80011,1.0,0.02,0.0,104,2,0.7420333623886108,0.2579666078090668,0.0,0.37310046448473944,0.0
proof_increased,increased,static_s2,ppo,ReT_cd_sigmoid,resilience_index,1,v1,11,1,80011,1.0,0.02,0.0,105,2,0.7443609237670898,0.25563910603523254,0.0,0.3939578624044365,0.0
proof_increased,increased,static_s2,ppo,ReT_cd_sigmoid,resilience_index,1,v1,11,1,80011,1.0,0.02,0.0,106,2,0.745156466960907,0.25484350323677063,0.0,0.3480154092602498,0.0
proof_increased,increased,static_s2,ppo,ReT_cd_sigmoid,resilience_index,1,v1,11,1,80011,1.0,0.02,0.0,107,2,0.7474150657653809,0.25258493423461914,0.0,0.3939245436086558,0.0
proof_increased,increased,static_s2,ppo,ReT_cd_sigmoid,resilience_index,1,v1,11,1,80011,1.0,0.02,0.0,108,2,0.7481698393821716,0.25183016061782837,0.0,0.4149190523275773,0.0
proof_increased,increased,static_s2,ppo,ReT_cd_sigmoid,resilience_index,1,v1,11,1,80011,1.0,0.02,0.0,109,2,0.748911440372467,0.25108852982521057,0.0,0.43512505476370344,0.0
proof_increased,increased,static_s2,ppo,ReT_cd_sigmoid,resilience_index,1,v1,11,1,80011,1.0,0.02,0.0,110,2,0.7453237175941467,0.2546762526035309,0.0,0.1969747586098164,0.0
proof_increased,increased,static_s2,ppo,ReT_cd_sigmoid,resilience_index,1,v1,11,1,80011,1.0,0.02,0.0,111,2,0.7460770606994629,0.2539229691028595,0.0,0.20541285101913126,0.0
proof_increased,increased,static_s2,ppo,ReT_cd_sigmoid,resilience_index,1,v1,11,1,80011,1.0,0.02,0.0,112,2,0.7482319474220276,0.25176802277565,0.0,0.43640257499738505,0.0
proof_increased,increased,static_s2,ppo,ReT_cd_sigmoid,resilience_index,1,v1,11,1,80011,1.0,0.02,0.0,113,2,0.747545599937439,0.2524544298648834,0.0,0.32890113765084733,0.0
proof_increased,increased,static_s2,ppo,ReT_cd_sigmoid,resilience_index,1,v1,11,1,80011,1.0,0.02,0.0,114,2,0.7482614517211914,0.2517385184764862,0.0,0.3298913185614306,0.0
proof_increased,increased,static_s2,ppo,ReT_cd_sigmoid,resilience_index,1,v1,11,1,80011,1.0,0.02,0.0,115,2,0.751724123954773,0.24827586114406586,0.0,0.47100819205606487,0.0
proof_increased,increased,static_s2,ppo,ReT_cd_sigmoid,resilience_index,1,v1,11,1,80011,1.0,0.02,0.0,116,2,0.7523939609527588,0.24760602414608002,0.0,0.4016624556295985,0.0
proof_increased,increased,static_s2,ppo,ReT_cd_sigmoid,resilience_index,1,v1,11,1,80011,1.0,0.02,0.0,117,2,0.7544097900390625,0.2455902248620987,0.0,0.4135591358572446,0.0
proof_increased,increased,static_s2,ppo,ReT_cd_sigmoid,resilience_index,1,v1,11,1,80011,1.0,0.02,0.0,118,2,0.7563930153846741,0.24360699951648712,0.0,0.3936616788170966,0.0
proof_increased,increased,static_s2,ppo,ReT_cd_sigmoid,resilience_index,1,v1,11,1,80011,1.0,0.02,0.0,119,2,0.7596795558929443,0.24032042920589447,0.0,0.4569889074493072,0.0
proof_increased,increased,static_s2,ppo,ReT_cd_sigmoid,resilience_index,1,v1,11,1,80011,1.0,0.02,0.0,120,2,0.756291389465332,0.24370861053466797,0.0,0.33008149272144366,0.0
proof_increased,increased,static_s2,ppo,ReT_cd_sigmoid,resilience_index,1,v1,11,1,80011,1.0,0.02,0.0,121,2,0.756898820400238,0.24310117959976196,0.0,0.2092824995897109,0.0
proof_increased,increased,static_s2,ppo,ReT_cd_sigmoid,resilience_index,1,v1,11,1,80011,1.0,0.02,0.0,122,2,0.75749671459198,0.24250325560569763,0.0,0.4343939778967466,0.0
proof_increased,increased,static_s2,ppo,ReT_cd_sigmoid,resilience_index,1,v1,11,1,80011,1.0,0.02,0.0,123,2,0.7593790292739868,0.240620955824852,0.0,0.377250735402069,0.0
proof_increased,increased,static_s2,ppo,ReT_cd_sigmoid,resilience_index,1,v1,11,1,80011,1.0,0.02,0.0,124,2,0.7612323760986328,0.23876765370368958,0.0,0.472145878351016,0.0
proof_increased,increased,static_s2,ppo,ReT_cd_sigmoid,resilience_index,1,v1,11,1,80011,1.0,0.02,0.0,125,2,0.7617834210395813,0.2382165640592575,0.0,0.34751482432651326,0.0
proof_increased,increased,static_s2,ppo,ReT_cd_sigmoid,resilience_index,1,v1,11,1,80011,1.0,0.02,0.0,126,2,0.7585334777832031,0.2414664924144745,0.0,6.158987056668125e-05,0.0
proof_increased,increased,static_s2,ppo,ReT_cd_sigmoid,resilience_index,1,v1,11,1,80011,1.0,0.02,0.0,127,2,0.7616060376167297,0.23839397728443146,0.0,0.43612946464644164,0.0
proof_increased,increased,static_s2,ppo,ReT_cd_sigmoid,resilience_index,1,v1,11,1,80011,1.0,0.02,0.0,128,2,0.760896623134613,0.23910336196422577,0.0,0.35350192354398635,0.0
proof_increased,increased,static_s2,ppo,ReT_cd_sigmoid,resilience_index,1,v1,11,1,80011,1.0,0.02,0.0,129,2,0.7626699805259705,0.23733003437519073,0.0,0.4362975088600416,0.0
proof_increased,increased,static_s2,ppo,ReT_cd_sigmoid,resilience_index,1,v1,11,1,80011,1.0,0.02,0.0,130,2,0.7656441926956177,0.23435582220554352,0.0,0.40015237796566244,0.0
proof_increased,increased,static_s2,ppo,ReT_cd_sigmoid,resilience_index,1,v1,11,1,80011,1.0,0.02,0.0,131,2,0.7673568725585938,0.23264311254024506,0.0,0.4088988657167371,0.0
proof_increased,increased,static_s2,ppo,ReT_cd_sigmoid,resilience_index,1,v1,11,1,80011,1.0,0.02,0.0,132,2,0.7690447568893433,0.23095525801181793,0.0,0.3493236354388381,0.0
proof_increased,increased,static_s2,ppo,ReT_cd_sigmoid,resilience_index,1,v1,11,1,80011,1.0,0.02,0.0,133,2,0.7695078253746033,0.23049218952655792,0.0,0.30487979930250403,0.0
proof_increased,increased,static_s2,ppo,ReT_cd_sigmoid,resilience_index,1,v1,11,1,80011,1.0,0.02,0.0,134,2,0.7735399007797241,0.2264600694179535,0.0,0.45880521191742635,0.0
proof_increased,increased,static_s2,ppo,ReT_cd_sigmoid,resilience_index,1,v1,11,1,80011,1.0,0.02,0.0,135,2,0.7715976238250732,0.22840236127376556,0.0,0.4010681156813415,0.0
proof_increased,increased,static_s2,ppo,ReT_cd_sigmoid,resilience_index,1,v1,11,1,80011,1.0,0.02,0.0,136,2,0.7743830680847168,0.225616917014122,0.0,0.4105535601535423,0.0
proof_increased,increased,static_s2,ppo,ReT_cd_sigmoid,resilience_index,1,v1,11,1,80011,1.0,0.02,0.0,137,2,0.768961489200592,0.23103851079940796,0.0,5.94943301540571e-05,0.0
proof_increased,increased,static_s2,ppo,ReT_cd_sigmoid,resilience_index,1,v1,11,1,80011,1.0,0.02,0.0,138,2,0.7682502865791321,0.23174971342086792,0.0,0.02675340642013913,0.0
proof_increased,increased,static_s2,ppo,ReT_cd_sigmoid,resilience_index,1,v1,11,1,80011,1.0,0.02,0.0,139,2,0.7698503732681274,0.23014959692955017,0.0,0.352263408496654,0.0
proof_increased,increased,static_s2,ppo,ReT_cd_sigmoid,resilience_index,1,v1,11,1,80011,1.0,0.02,0.0,140,2,0.7702857255935669,0.2297142893075943,0.0,0.43578735808264524,0.0
proof_increased,increased,static_s2,ppo,ReT_cd_sigmoid,resilience_index,1,v1,11,1,80011,1.0,0.02,0.0,141,2,0.7718501687049866,0.22814983129501343,0.0,0.4482103987009064,0.0
proof_increased,increased,static_s2,ppo,ReT_cd_sigmoid,resilience_index,1,v1,11,1,80011,1.0,0.02,0.0,142,2,0.773393452167511,0.22660653293132782,0.0,0.4650490027791801,0.0
proof_increased,increased,static_s2,ppo,ReT_cd_sigmoid,resilience_index,1,v1,11,1,80011,1.0,0.02,0.0,143,2,0.7726763486862183,0.22732362151145935,0.0,0.37653655774458994,0.0
proof_increased,increased,static_s2,ppo,ReT_cd_sigmoid,resilience_index,1,v1,11,1,80011,1.0,0.02,0.0,144,2,0.7764182686805725,0.22358176112174988,0.0,0.420221058220233,0.0
proof_increased,increased,static_s2,ppo,ReT_cd_sigmoid,resilience_index,1,v1,11,1,80011,1.0,0.02,0.0,145,2,0.7779005765914917,0.2220994532108307,0.0,0.34729058493965886,0.0
proof_increased,increased,static_s2,ppo,ReT_cd_sigmoid,resilience_index,1,v1,11,1,80011,1.0,0.02,0.0,146,2,0.7771679759025574,0.22283205389976501,0.0,0.44653032324259434,0.0
proof_increased,increased,static_s2,ppo,ReT_cd_sigmoid,resilience_index,1,v1,11,1,80011,1.0,0.02,0.0,147,2,0.7742639183998108,0.2257360965013504,0.0,0.26874927861068376,0.0
proof_increased,increased,static_s2,ppo,ReT_cd_sigmoid,resilience_index,1,v1,11,1,80011,1.0,0.02,0.0,148,2,0.7768147587776184,0.22318527102470398,0.0,0.3129075363190925,0.0
proof_increased,increased,static_s2,ppo,ReT_cd_sigmoid,resilience_index,1,v1,11,1,80011,1.0,0.02,0.0,149,2,0.773950457572937,0.2260495126247406,0.0,0.2896670731991203,0.0
proof_increased,increased,static_s2,ppo,ReT_cd_sigmoid,resilience_index,1,v1,11,1,80011,1.0,0.02,0.0,150,2,0.7743315696716309,0.22566844522953033,0.0,6.173014790525354e-05,0.0
proof_increased,increased,static_s2,ppo,ReT_cd_sigmoid,resilience_index,1,v1,11,1,80011,1.0,0.02,0.0,151,2,0.7725823521614075,0.22741764783859253,0.0,0.26553576287285713,0.0
proof_increased,increased,static_s2,ppo,ReT_cd_sigmoid,resilience_index,1,v1,11,1,80011,1.0,0.02,0.0,152,2,0.7740232348442078,0.22597676515579224,0.0,0.37781876338570664,0.0
proof_increased,increased,static_s2,ppo,ReT_cd_sigmoid,resilience_index,1,v1,11,1,80011,1.0,0.02,0.0,153,2,0.7754459381103516,0.22455404698848724,0.0,0.4392662292097266,0.0
proof_increased,increased,static_s2,ppo,ReT_cd_sigmoid,resilience_index,1,v1,11,1,80011,1.0,0.02,0.0,154,2,0.7778936624526978,0.22210636734962463,0.0,0.4241947486903545,0.0
proof_increased,increased,static_s2,ppo,ReT_cd_sigmoid,resilience_index,1,v1,11,1,80011,1.0,0.02,0.0,155,2,0.780310869216919,0.21968911588191986,0.0,0.3514143230943762,0.0
proof_increased,increased,static_s2,ppo,ReT_cd_sigmoid,resilience_index,1,v1,11,1,80011,1.0,0.02,0.0,156,2,0.7806385159492493,0.21936148405075073,0.0,0.4152364819961395,0.0
proof_increased,increased,static_s2,ppo,ReT_cd_sigmoid,resilience_index,1,v1,11,1,80011,1.0,0.02,0.0,157,2,0.7768679857254028,0.22313204407691956,0.0,6.206090963500615e-05,0.0
proof_increased,increased,static_s2,ppo,ReT_cd_sigmoid,resilience_index,1,v1,11,1,80011,1.0,0.02,0.0,158,2,0.7761953473091125,0.22380468249320984,0.0,0.37631220912323704,0.0
proof_increased,increased,static_s2,ppo,ReT_cd_sigmoid,resilience_index,1,v1,11,1,80011,1.0,0.02,0.0,159,2,0.7765419483184814,0.22345803678035736,0.0,0.0011532596264898364,0.0
proof_increased,increased,static_s2,ppo,ReT_cd_sigmoid,resilience_index,1,v1,11,1,80011,1.0,0.02,0.0,160,2,0.7778894305229187,0.2221105545759201,0.0,0.3757600415565102,0.0
proof_increased,increased,static_s2,ppo,ReT_cd_sigmoid,resilience_index,1,v1,11,1,80011,1.0,0.02,0.0,161,2,0.7752248048782349,0.22477522492408752,0.0,0.1943989982752469,0.0
proof_increased,increased,static_s2,ppo,ReT_cd_sigmoid,resilience_index,1,v1,11,1,80011,1.0,0.02,0.0,162,2,0.770605742931366,0.22939424216747284,0.0,0.013883489062048029,0.0
proof_increased,increased,static_s2,ppo,ReT_cd_sigmoid,resilience_index,1,v1,11,1,80011,1.0,0.02,0.0,163,2,0.7690029740333557,0.23099704086780548,0.0,5.859664869753184e-05,0.0
proof_increased,increased,static_s2,ppo,ReT_cd_sigmoid,resilience_index,1,v1,11,1,80011,1.0,0.02,0.0,164,2,0.7703630924224854,0.22963689267635345,0.0,0.30262081398895585,0.0
proof_increased,increased,static_s2,ppo,ReT_cd_sigmoid,resilience_index,1,v1,11,1,80011,1.0,0.02,0.0,165,2,0.77170729637146,0.22829268872737885,0.0,0.3953460587005025,0.0
proof_increased,increased,static_s2,ppo,ReT_cd_sigmoid,resilience_index,1,v1,11,1,80011,1.0,0.02,0.0,166,2,0.7720659375190735,0.22793404757976532,0.0,0.3445230098199675,0.0
proof_increased,increased,static_s2,ppo,ReT_cd_sigmoid,resilience_index,1,v1,11,1,80011,1.0,0.02,0.0,167,2,0.7675988674163818,0.23240116238594055,0.0,0.1853619390544531,0.0
proof_increased,increased,static_s2,ppo,ReT_cd_sigmoid,resilience_index,1,v1,11,1,80011,1.0,0.02,0.0,168,2,0.76701819896698,0.23298178613185883,0.0,6.15899040577194e-05,0.0
proof_increased,increased,static_s2,ppo,ReT_cd_sigmoid,resilience_index,1,v1,11,1,80011,1.0,0.02,0.0,169,2,0.7683508396148682,0.23164919018745422,0.0,0.2693979506402731,0.0
proof_increased,increased,static_s2,ppo,ReT_cd_sigmoid,resilience_index,1,v1,11,1,80011,1.0,0.02,0.0,170,2,0.7668246626853943,0.2331753522157669,0.0,0.2701157357598076,0.0
proof_increased,increased,static_s2,ppo,ReT_cd_sigmoid,resilience_index,1,v1,11,1,80011,1.0,0.02,0.0,171,2,0.7681432366371155,0.23185673356056213,0.0,0.4155181350301902,0.0
proof_increased,increased,static_s2,ppo,ReT_cd_sigmoid,resilience_index,1,v1,11,1,80011,1.0,0.02,0.0,172,2,0.7685098648071289,0.23149016499519348,0.0,0.3513767364423047,0.0
proof_increased,increased,static_s2,ppo,ReT_cd_sigmoid,resilience_index,1,v1,11,1,80011,1.0,0.02,0.0,173,2,0.7688723206520081,0.23112767934799194,0.0,0.39654994512406444,0.0
proof_increased,increased,static_s2,ppo,ReT_cd_sigmoid,resilience_index,1,v1,11,1,80011,1.0,0.02,0.0,174,2,0.7710843086242676,0.22891566157341003,0.0,0.44066187631625536,0.0
proof_increased,increased,static_s2,ppo,ReT_cd_sigmoid,resilience_index,1,v1,11,1,80011,1.0,0.02,0.0,175,2,0.7723502516746521,0.2276497632265091,0.0,0.30850418089481985,0.0
proof_increased,increased,static_s2,ppo,ReT_cd_sigmoid,resilience_index,1,v1,11,1,80011,1.0,0.02,0.0,176,2,0.7754353880882263,0.22456462681293488,0.0,0.4377839686135915,0.0
proof_increased,increased,static_s2,ppo,ReT_cd_sigmoid,resilience_index,1,v1,11,1,80011,1.0,0.02,0.0,177,2,0.775752067565918,0.22424794733524323,0.0,0.37410086003102727,0.0
proof_increased,increased,static_s2,ppo,ReT_cd_sigmoid,resilience_index,1,v1,11,1,80011,1.0,0.02,0.0,178,2,0.7778785228729248,0.2221214920282364,0.0,0.4923162256447443,0.0
proof_increased,increased,static_s2,ppo,ReT_cd_sigmoid,resilience_index,1,v1,11,1,80011,1.0,0.02,0.0,179,2,0.775473415851593,0.22452659904956818,0.0,0.19943969262619257,0.0
proof_increased,increased,static_s2,ppo,ReT_cd_sigmoid,resilience_index,1,v1,11,1,80011,1.0,0.02,0.0,180,2,0.7766816020011902,0.22331838309764862,0.0,0.35381621887107567,0.0
proof_increased,increased,static_s2,ppo,ReT_cd_sigmoid,resilience_index,1,v1,11,1,80011,1.0,0.02,0.0,181,2,0.7760927677154541,0.2239072322845459,0.0,0.29022427825136904,0.0
proof_increased,increased,static_s2,ppo,ReT_cd_sigmoid,resilience_index,1,v1,11,1,80011,1.0,0.02,0.0,182,2,0.7781721353530884,0.22182786464691162,0.0,0.2903138758323023,0.0
proof_increased,increased,static_s2,ppo,ReT_cd_sigmoid,resilience_index,1,v1,11,1,80011,1.0,0.02,0.0,183,2,0.7802295088768005,0.21977052092552185,0.0,0.48748031604334274,0.0
proof_increased,increased,static_s2,ppo,ReT_cd_sigmoid,resilience_index,1,v1,11,1,80011,1.0,0.02,0.0,184,2,0.781387209892273,0.21861281991004944,0.0,0.4091839039166904,0.0
proof_increased,increased,static_s2,ppo,ReT_cd_sigmoid,resilience_index,1,v1,11,1,80011,1.0,0.02,0.0,185,2,0.784279465675354,0.2157205194234848,0.0,0.37695830159898863,0.0
proof_increased,increased,static_s2,ppo,ReT_cd_sigmoid,resilience_index,1,v1,11,1,80011,1.0,0.02,0.0,186,2,0.7845351696014404,0.21546481549739838,0.0,0.2896288923628305,0.0
proof_increased,increased,static_s2,ppo,ReT_cd_sigmoid,resilience_index,1,v1,11,1,80011,1.0,0.02,0.0,187,2,0.7839239239692688,0.21607606112957,0.0,0.38478505677506175,0.0
proof_increased,increased,static_s2,ppo,ReT_cd_sigmoid,resilience_index,1,v1,11,1,80011,1.0,0.02,0.0,188,2,0.7858985662460327,0.21410146355628967,0.0,0.45376291302587696,0.0
proof_increased,increased,static_s2,ppo,ReT_cd_sigmoid,resilience_index,1,v1,11,1,80011,1.0,0.02,0.0,189,2,0.7869974374771118,0.21300256252288818,0.0,0.40114358069190437,0.0
proof_increased,increased,static_s2,ppo,ReT_cd_sigmoid,resilience_index,1,v1,11,1,80011,1.0,0.02,0.0,190,2,0.788936197757721,0.21106383204460144,0.0,0.4657868120276245,0.0
proof_increased,increased,static_s2,ppo,ReT_cd_sigmoid,resilience_index,1,v1,11,1,80011,1.0,0.02,0.0,191,2,0.7900084853172302,0.20999152958393097,0.0,0.4761980951822805,0.0
proof_increased,increased,static_s2,ppo,ReT_cd_sigmoid,resilience_index,1,v1,11,1,80011,1.0,0.02,0.0,192,2,0.7919123768806458,0.20808762311935425,0.0,0.4165295617835726,0.0
proof_increased,increased,static_s2,ppo,ReT_cd_sigmoid,resilience_index,1,v1,11,1,80011,1.0,0.02,0.0,193,2,0.7887678146362305,0.21123218536376953,0.0,0.2782561604086841,0.0
proof_increased,increased,static_s2,ppo,ReT_cd_sigmoid,resilience_index,1,v1,11,1,80011,1.0,0.02,0.0,194,2,0.7864887118339539,0.21351125836372375,0.0,0.2701176244796037,0.0
proof_increased,increased,static_s2,ppo,ReT_cd_sigmoid,resilience_index,1,v1,11,1,80011,1.0,0.02,0.0,195,2,0.7825726270675659,0.21742738783359528,0.0,0.010407971967157816,0.0
proof_increased,increased,static_s2,ppo,ReT_cd_sigmoid,resilience_index,1,v1,11,1,80011,1.0,0.02,0.0,196,2,0.7836498618125916,0.21635012328624725,0.0,0.29148639520185454,0.0
proof_increased,increased,static_s2,ppo,ReT_cd_sigmoid,resilience_index,1,v1,11,1,80011,1.0,0.02,0.0,197,2,0.7855381965637207,0.2144617885351181,0.0,0.3050811595630443,0.0
proof_increased,increased,static_s2,ppo,ReT_cd_sigmoid,resilience_index,1,v1,11,1,80011,1.0,0.02,0.0,198,2,0.7865903377532959,0.2134096473455429,0.0,0.35055030589886466,0.0
proof_increased,increased,static_s2,ppo,ReT_cd_sigmoid,resilience_index,1,v1,11,1,80011,1.0,0.02,0.0,199,2,0.7868185639381409,0.21318145096302032,0.0,0.41739940903690465,0.0
proof_increased,increased,static_s2,ppo,ReT_cd_sigmoid,resilience_index,1,v1,11,1,80011,1.0,0.02,0.0,200,2,0.7870445251464844,0.21295545995235443,0.0,0.47170040990688544,0.0
proof_increased,increased,static_s2,ppo,ReT_cd_sigmoid,resilience_index,1,v1,11,1,80011,1.0,0.02,0.0,201,2,0.7880741357803345,0.21192586421966553,0.0,0.4690569996454681,0.0
proof_increased,increased,static_s2,ppo,ReT_cd_sigmoid,resilience_index,1,v1,11,1,80011,1.0,0.02,0.0,202,2,0.78989577293396,0.21010425686836243,0.0,0.4594548413376476,0.0
proof_increased,increased,static_s2,ppo,ReT_cd_sigmoid,resilience_index,1,v1,11,1,80011,1.0,0.02,0.0,203,2,0.7893056869506836,0.2106943279504776,0.0,0.3496889694755394,0.0
proof_increased,increased,static_s2,ppo,ReT_cd_sigmoid,resilience_index,1,v1,11,1,80011,1.0,0.02,0.0,204,2,0.7903097867965698,0.20969022810459137,0.0,0.4722092499251396,0.0
proof_increased,increased,static_s2,ppo,ReT_cd_sigmoid,resilience_index,1,v1,11,1,80011,1.0,0.02,0.0,205,2,0.791304349899292,0.208695650100708,0.0,0.4264822490618291,0.0
proof_increased,increased,static_s2,ppo,ReT_cd_sigmoid,resilience_index,1,v1,11,1,80011,1.0,0.02,0.0,206,2,0.7930763363838196,0.2069236785173416,0.0,0.4396332480397692,0.0
proof_increased,increased,static_s2,ppo,ReT_cd_sigmoid,resilience_index,1,v1,11,1,80011,1.0,0.02,0.0,207,2,0.7932654619216919,0.2067345380783081,0.0,0.2864544455722462,0.0
proof_increased,increased,static_s2,ppo,ReT_cd_sigmoid,resilience_index,1,v1,11,1,80011,1.0,0.02,0.0,208,2,0.7950116991996765,0.20498831570148468,0.0,0.42628935550804514,0.0
proof_increased,increased,static_s2,ppo,ReT_cd_sigmoid,resilience_index,1,v1,11,1,80011,1.0,0.02,0.0,209,2,0.7967416644096375,0.20325833559036255,0.0,0.4234040686806951,0.0
proof_increased,increased,static_s2,ppo,ReT_cd_sigmoid,resilience_index,1,v1,11,1,80011,1.0,0.02,0.0,210,2,0.7976834177970886,0.20231659710407257,0.0,0.3997568876729321,0.0
proof_increased,increased,static_s2,ppo,ReT_cd_sigmoid,resilience_index,1,v1,11,1,80011,1.0,0.02,0.0,211,2,0.7978478074073792,0.20215219259262085,0.0,0.43438310845089023,0.0
proof_increased,increased,static_s2,ppo,ReT_cd_sigmoid,resilience_index,1,v1,11,1,80011,1.0,0.02,0.0,212,2,0.7941851615905762,0.20581483840942383,0.0,5.5692645542031256e-05,0.0
proof_increased,increased,static_s2,ppo,ReT_cd_sigmoid,resilience_index,1,v1,11,1,80011,1.0,0.02,0.0,213,2,0.7913175821304321,0.20868240296840668,0.0,6.150472503594927e-05,0.0
proof_increased,increased,static_s2,ppo,ReT_cd_sigmoid,resilience_index,1,v1,11,1,80011,1.0,0.02,0.0,214,2,0.7915087342262268,0.2084912806749344,0.0,6.284638671108869e-05,0.0
proof_increased,increased,static_s2,ppo,ReT_cd_sigmoid,resilience_index,1,v1,11,1,80011,1.0,0.02,0.0,215,2,0.7924528121948242,0.2075471729040146,0.0,0.2212769399577443,0.0
proof_increased,increased,static_s2,ppo,ReT_cd_sigmoid,resilience_index,1,v1,11,1,80011,1.0,0.02,0.0,216,2,0.7933884263038635,0.20661157369613647,0.0,0.39958574739398345,0.0
proof_increased,increased,static_s2,ppo,ReT_cd_sigmoid,resilience_index,1,v1,11,1,80011,1.0,0.02,0.0,217,2,0.7935677170753479,0.2064323127269745,0.0,0.39493348750392837,0.0
proof_increased,increased,static_s2,ppo,ReT_cd_sigmoid,resilience_index,1,v1,11,1,80011,1.0,0.02,0.0,218,2,0.7944899201393127,0.20551005005836487,0.0,0.4386240757569784,0.0
proof_increased,increased,static_s2,ppo,ReT_cd_sigmoid,resilience_index,1,v1,11,1,80011,1.0,0.02,0.0,219,2,0.7946627140045166,0.2053372859954834,0.0,0.27117421103177614,0.0
proof_increased,increased,static_s2,ppo,ReT_cd_sigmoid,resilience_index,1,v1,11,1,80011,1.0,0.02,0.0,220,2,0.7963099479675293,0.2036900371313095,0.0,0.4195849734729239,0.0
proof_increased,increased,static_s2,ppo,ReT_cd_sigmoid,resilience_index,1,v1,11,1,80011,1.0,0.02,0.0,221,2,0.7964732050895691,0.2035268247127533,0.0,0.44058591033667516,0.0
proof_increased,increased,static_s2,ppo,ReT_cd_sigmoid,resilience_index,1,v1,11,1,80011,1.0,0.02,0.0,222,2,0.7966349720954895,0.2033650279045105,0.0,0.36614301734429405,0.0
proof_increased,increased,static_s2,ppo,ReT_cd_sigmoid,resilience_index,1,v1,11,1,80011,1.0,0.02,0.0,223,2,0.793153703212738,0.20684632658958435,0.0,6.053178917205461e-05,0.0
proof_increased,increased,static_s2,ppo,ReT_cd_sigmoid,resilience_index,1,v1,11,1,80011,1.0,0.02,0.0,224,2,0.7940536737442017,0.20594634115695953,0.0,0.35451287552839883,0.0
proof_increased,increased,static_s2,ppo,ReT_cd_sigmoid,resilience_index,1,v1,11,1,80011,1.0,0.02,0.0,225,2,0.7949458360671997,0.2050541490316391,0.0,0.40102348926289044,0.0
proof_increased,increased,static_s2,ppo,ReT_cd_sigmoid,resilience_index,1,v1,11,1,80011,1.0,0.02,0.0,226,2,0.7958303093910217,0.20416966080665588,0.0,0.35222476838058275,0.0
proof_increased,increased,static_s2,ppo,ReT_cd_sigmoid,resilience_index,1,v1,11,1,80011,1.0,0.02,0.0,227,2,0.7967072129249573,0.20329277217388153,0.0,0.3958910884741957,0.0
proof_increased,increased,static_s2,ppo,ReT_cd_sigmoid,resilience_index,1,v1,11,1,80011,1.0,0.02,0.0,228,2,0.7975766062736511,0.20242337882518768,0.0,0.43704636112311224,0.0
proof_increased,increased,static_s2,ppo,ReT_cd_sigmoid,resilience_index,1,v1,11,1,80011,1.0,0.02,0.0,229,2,0.7984386086463928,0.20156139135360718,0.0,0.3780196024606518,0.0
proof_increased,increased,static_s2,ppo,ReT_cd_sigmoid,resilience_index,1,v1,11,1,80011,1.0,0.02,0.0,230,2,0.7964664101600647,0.2035335749387741,0.0,0.2691282400258126,0.0
proof_increased,increased,static_s2,ppo,ReT_cd_sigmoid,resilience_index,1,v1,11,1,80011,1.0,0.02,0.0,231,2,0.797325849533081,0.20267418026924133,0.0,0.3989620739933973,0.0
proof_increased,increased,static_s2,ppo,ReT_cd_sigmoid,resilience_index,1,v1,11,1,80011,1.0,0.02,0.0,232,2,0.7981780171394348,0.20182199776172638,0.0,0.43014091369480767,0.0
proof_increased,increased,static_s2,ppo,ReT_cd_sigmoid,resilience_index,1,v1,11,1,80011,1.0,0.02,0.0,233,2,0.7990230321884155,0.20097696781158447,0.0,0.42051072726509453,0.0
proof_increased,increased,static_s2,ppo,ReT_cd_sigmoid,resilience_index,1,v1,11,1,80011,1.0,0.02,0.0,234,2,0.7998610138893127,0.20013898611068726,0.0,0.3719226487377156,0.0
proof_increased,increased,static_s2,ppo,ReT_cd_sigmoid,resilience_index,1,v1,11,1,80011,1.0,0.02,0.0,235,2,0.8006920218467712,0.19930796325206757,0.0,0.4182668987959922,0.0
proof_increased,increased,static_s2,ppo,ReT_cd_sigmoid,resilience_index,1,v1,11,1,80011,1.0,0.02,0.0,236,2,0.8022053837776184,0.19779463112354279,0.0,0.40667522998157535,0.0
proof_increased,increased,static_s2,ppo,ReT_cd_sigmoid,resilience_index,1,v1,11,1,80011,1.0,0.02,0.0,237,2,0.7995882034301758,0.2004118114709854,0.0,0.18086239462801962,0.0
proof_increased,increased,static_s2,ppo,ReT_cd_sigmoid,resilience_index,1,v1,11,1,80011,1.0,0.02,0.0,238,2,0.7997266054153442,0.20027340948581696,0.0,0.29219649769306205,0.0
proof_increased,increased,static_s2,ppo,ReT_cd_sigmoid,resilience_index,1,v1,11,1,80011,1.0,0.02,0.0,239,2,0.8005445599555969,0.1994554102420807,0.0,0.22094985953726134,0.0
proof_increased,increased,static_s2,ppo,ReT_cd_sigmoid,resilience_index,1,v1,11,1,80011,1.0,0.02,0.0,240,2,0.8020339012145996,0.1979660987854004,0.0,0.4244587177747491,0.0
proof_increased,increased,static_s2,ppo,ReT_cd_sigmoid,resilience_index,1,v1,11,1,80011,1.0,0.02,0.0,241,2,0.8028359413146973,0.19716407358646393,0.0,0.3479642846588182,0.0
proof_increased,increased,static_s2,ppo,ReT_cd_sigmoid,resilience_index,1,v1,11,1,80011,1.0,0.02,0.0,242,2,0.8022865056991577,0.19771352410316467,0.0,0.18257519601033356,0.0
proof_increased,increased,static_s2,ppo,ReT_cd_sigmoid,resilience_index,1,v1,11,1,80011,1.0,0.02,0.0,243,2,0.8037508130073547,0.19624915719032288,0.0,0.44003530070258295,0.0
proof_increased,increased,static_s2,ppo,ReT_cd_sigmoid,resilience_index,1,v1,11,1,80011,1.0,0.02,0.0,244,2,0.8038692474365234,0.19613075256347656,0.0,0.4630731014279421,0.0
proof_increased,increased,static_s2,ppo,ReT_cd_sigmoid,resilience_index,1,v1,11,1,80011,1.0,0.02,0.0,245,2,0.8039867281913757,0.19601328670978546,0.0,0.3475263961693413,0.0
proof_increased,increased,static_s2,ppo,ReT_cd_sigmoid,resilience_index,1,v1,11,1,80011,1.0,0.02,0.0,246,2,0.8054268956184387,0.19457313418388367,0.0,0.35253082944959646,0.0
proof_increased,increased,static_s2,ppo,ReT_cd_sigmoid,resilience_index,1,v1,11,1,80011,1.0,0.02,0.0,247,2,0.8061964511871338,0.1938035637140274,0.0,0.4013401824173645,0.0
proof_increased,increased,static_s2,ppo,ReT_cd_sigmoid,resilience_index,1,v1,11,1,80011,1.0,0.02,0.0,248,2,0.8069599270820618,0.19304005801677704,0.0,0.43357852540499847,0.0
proof_increased,increased,static_s2,ppo,ReT_cd_sigmoid,resilience_index,1,v1,11,1,80011,1.0,0.02,0.0,249,2,0.8077174425125122,0.1922825425863266,0.0,0.37165300187963196,0.0
proof_increased,increased,static_s2,ppo,ReT_cd_sigmoid,resilience_index,1,v1,11,1,80011,1.0,0.02,0.0,250,2,0.8071660995483398,0.19283387064933777,0.0,0.17216042444366583,0.0
proof_increased,increased,static_s2,ppo,ReT_cd_sigmoid,resilience_index,1,v1,11,1,80011,1.0,0.02,0.0,251,2,0.8085658550262451,0.1914341300725937,0.0,0.43218063372999255,0.0
proof_increased,increased,static_s2,ppo,ReT_cd_sigmoid,resilience_index,1,v1,11,1,80011,1.0,0.02,0.0,252,2,0.808661937713623,0.19133807718753815,0.0,0.44338189260567634,0.0
proof_increased,increased,static_s2,ppo,ReT_cd_sigmoid,resilience_index,1,v1,11,1,80011,1.0,0.02,0.0,253,2,0.8081133365631104,0.19188667833805084,0.0,0.39458954194344686,0.0
proof_increased,increased,static_s2,ppo,ReT_cd_sigmoid,resilience_index,1,v1,11,1,80011,1.0,0.02,0.0,254,2,0.8088518381118774,0.19114817678928375,0.0,0.40024792718350016,0.0
proof_increased,increased,static_s2,ppo,ReT_cd_sigmoid,resilience_index,1,v1,11,1,80011,1.0,0.02,0.0,255,2,0.8095846772193909,0.19041533768177032,0.0,0.416013116635987,0.0
proof_increased,increased,static_s2,ppo,ReT_cd_sigmoid,resilience_index,1,v1,11,1,80011,1.0,0.02,0.0,256,2,0.809675395488739,0.19032463431358337,0.0,0.40133936458709585,0.0
proof_increased,increased,static_s2,ppo,ReT_cd_sigmoid,resilience_index,1,v1,11,1,80011,1.0,0.02,0.0,257,2,0.8103994727134705,0.18960051238536835,0.0,0.47181661821106397,0.0
proof_increased,increased,static_s2,ppo,ReT_cd_sigmoid,resilience_index,1,v1,11,1,80011,1.0,0.02,0.0,258,2,0.8098546862602234,0.19014529883861542,0.0,0.349570567917698,0.0
proof_increased,increased,static_s2,ppo,ReT_cd_sigmoid,resilience_index,1,v1,11,1,80011,1.0,0.02,0.0,259,2,0.8105726838111877,0.18942731618881226,0.0,0.45034319331741823,0.0
