tape_id,family,relative_time,category,imbalance,prefix_hash,sb_inventory,allocation_a,service_rule_spt_full,service_rule_fifo_partial,service_rule_r24_age_partial,day_phase,cssu_A_inventory,cssu_A_inbound,cssu_A_outbound,cssu_A_backlog_qty,cssu_A_backlog_count,cssu_A_max_age,cssu_A_r24_share,cssu_A_demand_1d,cssu_A_demand_7d,cssu_A_delivered_7d,cssu_A_op10_up,cssu_A_op11_up,cssu_A_op12_up,cssu_B_inventory,cssu_B_inbound,cssu_B_outbound,cssu_B_backlog_qty,cssu_B_backlog_count,cssu_B_max_age,cssu_B_r24_share,cssu_B_demand_1d,cssu_B_demand_7d,cssu_B_delivered_7d,cssu_B_op10_up,cssu_B_op11_up,cssu_B_op12_up,state_id,prefix_allocation_a,prefix_service_rule,stressed_node
dra1-cal-nominal-830001,nominal,14280.0,joint_scarcity,145093.0,1f3f17a5400d988c6c839b04bb490e79477705d62b5de2d44b74dff3a5bc85ae,88377.0,0.25,1.0,0.0,0.0,0.6190476190476191,0.0,0.0,2516.0,147658.0,58.0,13920.0,0.0,2551.0,15110.0,4899.0,1.0,1.0,1.0,0.0,2559.0,0.0,2565.0,1.0,264.0,0.0,0.0,0.0,7544.0,1.0,1.0,1.0,dra1-cal-nominal-830001|prefix=0.25,0.25,SPT_FULL,A
dra1-cal-nominal-830001,nominal,1992.0,joint_scarcity,14.0,d0643908b4c5febfdca5348b5fa05fde47369a62a7b0bc389794d695657584ee,25940.0,0.5,1.0,0.0,0.0,0.47619047619047616,0.0,0.0,0.0,28186.0,11.0,1488.0,0.0,2541.0,7599.0,7512.0,1.0,1.0,1.0,0.0,2530.0,2484.0,28200.0,11.0,1584.0,0.0,0.0,7543.0,2499.0,1.0,1.0,1.0,dra1-cal-nominal-830001|prefix=0.50,0.5,SPT_FULL,balanced
dra1-cal-nominal-830001,nominal,16152.0,joint_scarcity,119499.0,22b997c4f435015e042a46e4e8de57904432ab356d372a2671009a43433a4e51,77354.0,0.75,1.0,0.0,0.0,0.7619047619047619,0.0,2447.0,2551.0,15390.0,6.0,13608.0,0.0,2447.0,7466.0,4854.0,1.0,1.0,1.0,0.0,0.0,0.0,134889.0,53.0,15744.0,0.0,0.0,7373.0,2411.0,1.0,1.0,1.0,dra1-cal-nominal-830001|prefix=0.75,0.75,SPT_FULL,B
dra1-cal-nominal-830002,nominal,15432.0,joint_scarcity,145508.0,e10a33a6367be458218c26ee773298925d95e9ced5900c65a9310109979f13e6,99531.0,0.25,1.0,0.0,0.0,0.47619047619047616,0.0,0.0,0.0,147969.0,58.0,14640.0,0.0,0.0,7548.0,7538.0,1.0,1.0,1.0,0.0,2426.0,0.0,2461.0,1.0,48.0,0.0,2426.0,7446.0,2559.0,1.0,1.0,1.0,dra1-cal-nominal-830002|prefix=0.25,0.25,SPT_FULL,A
dra1-cal-nominal-830002,nominal,4848.0,joint_scarcity,93.0,4a9677e188972ccced035c4ff7e1d47f595ed9f83bf7b60299059876ebdb97fe,38378.0,0.5,1.0,0.0,0.0,0.47619047619047616,0.0,2511.0,2440.0,59006.0,23.0,4512.0,0.0,0.0,4955.0,4973.0,1.0,1.0,1.0,0.0,0.0,0.0,59099.0,23.0,4536.0,0.0,2540.0,10115.0,4937.0,1.0,1.0,1.0,dra1-cal-nominal-830002|prefix=0.50,0.5,SPT_FULL,balanced
dra1-cal-nominal-830002,nominal,14712.0,joint_scarcity,86790.0,02ec634e04e8bd59ad30d8b4fddb38acaad1e494b77382bdfbbae93707c92ed1,79064.0,0.75,1.0,0.0,0.0,0.19047619047619047,0.0,2509.0,0.0,30795.0,12.0,13464.0,0.0,0.0,5066.0,5081.0,1.0,1.0,1.0,0.0,0.0,2523.0,117585.0,46.0,14544.0,0.0,2580.0,10112.0,9856.0,1.0,1.0,1.0,dra1-cal-nominal-830002|prefix=0.75,0.75,SPT_FULL,B
dra1-cal-nominal-830003,nominal,11232.0,joint_scarcity,109829.0,9c26cdd39846b60e690bb42c8fc75d929ef11efc8ebae76d827313213e44d7b3,56527.0,0.25,1.0,0.0,0.0,0.47619047619047616,0.0,0.0,0.0,130433.0,51.0,10872.0,0.0,2420.0,7489.0,4976.0,1.0,1.0,1.0,0.0,2530.0,0.0,20604.0,8.0,7968.0,0.0,0.0,7628.0,2530.0,1.0,1.0,1.0,dra1-cal-nominal-830003|prefix=0.25,0.25,SPT_FULL,A
dra1-cal-nominal-830003,nominal,16344.0,joint_scarcity,2143.0,5de04ec409df96b966d4b85dd976feaf20367873aa4a07b4cec26a8399bd8ea7,65907.0,0.5,1.0,0.0,0.0,0.9047619047619048,0.0,0.0,2425.0,74240.0,29.0,15600.0,0.0,0.0,4924.0,0.0,1.0,1.0,1.0,0.0,2419.0,0.0,76383.0,30.0,11808.0,0.0,2419.0,9799.0,7301.0,1.0,1.0,1.0,dra1-cal-nominal-830003|prefix=0.50,0.5,SPT_FULL,balanced
dra1-cal-nominal-830003,nominal,16776.0,joint_scarcity,114800.0,26e73a345baa2464263ab789a04ce0e270e3acf622748289feeec37124678fef,58290.0,0.75,1.0,0.0,0.0,0.47619047619047616,0.0,2423.0,2413.0,17921.0,7.0,14856.0,0.0,2504.0,7340.0,2514.0,1.0,1.0,1.0,0.0,0.0,0.0,132721.0,52.0,16608.0,0.0,0.0,7704.0,4991.0,1.0,1.0,1.0,dra1-cal-nominal-830003|prefix=0.75,0.75,SPT_FULL,B
dra1-cal-nominal-830004,nominal,16272.0,joint_scarcity,140102.0,4ae1963ada678c27fc4378c9d2f215e1ce19e9f3c5a660e6ebe1ec9344683077,67717.0,0.25,1.0,0.0,0.0,0.47619047619047616,0.0,0.0,0.0,145237.0,57.0,15960.0,0.0,2516.0,10070.0,5019.0,1.0,1.0,1.0,0.0,2522.0,2496.0,5135.0,2.0,10152.0,0.0,0.0,5018.0,2400.0,1.0,1.0,1.0,dra1-cal-nominal-830004|prefix=0.25,0.25,SPT_FULL,A
dra1-cal-nominal-830004,nominal,16560.0,joint_scarcity,11.0,550e5248f9e2203b30608d8a92eb6210fe72b8ce93795c99c3508d7a24e1a34a,85966.0,0.5,1.0,0.0,0.0,0.19047619047619047,0.0,2545.0,2545.0,74171.0,29.0,13848.0,0.0,2571.0,7516.0,9971.0,1.0,1.0,1.0,0.0,0.0,0.0,74182.0,29.0,16128.0,0.0,0.0,7720.0,2524.0,1.0,1.0,1.0,dra1-cal-nominal-830004|prefix=0.50,0.5,SPT_FULL,balanced
dra1-cal-nominal-830004,nominal,15960.0,joint_scarcity,135184.0,682c48c385bcaeb5d95b39621c9135dfb025ef163b25478359293c2466663b85,83183.0,0.75,1.0,0.0,0.0,0.6190476190476191,0.0,2565.0,0.0,7710.0,3.0,5592.0,0.0,0.0,2578.0,5031.0,1.0,1.0,1.0,0.0,0.0,0.0,142894.0,56.0,15528.0,0.0,2543.0,12555.0,9804.0,1.0,1.0,1.0,dra1-cal-nominal-830004|prefix=0.75,0.75,SPT_FULL,B
dra1-cal-nominal-830005,nominal,9240.0,joint_scarcity,132662.0,756a09c134e63d9a428c46ba8871a300db2dab3586006bfa3f1f8ae7792497c2,70581.0,0.25,1.0,0.0,0.0,0.6190476190476191,0.0,0.0,0.0,140364.0,55.0,8976.0,0.0,0.0,12492.0,9822.0,1.0,1.0,1.0,0.0,2556.0,2555.0,7702.0,3.0,2760.0,0.0,2558.0,2558.0,5020.0,1.0,1.0,1.0,dra1-cal-nominal-830005|prefix=0.25,0.25,SPT_FULL,A
dra1-cal-nominal-830005,nominal,16488.0,joint_scarcity,6.0,48aab026335a6ad17c701f88735674358806445440b0c8309089c1a8272f03fc,93506.0,0.5,1.0,0.0,0.0,0.7619047619047619,0.0,2529.0,2452.0,74181.0,29.0,13800.0,0.0,0.0,7360.0,9845.0,1.0,1.0,1.0,0.0,0.0,0.0,74187.0,29.0,12096.0,0.0,2564.0,7600.0,7560.0,1.0,1.0,1.0,dra1-cal-nominal-830005|prefix=0.50,0.5,SPT_FULL,balanced
dra1-cal-nominal-830005,nominal,16800.0,joint_scarcity,134702.0,a9f15b21eaa0523395d4c20b0d0c73fd30a1c922c3d74f72af25094055472aeb,95802.0,0.75,1.0,0.0,0.0,0.6190476190476191,0.0,2556.0,0.0,7680.0,3.0,1776.0,0.0,0.0,2571.0,5022.0,1.0,1.0,1.0,0.0,0.0,0.0,142382.0,56.0,16272.0,0.0,2400.0,12265.0,4909.0,1.0,1.0,1.0,dra1-cal-nominal-830005|prefix=0.75,0.75,SPT_FULL,B
dra1-cal-nominal-830006,nominal,16752.0,joint_scarcity,145164.0,d966952fa231bd0f6265a525411be2184dc4c44cd6a14e050369f2fa681abe78,87056.0,0.25,1.0,0.0,0.0,0.3333333333333333,0.0,0.0,0.0,147698.0,58.0,15384.0,0.0,2417.0,7437.0,2450.0,1.0,1.0,1.0,0.0,2506.0,0.0,2534.0,1.0,144.0,0.0,0.0,7634.0,5084.0,1.0,1.0,1.0,dra1-cal-nominal-830006|prefix=0.25,0.25,SPT_FULL,A
dra1-cal-nominal-830006,nominal,672.0,joint_scarcity,86.0,eab6767616b456dfdc6c21b4535c5b19f94d13485d0c276a3d6f8c876ede68c7,7749.0,0.5,1.0,0.0,0.0,0.6190476190476191,0.0,2518.0,2508.0,7755.0,3.0,336.0,0.0,2518.0,7593.0,0.0,1.0,1.0,1.0,0.0,0.0,0.0,7669.0,3.0,432.0,0.0,0.0,7492.0,7382.0,1.0,1.0,1.0,dra1-cal-nominal-830006|prefix=0.50,0.5,SPT_FULL,balanced
dra1-cal-nominal-830006,nominal,15408.0,joint_scarcity,99421.0,e299d859fc34dcf861f409a1a3698e4737e5bc18d04661d7d9f6b30f04ccef28,78841.0,0.75,1.0,0.0,0.0,0.3333333333333333,0.0,2526.0,0.0,25609.0,10.0,11304.0,0.0,0.0,4951.0,4951.0,1.0,1.0,1.0,0.0,0.0,0.0,125030.0,49.0,14544.0,0.0,2599.0,10124.0,4967.0,1.0,1.0,1.0,dra1-cal-nominal-830006|prefix=0.75,0.75,SPT_FULL,B
dra1-cal-nominal-830007,nominal,16176.0,joint_scarcity,124827.0,f0981ca10cfe2bab753e45413a10f191a53813f77cd12c4620b87ea7ad155b38,97573.0,0.25,1.0,0.0,0.0,0.9047619047619048,0.0,0.0,0.0,137704.0,54.0,14184.0,0.0,2471.0,15245.0,4986.0,1.0,1.0,1.0,0.0,2565.0,0.0,12877.0,5.0,8976.0,0.0,0.0,0.0,7679.0,1.0,1.0,1.0,dra1-cal-nominal-830007|prefix=0.25,0.25,SPT_FULL,A
dra1-cal-nominal-830007,nominal,16656.0,joint_scarcity,2265.0,b44889e361cb50690a4a88351a06951f08d1ea6292df2d9a42da7f8095fe24de,131364.0,0.5,1.0,0.0,0.0,0.7619047619047619,0.0,2493.0,0.0,74134.0,29.0,13056.0,0.0,0.0,2493.0,2485.0,1.0,1.0,1.0,0.0,0.0,0.0,76399.0,30.0,14712.0,0.0,2497.0,12425.0,9845.0,1.0,1.0,1.0,dra1-cal-nominal-830007|prefix=0.50,0.5,SPT_FULL,balanced
dra1-cal-nominal-830007,nominal,16656.0,joint_scarcity,119321.0,df7da05faec661447df5f102b819e67d148c830af4bfd7500fc17f7ec489914c,120618.0,0.75,1.0,0.0,0.0,0.7619047619047619,0.0,2561.0,0.0,15382.0,6.0,12768.0,0.0,0.0,2493.0,4978.0,1.0,1.0,1.0,0.0,0.0,0.0,134703.0,53.0,16320.0,0.0,2497.0,12425.0,7356.0,1.0,1.0,1.0,dra1-cal-nominal-830007|prefix=0.75,0.75,SPT_FULL,B
dra1-cal-nominal-830008,nominal,15096.0,joint_scarcity,109419.0,65b544ec89d93fab60281707a92192182a769d31ba9cb39a41f1d219c64e5e6b,106660.0,0.25,1.0,0.0,0.0,0.47619047619047616,0.0,0.0,0.0,129913.0,51.0,13944.0,0.0,2538.0,7473.0,4954.0,1.0,1.0,1.0,0.0,2555.0,2553.0,20494.0,8.0,7944.0,0.0,0.0,7398.0,7398.0,1.0,1.0,1.0,dra1-cal-nominal-830008|prefix=0.25,0.25,SPT_FULL,A
dra1-cal-nominal-830008,nominal,1848.0,joint_scarcity,389.0,fc974144d0f1c9ab83086c5e6c38aa693713f630052c99ff998e8322a864b024,18730.0,0.5,1.0,0.0,0.0,0.6190476190476191,0.0,0.0,0.0,22844.0,9.0,912.0,0.0,2442.0,12430.0,7268.0,1.0,1.0,1.0,0.0,2522.0,2514.0,23233.0,9.0,1680.0,0.0,0.0,2514.0,2467.0,1.0,1.0,1.0,dra1-cal-nominal-830008|prefix=0.50,0.5,SPT_FULL,balanced
dra1-cal-nominal-830008,nominal,16488.0,joint_scarcity,134559.0,a241272e070fbe100ca26c58c102b46e70641e5ee9924868f297dd50814bc975,109304.0,0.75,1.0,0.0,0.0,0.7619047619047619,0.0,2565.0,0.0,7700.0,3.0,6288.0,0.0,0.0,4976.0,10099.0,1.0,1.0,1.0,0.0,0.0,2415.0,142259.0,56.0,15864.0,0.0,2444.0,9920.0,4973.0,1.0,1.0,1.0,dra1-cal-nominal-830008|prefix=0.75,0.75,SPT_FULL,B
dra1-cal-nominal-830009,nominal,16608.0,joint_scarcity,78996.0,966ca4cd0c47b7189db1e40a537d4fae88f172e4120760ca1e23842bc808327e,141011.0,0.25,1.0,0.0,0.0,0.47619047619047616,0.0,0.0,0.0,114922.0,45.0,14784.0,0.0,2565.0,5000.0,4923.0,1.0,1.0,1.0,0.0,2557.0,2402.0,35926.0,14.0,14568.0,0.0,0.0,9886.0,9990.0,1.0,1.0,1.0,dra1-cal-nominal-830009|prefix=0.25,0.25,SPT_FULL,A
dra1-cal-nominal-830009,nominal,888.0,joint_scarcity,17.0,89fb4b4d109d2244941c85199aa7fcbd0c5971e4a955f98945713232c0057c0c,7811.0,0.5,1.0,0.0,0.0,0.9047619047619048,0.0,0.0,2420.0,10273.0,4.0,816.0,0.0,0.0,7343.0,2416.0,1.0,1.0,1.0,0.0,2474.0,0.0,10290.0,4.0,648.0,0.0,2474.0,7611.0,12675.0,1.0,1.0,1.0,dra1-cal-nominal-830009|prefix=0.50,0.5,SPT_FULL,balanced
dra1-cal-nominal-830009,nominal,15552.0,joint_scarcity,127254.0,5303f41dfc51f640fdbf81290bb743b2e872e20e406c4b97e01997a7fa7dc090,137559.0,0.75,1.0,0.0,0.0,0.19047619047619047,0.0,2558.0,0.0,10278.0,4.0,13392.0,0.0,0.0,2571.0,12493.0,1.0,1.0,1.0,0.0,0.0,2421.0,137532.0,54.0,14952.0,0.0,2415.0,12140.0,2401.0,1.0,1.0,1.0,dra1-cal-nominal-830009|prefix=0.75,0.75,SPT_FULL,B
dra1-cal-nominal-830010,nominal,10728.0,joint_scarcity,145189.0,8996593d7063710af099009d8cfe45f5a16d8624a6e9e7d02803e5ca0155859b,121069.0,0.25,1.0,0.0,0.0,0.47619047619047616,0.0,0.0,0.0,147760.0,58.0,10080.0,0.0,2586.0,10273.0,4971.0,1.0,1.0,1.0,0.0,2570.0,2508.0,2571.0,1.0,9624.0,0.0,0.0,4950.0,7383.0,1.0,1.0,1.0,dra1-cal-nominal-830010|prefix=0.25,0.25,SPT_FULL,A
dra1-cal-nominal-830010,nominal,144.0,joint_scarcity,25.0,160fd16cea7c4027e8870edb03b89d0c46fefcc3cdeade9a42fc862ce83817db,10031.0,0.5,1.0,0.0,0.0,0.47619047619047616,0.0,2465.0,0.0,2579.0,1.0,24.0,0.0,2579.0,5044.0,0.0,1.0,1.0,1.0,0.0,0.0,0.0,2554.0,1.0,48.0,0.0,0.0,5058.0,2504.0,1.0,1.0,1.0,dra1-cal-nominal-830010|prefix=0.50,0.5,SPT_FULL,balanced
dra1-cal-nominal-830010,nominal,16584.0,joint_scarcity,111860.0,1ca44cf0a51af35878b505e3cc970bc987a4be654a3791086f5bb317ed05377e,132932.0,0.75,1.0,0.0,0.0,0.3333333333333333,0.0,2557.0,0.0,17938.0,7.0,13224.0,0.0,0.0,7473.0,9823.0,1.0,1.0,1.0,0.0,0.0,2425.0,129798.0,51.0,15888.0,0.0,2489.0,7420.0,2527.0,1.0,1.0,1.0,dra1-cal-nominal-830010|prefix=0.75,0.75,SPT_FULL,B
dra1-cal-nominal-830011,nominal,16056.0,joint_scarcity,109497.0,651111f75921d400552c135fb4fa2f1ee9e95fc4a7efe107aa714ffe8b67ef96,134275.0,0.25,1.0,0.0,0.0,0.19047619047619047,0.0,0.0,0.0,129956.0,51.0,15768.0,0.0,0.0,7502.0,4958.0,1.0,1.0,1.0,0.0,2440.0,0.0,20459.0,8.0,6168.0,0.0,2440.0,7250.0,7341.0,1.0,1.0,1.0,dra1-cal-nominal-830011|prefix=0.25,0.25,SPT_FULL,A
dra1-cal-nominal-830011,nominal,12336.0,joint_scarcity,199.0,97b3080798856df4fabedbe0db58a4be5bbd58773eb6c1a5db8de11168a79dc1,92276.0,0.5,1.0,0.0,0.0,0.047619047619047616,0.0,2538.0,2504.0,74325.0,29.0,11160.0,0.0,0.0,7388.0,7353.0,1.0,1.0,1.0,0.0,0.0,0.0,74126.0,29.0,11520.0,0.0,0.0,7405.0,2556.0,1.0,1.0,1.0,dra1-cal-nominal-830011|prefix=0.50,0.5,SPT_FULL,balanced
dra1-cal-nominal-830011,nominal,16392.0,joint_scarcity,134796.0,c58594557f87796248e65bc694598eab9a10f081f9d549692ccaf486bfaa770f,133984.0,0.75,1.0,0.0,0.0,0.19047619047619047,0.0,2523.0,2492.0,7655.0,3.0,2352.0,0.0,0.0,7443.0,4951.0,1.0,1.0,1.0,0.0,0.0,0.0,142451.0,56.0,15312.0,0.0,2560.0,7652.0,2440.0,1.0,1.0,1.0,dra1-cal-nominal-830011|prefix=0.75,0.75,SPT_FULL,B
dra1-cal-nominal-830012,nominal,14640.0,joint_scarcity,99473.0,f018fb16592a7e52118b8143a4a7f27bde908bbc5cc4303e8ee7b2a5aa2d9046,16439.0,0.25,1.0,0.0,0.0,0.7619047619047619,0.0,0.0,0.0,125165.0,49.0,13464.0,0.0,2458.0,9908.0,9744.0,1.0,1.0,1.0,0.0,2507.0,0.0,25692.0,10.0,14304.0,0.0,0.0,4908.0,4959.0,1.0,1.0,1.0,dra1-cal-nominal-830012|prefix=0.25,0.25,SPT_FULL,A
dra1-cal-nominal-830012,nominal,2688.0,joint_scarcity,44.0,36934e1cbb2a981414568178fb4d9f5a0b5f8fe10df213bd11b5d1a1ba330cd5,24097.0,0.5,1.0,0.0,0.0,0.6190476190476191,0.0,0.0,0.0,33316.0,13.0,2400.0,0.0,2493.0,10133.0,7445.0,1.0,1.0,1.0,0.0,2546.0,0.0,33360.0,13.0,2568.0,0.0,0.0,5005.0,4961.0,1.0,1.0,1.0,dra1-cal-nominal-830012|prefix=0.50,0.5,SPT_FULL,balanced
dra1-cal-nominal-830012,nominal,15312.0,joint_scarcity,140197.0,54bf59ddc10e20c56b7be1c2322f4bfbe1b5f6006f831110213e77140f1d5d0e,26887.0,0.75,1.0,0.0,0.0,0.7619047619047619,0.0,2569.0,2569.0,5150.0,2.0,6408.0,0.0,0.0,4985.0,4820.0,1.0,1.0,1.0,0.0,0.0,0.0,145347.0,57.0,15216.0,0.0,2600.0,10179.0,4900.0,1.0,1.0,1.0,dra1-cal-nominal-830012|prefix=0.75,0.75,SPT_FULL,B
dra1-cal-nominal-830013,nominal,16608.0,joint_scarcity,139921.0,5ca3f37d627decab9bc72b42039e03be1e63ba2586e2fafb9de8e19ca5ae1dca,101756.0,0.25,1.0,0.0,0.0,0.47619047619047616,0.0,0.0,2500.0,145025.0,57.0,16176.0,0.0,0.0,7548.0,4928.0,1.0,1.0,1.0,0.0,2445.0,0.0,5104.0,2.0,9552.0,0.0,2445.0,7403.0,7406.0,1.0,1.0,1.0,dra1-cal-nominal-830013|prefix=0.25,0.25,SPT_FULL,A
dra1-cal-nominal-830013,nominal,2520.0,joint_scarcity,79.0,76cc01aca87b0f976adaf37482ea8ab984317db00dbab4dd5a34a70959b1cba2,4582.0,0.5,1.0,0.0,0.0,0.6190476190476191,0.0,2515.0,0.0,20538.0,8.0,1656.0,0.0,2593.0,10077.0,7474.0,1.0,1.0,1.0,0.0,0.0,2480.0,20617.0,8.0,2400.0,0.0,0.0,4888.0,4850.0,1.0,1.0,1.0,dra1-cal-nominal-830013|prefix=0.50,0.5,SPT_FULL,balanced
dra1-cal-nominal-830013,nominal,16488.0,joint_scarcity,139644.0,db4c5c77f5cfe3c98921d59fbd3415f776f02d00eb86d210daafa65712b46b17,111623.0,0.75,1.0,0.0,0.0,0.7619047619047619,0.0,2550.0,0.0,5117.0,2.0,12624.0,0.0,0.0,4911.0,7439.0,1.0,1.0,1.0,0.0,0.0,2448.0,144761.0,57.0,16128.0,0.0,2496.0,9948.0,4929.0,1.0,1.0,1.0,dra1-cal-nominal-830013|prefix=0.75,0.75,SPT_FULL,B
dra1-cal-nominal-830014,nominal,16344.0,joint_scarcity,134966.0,6a5797af264605896ac67022b1f4e3b171ec614e5bb5d1138b69a730ed8ffcf7,117197.0,0.25,1.0,0.0,0.0,0.9047619047619048,0.0,0.0,0.0,142664.0,56.0,15864.0,0.0,2421.0,4886.0,2531.0,1.0,1.0,1.0,0.0,2501.0,2458.0,7698.0,3.0,12816.0,0.0,0.0,9775.0,7317.0,1.0,1.0,1.0,dra1-cal-nominal-830014|prefix=0.25,0.25,SPT_FULL,A
dra1-cal-nominal-830014,nominal,4152.0,joint_scarcity,42.0,7f8c7223767d7285f48978805aba48fca92040ac9854b3e82440cab5a2526e37,35014.0,0.5,1.0,0.0,0.0,0.3333333333333333,0.0,0.0,0.0,51406.0,20.0,3672.0,0.0,0.0,5009.0,2474.0,1.0,1.0,1.0,0.0,2484.0,2473.0,51448.0,20.0,4008.0,0.0,2548.0,9926.0,4927.0,1.0,1.0,1.0,dra1-cal-nominal-830014|prefix=0.50,0.5,SPT_FULL,balanced
dra1-cal-nominal-830014,nominal,14376.0,joint_scarcity,130098.0,8e6cea0b5276d2974bfdf58499888bd767f43ef48f6ca17e7a91acec686ad152,110790.0,0.75,1.0,0.0,0.0,0.19047619047619047,0.0,2567.0,2538.0,10274.0,4.0,8712.0,0.0,0.0,2406.0,2406.0,1.0,1.0,1.0,0.0,0.0,0.0,140372.0,55.0,14088.0,0.0,2576.0,12660.0,9913.0,1.0,1.0,1.0,dra1-cal-nominal-830014|prefix=0.75,0.75,SPT_FULL,B
dra1-cal-nominal-830015,nominal,15984.0,joint_scarcity,99440.0,1b7ccfcaf54fc107e3f358b3229a0b404820e654d1836038bbc72289a3b8d03d,85682.0,0.25,1.0,0.0,0.0,0.7619047619047619,0.0,0.0,0.0,125103.0,49.0,15648.0,0.0,0.0,5048.0,5013.0,1.0,1.0,1.0,0.0,2518.0,2480.0,25663.0,10.0,13104.0,0.0,2563.0,9916.0,4873.0,1.0,1.0,1.0,dra1-cal-nominal-830015|prefix=0.25,0.25,SPT_FULL,A
dra1-cal-nominal-830015,nominal,9144.0,joint_scarcity,33.0,63d2ac1861391b10992964339f550694bd3342649102fd78397f2f91480f00d4,60708.0,0.5,1.0,0.0,0.0,0.047619047619047616,0.0,2426.0,0.0,74277.0,29.0,9000.0,0.0,0.0,10038.0,7436.0,1.0,1.0,1.0,0.0,0.0,2541.0,74310.0,29.0,8664.0,0.0,0.0,5051.0,2457.0,1.0,1.0,1.0,dra1-cal-nominal-830015|prefix=0.50,0.5,SPT_FULL,balanced
dra1-cal-nominal-830015,nominal,16800.0,joint_scarcity,119870.0,5690b05da4c280038af1c0343142b159aea86b560fea79556529b700975e51d5,85731.0,0.75,1.0,0.0,0.0,0.6190476190476191,0.0,2563.0,0.0,15416.0,6.0,10584.0,0.0,0.0,7517.0,7441.0,1.0,1.0,1.0,0.0,0.0,0.0,135286.0,53.0,16392.0,0.0,2560.0,7661.0,4965.0,1.0,1.0,1.0,dra1-cal-nominal-830015|prefix=0.75,0.75,SPT_FULL,B
dra1-cal-r22_localized-830016,r22_localized,10152.0,post_hit_recovery,86448.0,f6d51a898cbd5d9f7f388b6006c588dfab4739ed3675f20720a84990bf294460,46971.0,0.25,1.0,0.0,0.0,0.047619047619047616,0.0,0.0,2473.0,117169.0,46.0,9816.0,0.0,0.0,5065.0,2494.0,1.0,1.0,1.0,0.0,2529.0,0.0,30721.0,12.0,8064.0,0.0,0.0,9999.0,7405.0,1.0,1.0,1.0,dra1-cal-r22_localized-830016|prefix=0.25,0.25,SPT_FULL,A
dra1-cal-r22_localized-830016,r22_localized,3096.0,post_hit_recovery,18.0,7a3f419afed1387476a418d64fa712abdf7fce58a9fb9f151e2511b1a085f4d7,24348.0,0.5,1.0,0.0,0.0,0.047619047619047616,0.0,2492.0,0.0,35899.0,14.0,2736.0,0.0,0.0,10021.0,4882.0,1.0,1.0,1.0,0.0,0.0,2440.0,35881.0,14.0,3024.0,0.0,0.0,4938.0,5004.0,1.0,1.0,1.0,dra1-cal-r22_localized-830016|prefix=0.50,0.5,SPT_FULL,balanced
dra1-cal-r22_localized-830016,r22_localized,13512.0,post_hit_recovery,111900.0,4e23604f65ad566b0fb72efdcf1d4c7d491bf5003a660eb93e122c8bbf808d64,61572.0,0.75,1.0,0.0,0.0,0.047619047619047616,0.0,2499.0,0.0,17902.0,7.0,8568.0,0.0,0.0,2512.0,2487.0,1.0,1.0,1.0,0.0,0.0,2409.0,129802.0,51.0,13440.0,0.0,0.0,12261.0,7384.0,1.0,1.0,1.0,dra1-cal-r22_localized-830016|prefix=0.75,0.75,SPT_FULL,B
dra1-cal-r22_localized-830017,r22_localized,12672.0,post_hit_recovery,83813.0,2870506c4a2007bf9cabc04035274b375e8f9306b1fb25a84061ad3e6e04e934,93697.0,0.25,1.0,0.0,0.0,0.047619047619047616,0.0,0.0,0.0,117212.0,46.0,11856.0,0.0,0.0,7620.0,4953.0,1.0,1.0,1.0,0.0,2560.0,0.0,33399.0,13.0,7536.0,0.0,0.0,7421.0,9964.0,1.0,1.0,1.0,dra1-cal-r22_localized-830017|prefix=0.25,0.25,SPT_FULL,A
dra1-cal-r22_localized-830017,r22_localized,7776.0,post_hit_recovery,7674.0,26f18e57691eb4f59285d9edfe503aa8fb62cc4cb33e6f2b194f406fa1255e82,58559.0,0.5,1.0,0.0,0.0,0.9047619047619048,0.0,0.0,0.0,79670.0,31.0,7296.0,0.0,2475.0,4961.0,2519.0,1.0,1.0,1.0,0.0,2545.0,0.0,71996.0,28.0,7344.0,0.0,0.0,10005.0,7426.0,1.0,1.0,1.0,dra1-cal-r22_localized-830017|prefix=0.50,0.5,SPT_FULL,balanced
dra1-cal-r22_localized-830017,r22_localized,12552.0,post_hit_recovery,114730.0,b7ef136d1d5e4ae3ec8c535f0f20c3afcd7da3796eb2b148a9b93a26ad18f918,104120.0,0.75,1.0,0.0,0.0,0.3333333333333333,0.0,2484.0,0.0,17992.0,7.0,7560.0,0.0,0.0,7469.0,4985.0,1.0,1.0,1.0,0.0,0.0,0.0,132722.0,52.0,11520.0,0.0,2553.0,7564.0,7413.0,1.0,1.0,1.0,dra1-cal-r22_localized-830017|prefix=0.75,0.75,SPT_FULL,B
dra1-cal-r22_localized-830018,r22_localized,11976.0,post_hit_recovery,129985.0,8200ed82fb60d69dbd61249f841f3783b1472b7b714887608d521f1f4b780740,82562.0,0.25,1.0,0.0,0.0,0.9047619047619048,0.0,0.0,0.0,140278.0,55.0,11856.0,0.0,2535.0,5115.0,2514.0,1.0,1.0,1.0,0.0,2570.0,2563.0,10293.0,4.0,9096.0,0.0,0.0,10082.0,9810.0,1.0,1.0,1.0,dra1-cal-r22_localized-830018|prefix=0.25,0.25,SPT_FULL,A
dra1-cal-r22_localized-830018,r22_localized,360.0,post_hit_recovery,22.0,f6bf3ad3bb5c1317240749291f75065c9740c10bc81ccbd9451f8352f47f5625,15012.0,0.5,1.0,0.0,0.0,0.7619047619047619,0.0,0.0,0.0,7659.0,3.0,168.0,0.0,0.0,7659.0,2554.0,1.0,1.0,1.0,0.0,2456.0,0.0,7637.0,3.0,264.0,0.0,2456.0,7488.0,4974.0,1.0,1.0,1.0,dra1-cal-r22_localized-830018|prefix=0.50,0.5,SPT_FULL,balanced
dra1-cal-r22_localized-830018,r22_localized,7656.0,post_hit_recovery,58548.0,52cb366fdc8a754da7d8c1ae45d04d0eab6495ddab83cdac722278e49c90f688,44643.0,0.75,1.0,0.0,0.0,0.19047619047619047,0.0,2542.0,2498.0,46274.0,18.0,7368.0,0.0,0.0,10035.0,4949.0,1.0,1.0,1.0,0.0,0.0,0.0,104822.0,41.0,7416.0,0.0,2402.0,4917.0,4928.0,1.0,1.0,1.0,dra1-cal-r22_localized-830018|prefix=0.75,0.75,SPT_FULL,B
dra1-cal-r22_localized-830019,r22_localized,15960.0,post_hit_recovery,94092.0,6b484e1fac0ef2b2be7d75132f4aee6fcc995595b0cc2f44aecd41fb92fa55ea,113336.0,0.25,1.0,0.0,0.0,0.6190476190476191,0.0,0.0,0.0,122211.0,48.0,12984.0,0.0,2522.0,10047.0,7297.0,1.0,1.0,1.0,0.0,2524.0,0.0,28119.0,11.0,2736.0,0.0,0.0,5100.0,7544.0,1.0,1.0,1.0,dra1-cal-r22_localized-830019|prefix=0.25,0.25,SPT_FULL,A
dra1-cal-r22_localized-830019,r22_localized,4464.0,post_hit_recovery,3070.0,a4a6d73dc56eca4dbb2d0b990f115a5aa6c7349a4177032dc8f2ac9c05e93e19,25688.0,0.5,1.0,0.0,0.0,0.19047619047619047,0.0,0.0,0.0,48578.0,19.0,4296.0,0.0,2500.0,14946.0,9782.0,1.0,1.0,1.0,0.0,2509.0,0.0,51648.0,20.0,4032.0,0.0,0.0,0.0,0.0,1.0,1.0,1.0,dra1-cal-r22_localized-830019|prefix=0.50,0.5,SPT_FULL,balanced
dra1-cal-r22_localized-830019,r22_localized,15792.0,post_hit_recovery,114231.0,4c62c8479c6a86a52ef421c5f69906c25db078f5bad1c6eee2062ba27241ccbc,107846.0,0.75,1.0,0.0,0.0,0.6190476190476191,0.0,2423.0,0.0,17871.0,7.0,1920.0,0.0,2423.0,4836.0,9921.0,1.0,1.0,1.0,0.0,0.0,0.0,132102.0,52.0,14424.0,0.0,0.0,9940.0,4909.0,1.0,1.0,1.0,dra1-cal-r22_localized-830019|prefix=0.75,0.75,SPT_FULL,B
dra1-cal-r22_localized-830020,r22_localized,12936.0,post_hit_recovery,94423.0,a1f6ec4681ee5fd920498b7fc49cfa8dac128c2b9ef721602b42e1ac7e920085,73273.0,0.25,1.0,0.0,0.0,0.6190476190476191,0.0,0.0,0.0,122599.0,48.0,12768.0,0.0,2568.0,10137.0,4980.0,1.0,1.0,1.0,0.0,2499.0,0.0,28176.0,11.0,11856.0,0.0,0.0,5025.0,2520.0,1.0,1.0,1.0,dra1-cal-r22_localized-830020|prefix=0.25,0.25,SPT_FULL,A
dra1-cal-r22_localized-830020,r22_localized,3048.0,post_hit_recovery,2775.0,2ce6adb9d0aac9ba382bf1e240e7f91da60461366d7559c2cb108c1167aee29e,34555.0,0.5,1.0,0.0,0.0,0.7619047619047619,0.0,2421.0,0.0,40972.0,16.0,2880.0,0.0,2421.0,10032.0,4982.0,1.0,1.0,1.0,0.0,0.0,2441.0,43747.0,17.0,2640.0,0.0,0.0,4999.0,4912.0,1.0,1.0,1.0,dra1-cal-r22_localized-830020|prefix=0.50,0.5,SPT_FULL,balanced
dra1-cal-r22_localized-830020,r22_localized,6624.0,post_hit_recovery,63795.0,da2c10c4da384f196a09cb751aa507976cd5180f1076e3338fe9bed434023d5b,54079.0,0.75,1.0,0.0,0.0,0.047619047619047616,0.0,2560.0,0.0,43821.0,17.0,6336.0,0.0,0.0,7536.0,12576.0,1.0,1.0,1.0,0.0,0.0,0.0,107616.0,42.0,6216.0,0.0,0.0,7530.0,0.0,1.0,1.0,1.0,dra1-cal-r22_localized-830020|prefix=0.75,0.75,SPT_FULL,B
dra1-cal-r22_localized-830021,r22_localized,9672.0,post_hit_recovery,68830.0,7a12857c5d5a288cee6493e0f1cd4a5de6ea445cfc643c27a06c5a17d1848694,78049.0,0.25,1.0,0.0,0.0,0.19047619047619047,0.0,0.0,2497.0,109902.0,43.0,9336.0,0.0,2553.0,9941.0,7318.0,1.0,1.0,1.0,0.0,2534.0,0.0,41072.0,16.0,8928.0,0.0,0.0,5040.0,2506.0,1.0,1.0,1.0,dra1-cal-r22_localized-830021|prefix=0.25,0.25,SPT_FULL,A
dra1-cal-r22_localized-830021,r22_localized,792.0,post_hit_recovery,5170.0,5f3af5bef2e2b19728963fe537f84394cd48b3a718da00c865c72432126b38a2,17669.0,0.5,1.0,0.0,0.0,0.3333333333333333,0.0,2450.0,0.0,15424.0,6.0,648.0,0.0,2450.0,7470.0,5059.0,1.0,1.0,1.0,0.0,0.0,0.0,10254.0,4.0,360.0,0.0,0.0,7525.0,2460.0,1.0,1.0,1.0,dra1-cal-r22_localized-830021|prefix=0.50,0.5,SPT_FULL,A
dra1-cal-r22_localized-830021,r22_localized,9792.0,post_hit_recovery,73785.0,1b82f68800f3d31b7a678323fa744b5c844722c9c592e31e1ffe487e500534ea,93280.0,0.75,1.0,0.0,0.0,0.9047619047619048,0.0,2559.0,2450.0,38506.0,15.0,9312.0,0.0,0.0,5003.0,7635.0,1.0,1.0,1.0,0.0,0.0,0.0,112291.0,44.0,9048.0,0.0,2570.0,10043.0,4910.0,1.0,1.0,1.0,dra1-cal-r22_localized-830021|prefix=0.75,0.75,SPT_FULL,B
dra1-cal-r22_localized-830022,r22_localized,15744.0,post_hit_recovery,86182.0,c938b25e432512516216a81f81055f40bcc120809a7a798d973a951ef1a7fc63,78391.0,0.25,1.0,0.0,0.0,0.3333333333333333,0.0,0.0,2480.0,116946.0,46.0,15288.0,0.0,2408.0,7368.0,2447.0,1.0,1.0,1.0,0.0,2514.0,0.0,30764.0,12.0,14376.0,0.0,0.0,7550.0,10122.0,1.0,1.0,1.0,dra1-cal-r22_localized-830022|prefix=0.25,0.25,SPT_FULL,A
dra1-cal-r22_localized-830022,r22_localized,2880.0,post_hit_recovery,12811.0,b0fa1c0da22e4c3c1803a84c86811587c9d41a83ec4f1252e83e2a77dcb9e0f7,25112.0,0.5,1.0,0.0,0.0,0.7619047619047619,0.0,2400.0,0.0,28253.0,11.0,2568.0,0.0,2400.0,7410.0,4944.0,1.0,1.0,1.0,0.0,0.0,2508.0,41064.0,16.0,2472.0,0.0,0.0,7531.0,2432.0,1.0,1.0,1.0,dra1-cal-r22_localized-830022|prefix=0.50,0.5,SPT_FULL,B
dra1-cal-r22_localized-830022,r22_localized,15576.0,post_hit_recovery,134964.0,7c0c5b5f93e154609cf76c3f5a521d9cda1f5ec968eb3e63420d5e82ec8de22f,85831.0,0.75,1.0,0.0,0.0,0.3333333333333333,0.0,2480.0,0.0,7659.0,3.0,792.0,0.0,2480.0,12580.0,4923.0,1.0,1.0,1.0,0.0,0.0,0.0,142623.0,56.0,15480.0,0.0,0.0,2560.0,4894.0,1.0,1.0,1.0,dra1-cal-r22_localized-830022|prefix=0.75,0.75,SPT_FULL,B
dra1-cal-r22_localized-830023,r22_localized,10848.0,post_hit_recovery,114663.0,faa8a0d6e4ce4454e481e0ba73646b4e724cffdfbd054eb5c0605f968c385299,57436.0,0.25,1.0,0.0,0.0,0.19047619047619047,0.0,0.0,0.0,132650.0,52.0,10536.0,0.0,2404.0,12599.0,7527.0,1.0,1.0,1.0,0.0,2551.0,0.0,17987.0,7.0,10176.0,0.0,0.0,2551.0,0.0,1.0,1.0,1.0,dra1-cal-r22_localized-830023|prefix=0.25,0.25,SPT_FULL,A
dra1-cal-r22_localized-830023,r22_localized,7104.0,post_hit_recovery,17849.0,b3464aaaa13ca0cb256d4688bcf1c7884f6181be8c738c37ff3b21cdc87594bb,52464.0,0.5,1.0,0.0,0.0,0.9047619047619048,0.0,2503.0,2411.0,84470.0,33.0,6792.0,0.0,0.0,10020.0,4934.0,1.0,1.0,1.0,0.0,0.0,0.0,66621.0,26.0,6576.0,0.0,2400.0,4946.0,4979.0,1.0,1.0,1.0,dra1-cal-r22_localized-830023|prefix=0.50,0.5,SPT_FULL,A
dra1-cal-r22_localized-830023,r22_localized,13896.0,post_hit_recovery,124290.0,0a9812dc0cf1b98146a0e665c84f95535d629f55d94c26f1d6085471898e584f,99393.0,0.75,1.0,0.0,0.0,0.3333333333333333,0.0,2560.0,2560.0,12823.0,5.0,10176.0,0.0,0.0,0.0,5116.0,1.0,1.0,1.0,0.0,0.0,0.0,137113.0,54.0,13080.0,0.0,2568.0,14927.0,9802.0,1.0,1.0,1.0,dra1-cal-r22_localized-830023|prefix=0.75,0.75,SPT_FULL,B
dra1-cal-r22_localized-830024,r22_localized,15120.0,post_hit_recovery,99538.0,3f6e3331530c676936ff55ffa872c57fd2f7b3ea596c0947aaa7d7d7ab341860,49916.0,0.25,1.0,0.0,0.0,0.6190476190476191,0.0,0.0,0.0,125249.0,49.0,14016.0,0.0,0.0,9862.0,12282.0,1.0,1.0,1.0,0.0,2418.0,0.0,25711.0,10.0,15048.0,0.0,2418.0,4965.0,0.0,1.0,1.0,1.0,dra1-cal-r22_localized-830024|prefix=0.25,0.25,SPT_FULL,A
dra1-cal-r22_localized-830024,r22_localized,15120.0,post_hit_recovery,17969.0,6d37c63f88c07e8e435da59119efcd0e2820b2c247f3ddbd8faa3dcbf330108d,57736.0,0.5,1.0,0.0,0.0,0.6190476190476191,0.0,2492.0,0.0,84512.0,33.0,13992.0,0.0,0.0,9862.0,12271.0,1.0,1.0,1.0,0.0,0.0,0.0,66543.0,26.0,13080.0,0.0,2418.0,4965.0,0.0,1.0,1.0,1.0,dra1-cal-r22_localized-830024|prefix=0.50,0.5,SPT_FULL,A
dra1-cal-r22_localized-830024,r22_localized,15024.0,post_hit_recovery,99427.0,cb231db9a1cf7ee8e6d8f6f7f95961ab9a5f3361026e7c71e95499c69e3024ff,64781.0,0.75,1.0,0.0,0.0,0.047619047619047616,0.0,2467.0,0.0,25633.0,10.0,13872.0,0.0,0.0,12575.0,7407.0,1.0,1.0,1.0,0.0,0.0,0.0,125060.0,49.0,14256.0,0.0,0.0,2507.0,2507.0,1.0,1.0,1.0,dra1-cal-r22_localized-830024|prefix=0.75,0.75,SPT_FULL,B
dra1-cal-r22_localized-830025,r22_localized,14664.0,post_hit_recovery,78704.0,dac4e1d6700b88cefe66a9606755ec7ba78bcc608cddb1d22642738837e96574,37528.0,0.25,1.0,0.0,0.0,0.9047619047619048,0.0,0.0,0.0,114628.0,45.0,13632.0,0.0,2521.0,9994.0,7372.0,1.0,1.0,1.0,0.0,2558.0,2547.0,35924.0,14.0,7440.0,0.0,0.0,5035.0,5042.0,1.0,1.0,1.0,dra1-cal-r22_localized-830025|prefix=0.25,0.25,SPT_FULL,A
dra1-cal-r22_localized-830025,r22_localized,3192.0,post_hit_recovery,7878.0,a7176909d253b9a6c9fcf6646412db9b6467bc7ca8042cafa287839235407d9f,17689.0,0.5,1.0,0.0,0.0,0.6190476190476191,0.0,0.0,0.0,30652.0,12.0,2232.0,0.0,2462.0,12333.0,9880.0,1.0,1.0,1.0,0.0,2498.0,0.0,38530.0,15.0,2952.0,0.0,0.0,2498.0,0.0,1.0,1.0,1.0,dra1-cal-r22_localized-830025|prefix=0.50,0.5,SPT_FULL,B
dra1-cal-r22_localized-830025,r22_localized,14664.0,post_hit_recovery,119995.0,207a6a9fae9152fbe8231ed32f9abfedc87544724ced41216a5e27cf69773d50,50498.0,0.75,1.0,0.0,0.0,0.9047619047619048,0.0,2497.0,0.0,15327.0,6.0,7968.0,0.0,2521.0,9994.0,4887.0,1.0,1.0,1.0,0.0,0.0,2518.0,135322.0,53.0,13728.0,0.0,0.0,5035.0,7458.0,1.0,1.0,1.0,dra1-cal-r22_localized-830025|prefix=0.75,0.75,SPT_FULL,B
dra1-cal-r22_localized-830026,r22_localized,16512.0,post_hit_recovery,119816.0,27fea660fa812e9c95fcc5cfe24056fde2daff022d0f610d550f18cf441238b7,94558.0,0.25,1.0,0.0,0.0,0.9047619047619048,0.0,0.0,0.0,135235.0,53.0,14688.0,0.0,0.0,10187.0,2499.0,1.0,1.0,1.0,0.0,2448.0,0.0,15419.0,6.0,14232.0,0.0,2448.0,4999.0,5077.0,1.0,1.0,1.0,dra1-cal-r22_localized-830026|prefix=0.25,0.25,SPT_FULL,A
dra1-cal-r22_localized-830026,r22_localized,2304.0,post_hit_recovery,15316.0,5f559d51cfbfd0423a5ffdb840aa50a4097e8dd9a9bfb656ec2ccb89734e9eed,14172.0,0.5,1.0,0.0,0.0,0.3333333333333333,0.0,0.0,0.0,33406.0,13.0,2184.0,0.0,0.0,7586.0,2472.0,1.0,1.0,1.0,0.0,2497.0,0.0,18090.0,7.0,1392.0,0.0,2571.0,7443.0,4872.0,1.0,1.0,1.0,dra1-cal-r22_localized-830026|prefix=0.50,0.5,SPT_FULL,A
dra1-cal-r22_localized-830026,r22_localized,16656.0,post_hit_recovery,99268.0,9aa28bc85ae0ba099baa7b4701c96482c11773d6156ea88f3a90bc59bfaf00cd,71685.0,0.75,1.0,0.0,0.0,0.7619047619047619,0.0,2567.0,0.0,25714.0,10.0,15864.0,0.0,0.0,4992.0,10082.0,1.0,1.0,1.0,0.0,0.0,2403.0,124982.0,49.0,14976.0,0.0,2490.0,9779.0,2448.0,1.0,1.0,1.0,dra1-cal-r22_localized-830026|prefix=0.75,0.75,SPT_FULL,B
dra1-cal-r22_localized-830027,r22_localized,8064.0,post_hit_recovery,104290.0,ab8fb78519c78f2ff7112bc32aa3aa85b876f285149b350913a7ef29e9621ac9,40137.0,0.25,1.0,0.0,0.0,0.6190476190476191,0.0,0.0,0.0,127492.0,50.0,7968.0,0.0,2411.0,9693.0,7381.0,1.0,1.0,1.0,0.0,2491.0,0.0,23202.0,9.0,7272.0,0.0,0.0,4912.0,4847.0,1.0,1.0,1.0,dra1-cal-r22_localized-830027|prefix=0.25,0.25,SPT_FULL,A
dra1-cal-r22_localized-830027,r22_localized,7968.0,post_hit_recovery,15324.0,601f26d959daf6819fb40f22a4caf94946d9b85a3107c955ec1aa06f607cce70,30377.0,0.5,1.0,0.0,0.0,0.047619047619047616,0.0,2541.0,2401.0,82131.0,32.0,7368.0,0.0,0.0,4991.0,4974.0,1.0,1.0,1.0,0.0,0.0,0.0,66807.0,26.0,7488.0,0.0,0.0,10041.0,7330.0,1.0,1.0,1.0,dra1-cal-r22_localized-830027|prefix=0.50,0.5,SPT_FULL,A
dra1-cal-r22_localized-830027,r22_localized,15144.0,post_hit_recovery,119629.0,cea462ad6e82c02181fa702cf561b9e1c2b9c76c932f507d3a04ffb48564dc11,106248.0,0.75,1.0,0.0,0.0,0.7619047619047619,0.0,2515.0,2420.0,15349.0,6.0,10032.0,0.0,0.0,9982.0,2497.0,1.0,1.0,1.0,0.0,0.0,0.0,134978.0,53.0,14664.0,0.0,2453.0,4973.0,2485.0,1.0,1.0,1.0,dra1-cal-r22_localized-830027|prefix=0.75,0.75,SPT_FULL,B
dra1-cal-r22_localized-830028,r22_localized,16632.0,post_hit_recovery,139961.0,b412570587e95bbe06b5ebc2131f7a3362b0a9ee5e5f6bd5de9594cf0b4e0393,125316.0,0.25,1.0,0.0,0.0,0.6190476190476191,0.0,0.0,2455.0,145044.0,57.0,15984.0,0.0,2556.0,7514.0,4953.0,1.0,1.0,1.0,0.0,2507.0,0.0,5083.0,2.0,1728.0,0.0,0.0,7445.0,4932.0,1.0,1.0,1.0,dra1-cal-r22_localized-830028|prefix=0.25,0.25,SPT_FULL,A
dra1-cal-r22_localized-830028,r22_localized,12528.0,post_hit_recovery,2465.0,e2a301d724f98c5376070cd22ebd3aa545e5a843eeee0ec15bbf20db3e230fbc,102545.0,0.5,1.0,0.0,0.0,0.19047619047619047,0.0,2515.0,0.0,76657.0,30.0,10248.0,0.0,0.0,7462.0,7423.0,1.0,1.0,1.0,0.0,0.0,0.0,74192.0,29.0,12168.0,0.0,2560.0,7543.0,4921.0,1.0,1.0,1.0,dra1-cal-r22_localized-830028|prefix=0.50,0.5,SPT_FULL,balanced
dra1-cal-r22_localized-830028,r22_localized,10152.0,post_hit_recovery,106711.0,1d7d58f891b1449d335d40c8635b27acd9fa43ceb877ec3456a5238d9c639c4c,82459.0,0.75,1.0,0.0,0.0,0.047619047619047616,0.0,2572.0,5134.0,20592.0,8.0,6024.0,0.0,0.0,4930.0,7439.0,1.0,1.0,1.0,0.0,0.0,2415.0,127303.0,50.0,9888.0,0.0,0.0,9822.0,0.0,1.0,1.0,1.0,dra1-cal-r22_localized-830028|prefix=0.75,0.75,SPT_FULL,B
dra1-cal-r22_localized-830029,r22_localized,12648.0,post_hit_recovery,145304.0,f03a06efedf51a38d8680b38c8b9fd5d06fae2f7a1af5accfade93c3e6556b60,67194.0,0.25,1.0,0.0,0.0,0.9047619047619048,0.0,0.0,0.0,147811.0,58.0,12312.0,0.0,2457.0,12425.0,7324.0,1.0,1.0,1.0,0.0,2460.0,0.0,2507.0,1.0,120.0,0.0,0.0,2507.0,0.0,1.0,1.0,1.0,dra1-cal-r22_localized-830029|prefix=0.25,0.25,SPT_FULL,A
dra1-cal-r22_localized-830029,r22_localized,2712.0,post_hit_recovery,2515.0,5abab9256968a3c9c87f2a1855733f48398ec0e5ebc5183af3ccdaf115560ef7,29084.0,0.5,1.0,0.0,0.0,0.7619047619047619,0.0,0.0,0.0,35925.0,14.0,2616.0,0.0,2564.0,7639.0,0.0,1.0,1.0,1.0,0.0,2436.0,0.0,33410.0,13.0,2232.0,0.0,0.0,7478.0,4953.0,1.0,1.0,1.0,dra1-cal-r22_localized-830029|prefix=0.50,0.5,SPT_FULL,balanced
dra1-cal-r22_localized-830029,r22_localized,12360.0,post_hit_recovery,66203.0,4951458fc47a93d3325f0ee53b2551042ff0d4ab7cd69eaf30e13455fd045b55,49415.0,0.75,1.0,0.0,0.0,0.19047619047619047,0.0,2545.0,0.0,41148.0,16.0,11784.0,0.0,0.0,7540.0,4995.0,1.0,1.0,1.0,0.0,0.0,2479.0,107351.0,42.0,12072.0,0.0,2581.0,7622.0,7498.0,1.0,1.0,1.0,dra1-cal-r22_localized-830029|prefix=0.75,0.75,SPT_FULL,B
dra1-cal-r22_localized-830030,r22_localized,9312.0,post_hit_recovery,60969.0,1d159b240ac0de201fb668bcc154bcd5a6e26ab3613508620fdc9532013ba06e,65339.0,0.25,1.0,0.0,0.0,0.047619047619047616,0.0,0.0,0.0,104605.0,41.0,8952.0,0.0,0.0,7448.0,4990.0,1.0,1.0,1.0,0.0,2466.0,2458.0,43636.0,17.0,8496.0,0.0,0.0,7506.0,5117.0,1.0,1.0,1.0,dra1-cal-r22_localized-830030|prefix=0.25,0.25,SPT_FULL,A
dra1-cal-r22_localized-830030,r22_localized,9312.0,post_hit_recovery,95.0,eb848cd15a7a8fb4ec8d1ad5a8c87db6338db7b607230008d53ad0ec4075d71e,50082.0,0.5,1.0,0.0,0.0,0.047619047619047616,0.0,2510.0,2446.0,74281.0,29.0,8952.0,0.0,0.0,7448.0,5002.0,1.0,1.0,1.0,0.0,0.0,0.0,74186.0,29.0,8904.0,0.0,0.0,7506.0,5092.0,1.0,1.0,1.0,dra1-cal-r22_localized-830030|prefix=0.50,0.5,SPT_FULL,balanced
dra1-cal-r22_localized-830030,r22_localized,13272.0,post_hit_recovery,119669.0,c8d3d13aea29d55d1a8406895bbb615e0aa66f7c3dd610a43f431429efdc140a,92378.0,0.75,1.0,0.0,0.0,0.6190476190476191,0.0,2408.0,0.0,15292.0,6.0,1200.0,0.0,2408.0,9969.0,5027.0,1.0,1.0,1.0,0.0,0.0,0.0,134961.0,53.0,12624.0,0.0,0.0,4981.0,0.0,1.0,1.0,1.0,dra1-cal-r22_localized-830030|prefix=0.75,0.75,SPT_FULL,B
dra1-cal-r23_localized-830031,r23_localized,15552.0,post_hit_recovery,50661.0,ab2e074d3f87ff18ab7823d55fb245c4cffa252b0e7c7f63e158641d4d3ba830,82368.0,0.25,1.0,0.0,0.0,0.19047619047619047,0.0,0.0,2495.0,99499.0,39.0,15480.0,0.0,2485.0,9960.0,4902.0,1.0,1.0,1.0,0.0,2554.0,0.0,48838.0,19.0,12000.0,0.0,0.0,4893.0,9786.0,1.0,1.0,1.0,dra1-cal-r23_localized-830031|prefix=0.25,0.25,SPT_FULL,A
dra1-cal-r23_localized-830031,r23_localized,4752.0,post_hit_recovery,22678.0,00a687a805d2f9c9d9f087a5db1652ef03875338b7841ea9748aa69be82c3e91,28049.0,0.5,1.0,0.0,0.0,0.9047619047619048,0.0,0.0,0.0,43948.0,17.0,4728.0,0.0,0.0,5033.0,9895.0,1.0,1.0,1.0,0.0,2475.0,2469.0,66626.0,26.0,4584.0,0.0,2475.0,9862.0,7347.0,1.0,1.0,1.0,dra1-cal-r23_localized-830031|prefix=0.50,0.5,SPT_FULL,B
dra1-cal-r23_localized-830031,r23_localized,15552.0,post_hit_recovery,137800.0,f15741e2d28bc3a92e31c4c8b8b59a6181592bdeba083497dfa810c703cf2ab2,107854.0,0.75,1.0,0.0,0.0,0.19047619047619047,0.0,2485.0,0.0,5148.0,2.0,456.0,0.0,2485.0,9960.0,4902.0,1.0,1.0,1.0,0.0,0.0,2532.0,142948.0,56.0,14928.0,0.0,0.0,4893.0,9786.0,1.0,1.0,1.0,dra1-cal-r23_localized-830031|prefix=0.75,0.75,SPT_FULL,B
dra1-cal-r23_localized-830032,r23_localized,15504.0,post_hit_recovery,129788.0,b6aab4b440f2b1f2cbbd9d98caf4dd78f00baeac2ece06349acfe038bcb6190b,94869.0,0.25,1.0,0.0,0.0,0.9047619047619048,0.0,0.0,0.0,139905.0,55.0,12216.0,0.0,2404.0,2404.0,7301.0,1.0,1.0,1.0,0.0,2466.0,0.0,10117.0,4.0,144.0,0.0,0.0,12583.0,2567.0,1.0,1.0,1.0,dra1-cal-r23_localized-830032|prefix=0.25,0.25,SPT_FULL,A
dra1-cal-r23_localized-830032,r23_localized,15624.0,post_hit_recovery,22799.0,d7a62ae30545e8235f5a3597ceee2aa7ea993b262506f64f0062d51dbcb61b1a,77466.0,0.5,1.0,0.0,0.0,0.6190476190476191,0.0,0.0,0.0,86798.0,34.0,11400.0,0.0,0.0,2404.0,2404.0,1.0,1.0,1.0,0.0,2526.0,0.0,63999.0,25.0,15048.0,0.0,2536.0,12715.0,7466.0,1.0,1.0,1.0,dra1-cal-r23_localized-830032|prefix=0.50,0.5,SPT_FULL,A
dra1-cal-r23_localized-830032,r23_localized,15624.0,post_hit_recovery,78983.0,3b99ac61db779b2aef37da25152b13e2a28d93cbcccfcb39b90ca27ac261ba32,87557.0,0.75,1.0,0.0,0.0,0.6190476190476191,0.0,2546.0,0.0,35822.0,14.0,11400.0,0.0,0.0,2404.0,2404.0,1.0,1.0,1.0,0.0,0.0,2511.0,114805.0,45.0,15192.0,0.0,2536.0,12715.0,4955.0,1.0,1.0,1.0,dra1-cal-r23_localized-830032|prefix=0.75,0.75,SPT_FULL,B
dra1-cal-r23_localized-830033,r23_localized,15192.0,post_hit_recovery,104193.0,f57eb40d595f8364d94d0a4f8b52a3f586a826046085d3da4b312d1a2162cbb0,85649.0,0.25,1.0,0.0,0.0,0.047619047619047616,0.0,0.0,0.0,127212.0,50.0,15168.0,0.0,0.0,7454.0,7395.0,1.0,1.0,1.0,0.0,2537.0,0.0,23019.0,9.0,2064.0,0.0,0.0,7691.0,2521.0,1.0,1.0,1.0,dra1-cal-r23_localized-830033|prefix=0.25,0.25,SPT_FULL,A
dra1-cal-r23_localized-830033,r23_localized,7608.0,post_hit_recovery,2670.0,63a3bcfde23e187c0850e5083b59a231b4fcf103c07e2812f30ad1c8d302a4a2,36019.0,0.5,1.0,0.0,0.0,0.9047619047619048,0.0,2472.0,2403.0,74385.0,29.0,7584.0,0.0,2485.0,9824.0,7403.0,1.0,1.0,1.0,0.0,0.0,0.0,77055.0,30.0,7536.0,0.0,0.0,4893.0,4937.0,1.0,1.0,1.0,dra1-cal-r23_localized-830033|prefix=0.50,0.5,SPT_FULL,balanced
dra1-cal-r23_localized-830033,r23_localized,14952.0,post_hit_recovery,124391.0,4130527db3a8907b891a2a37aaddbfb710e1cb94dcd15fa0115811ec29d7b3a6,95699.0,0.75,1.0,0.0,0.0,0.6190476190476191,0.0,2497.0,0.0,12804.0,5.0,7728.0,0.0,2497.0,7519.0,2458.0,1.0,1.0,1.0,0.0,0.0,0.0,137195.0,54.0,14760.0,0.0,0.0,7408.0,2427.0,1.0,1.0,1.0,dra1-cal-r23_localized-830033|prefix=0.75,0.75,SPT_FULL,B
dra1-cal-r23_localized-830034,r23_localized,11520.0,post_hit_recovery,73766.0,8b7844e93f054b35b5e5da98b9fca71ec9b1361bdb01eda35e0b5f69b170d79c,80781.0,0.25,1.0,0.0,0.0,0.19047619047619047,0.0,0.0,0.0,112140.0,44.0,11448.0,0.0,0.0,7356.0,2425.0,1.0,1.0,1.0,0.0,2468.0,0.0,38374.0,15.0,8424.0,0.0,2491.0,7555.0,0.0,1.0,1.0,1.0,dra1-cal-r23_localized-830034|prefix=0.25,0.25,SPT_FULL,A
dra1-cal-r23_localized-830034,r23_localized,4080.0,post_hit_recovery,7411.0,7cf9abfb69f765b7983ef698185ee0a8fe4078f3fea0c986ad6030e675565467,33476.0,0.5,1.0,0.0,0.0,0.9047619047619048,0.0,0.0,0.0,46230.0,18.0,3912.0,0.0,2437.0,9986.0,7379.0,1.0,1.0,1.0,0.0,2432.0,0.0,53641.0,21.0,3768.0,0.0,0.0,5014.0,4909.0,1.0,1.0,1.0,dra1-cal-r23_localized-830034|prefix=0.50,0.5,SPT_FULL,balanced
dra1-cal-r23_localized-830034,r23_localized,11592.0,post_hit_recovery,68590.0,1dcff7b7f8f3fb632711e90318def376bc413a3340d59c2fbbcd7ef6c864ea92,70479.0,0.75,1.0,0.0,0.0,0.6190476190476191,0.0,2487.0,0.0,41020.0,16.0,11352.0,0.0,0.0,2450.0,7356.0,1.0,1.0,1.0,0.0,0.0,2468.0,109610.0,43.0,10152.0,0.0,2600.0,12652.0,0.0,1.0,1.0,1.0,dra1-cal-r23_localized-830034|prefix=0.75,0.75,SPT_FULL,B
dra1-cal-r23_localized-830035,r23_localized,12168.0,post_hit_recovery,91902.0,e5667fb890adcea9160553448789a432058b7b8addb88b69d3dbc3b86cc5060c,55520.0,0.25,1.0,0.0,0.0,0.047619047619047616,0.0,0.0,0.0,120198.0,47.0,11856.0,0.0,0.0,7322.0,4864.0,1.0,1.0,1.0,0.0,2541.0,2479.0,28296.0,11.0,10392.0,0.0,0.0,7497.0,4898.0,1.0,1.0,1.0,dra1-cal-r23_localized-830035|prefix=0.25,0.25,SPT_FULL,A
dra1-cal-r23_localized-830035,r23_localized,7896.0,post_hit_recovery,2719.0,7a3205b2fd0d727064ea5379a7df6294193abf267c02bda6be58674feaa669c4,37759.0,0.5,1.0,0.0,0.0,0.6190476190476191,0.0,2436.0,0.0,77235.0,30.0,7224.0,0.0,2436.0,9872.0,9856.0,1.0,1.0,1.0,0.0,0.0,2493.0,74516.0,29.0,7608.0,0.0,0.0,5042.0,0.0,1.0,1.0,1.0,dra1-cal-r23_localized-830035|prefix=0.50,0.5,SPT_FULL,balanced
dra1-cal-r23_localized-830035,r23_localized,12144.0,post_hit_recovery,99507.0,e1c64656572cfeb2e0cdc9b9b380cdd1191058b21c28f370cc19d6fe826a2cc5,55450.0,0.75,1.0,0.0,0.0,0.9047619047619048,0.0,2458.0,2434.0,25753.0,10.0,8208.0,0.0,0.0,7322.0,4898.0,1.0,1.0,1.0,0.0,0.0,0.0,125260.0,49.0,11544.0,0.0,2479.0,7497.0,4898.0,1.0,1.0,1.0,dra1-cal-r23_localized-830035|prefix=0.75,0.75,SPT_FULL,B
dra1-cal-r23_localized-830036,r23_localized,14376.0,post_hit_recovery,101728.0,89fc7709fa103738bc209fea24085177cbfbd1a5a3f81425e54f01783f964e66,39769.0,0.25,1.0,0.0,0.0,0.19047619047619047,0.0,0.0,2403.0,124798.0,49.0,13704.0,0.0,2557.0,7541.0,2480.0,1.0,1.0,1.0,0.0,2548.0,0.0,23070.0,9.0,7584.0,0.0,0.0,7527.0,10024.0,1.0,1.0,1.0,dra1-cal-r23_localized-830036|prefix=0.25,0.25,SPT_FULL,A
dra1-cal-r23_localized-830036,r23_localized,6600.0,post_hit_recovery,12795.0,d5e590f2cf4b5f68d4071057b27a25ea4ca72e4c0036dd594401a521e361a00f,10763.0,0.5,1.0,0.0,0.0,0.9047619047619048,0.0,0.0,0.0,66821.0,26.0,5928.0,0.0,0.0,4866.0,14809.0,1.0,1.0,1.0,0.0,2449.0,2407.0,54026.0,21.0,6336.0,0.0,2583.0,9947.0,0.0,1.0,1.0,1.0,dra1-cal-r23_localized-830036|prefix=0.50,0.5,SPT_FULL,A
dra1-cal-r23_localized-830036,r23_localized,14328.0,post_hit_recovery,94021.0,d9f79b9ed7db0a31e08312e7c67a7b0dff2458f61e0a01a6a1f9818e482748b6,47406.0,0.75,1.0,0.0,0.0,0.9047619047619048,0.0,2403.0,0.0,28177.0,11.0,13632.0,0.0,2403.0,7527.0,2480.0,1.0,1.0,1.0,0.0,0.0,2508.0,122198.0,48.0,12072.0,0.0,0.0,7527.0,4931.0,1.0,1.0,1.0,dra1-cal-r23_localized-830036|prefix=0.75,0.75,SPT_FULL,B
dra1-cal-r23_localized-830037,r23_localized,11232.0,post_hit_recovery,99226.0,ae782297cdfa9cc83f7930f1178e0ffbca00a24a3c135249678f3ef559f7a41d,56043.0,0.25,1.0,0.0,0.0,0.47619047619047616,0.0,0.0,0.0,124930.0,49.0,10992.0,0.0,0.0,7473.0,7385.0,1.0,1.0,1.0,0.0,2449.0,0.0,25704.0,10.0,9864.0,0.0,2449.0,7446.0,7468.0,1.0,1.0,1.0,dra1-cal-r23_localized-830037|prefix=0.25,0.25,SPT_FULL,A
dra1-cal-r23_localized-830037,r23_localized,11232.0,post_hit_recovery,7653.0,6acfeda3f39828cdea277cd3a9ac185a19574cf91849455a88af2a86b0da7fcd,58870.0,0.5,1.0,0.0,0.0,0.47619047619047616,0.0,2525.0,0.0,79268.0,31.0,10824.0,0.0,0.0,7473.0,9905.0,1.0,1.0,1.0,0.0,0.0,0.0,71615.0,28.0,10944.0,0.0,2449.0,7446.0,4945.0,1.0,1.0,1.0,dra1-cal-r23_localized-830037|prefix=0.50,0.5,SPT_FULL,balanced
dra1-cal-r23_localized-830037,r23_localized,11232.0,post_hit_recovery,89081.0,0933b292d578d7f46e7407e3b00f6fe00cf760669e3e792106efc005cc245a5b,58717.0,0.75,1.0,0.0,0.0,0.47619047619047616,0.0,2547.0,0.0,30826.0,12.0,10824.0,0.0,0.0,7473.0,12473.0,1.0,1.0,1.0,0.0,0.0,2465.0,119907.0,47.0,10944.0,0.0,2449.0,7446.0,2480.0,1.0,1.0,1.0,dra1-cal-r23_localized-830037|prefix=0.75,0.75,SPT_FULL,B
dra1-cal-r23_localized-830038,r23_localized,8376.0,post_hit_recovery,48197.0,06993eb150c44bc7116e283c4084d46e01839652bf9a1f52e1a14619280cde74,47998.0,0.25,1.0,0.0,0.0,0.47619047619047616,0.0,0.0,0.0,99697.0,39.0,8256.0,0.0,2428.0,9801.0,7282.0,1.0,1.0,1.0,0.0,2515.0,2421.0,51500.0,20.0,5952.0,0.0,0.0,4936.0,0.0,1.0,1.0,1.0,dra1-cal-r23_localized-830038|prefix=0.25,0.25,SPT_FULL,A
dra1-cal-r23_localized-830038,r23_localized,12984.0,post_hit_recovery,17742.0,64cd82055afd5bd40b89feb4ee094c7390f2c97abc043dcde126be7acfbd4ada,81460.0,0.5,1.0,0.0,0.0,0.9047619047619048,0.0,0.0,0.0,66638.0,26.0,12744.0,0.0,0.0,7615.0,5006.0,1.0,1.0,1.0,0.0,2435.0,0.0,84380.0,33.0,10440.0,0.0,2435.0,7582.0,4936.0,1.0,1.0,1.0,dra1-cal-r23_localized-830038|prefix=0.50,0.5,SPT_FULL,B
dra1-cal-r23_localized-830038,r23_localized,8376.0,post_hit_recovery,63855.0,bdaf2d75d27fad3ecfe058785f594c49841aa19f82072c841ed9969f80436b09,48128.0,0.75,1.0,0.0,0.0,0.47619047619047616,0.0,2428.0,0.0,43736.0,17.0,8256.0,0.0,2428.0,9801.0,7282.0,1.0,1.0,1.0,0.0,0.0,2421.0,107591.0,42.0,7872.0,0.0,0.0,4936.0,0.0,1.0,1.0,1.0,dra1-cal-r23_localized-830038|prefix=0.75,0.75,SPT_FULL,B
dra1-cal-r23_localized-830039,r23_localized,4992.0,post_hit_recovery,32901.0,fb11fffab6220314fc9d9cc669cec6941de0d77a13569c8759124ade93ee3757,18181.0,0.25,1.0,0.0,0.0,0.3333333333333333,0.0,0.0,2501.0,66467.0,26.0,4752.0,0.0,2514.0,10213.0,5000.0,1.0,1.0,1.0,0.0,2465.0,0.0,33566.0,13.0,4056.0,0.0,0.0,4920.0,27016.0,1.0,1.0,1.0,dra1-cal-r23_localized-830039|prefix=0.25,0.25,SPT_FULL,A
dra1-cal-r23_localized-830039,r23_localized,5256.0,post_hit_recovery,7337.0,5ca9cd0fe3822d94f6e16e3684b854da350ec08a1ea1f6089bba707bf0dc874d,23497.0,0.5,1.0,0.0,0.0,0.9047619047619048,0.0,0.0,2514.0,58967.0,23.0,5016.0,0.0,0.0,7593.0,2468.0,1.0,1.0,1.0,0.0,2482.0,0.0,51630.0,20.0,4320.0,0.0,2482.0,7475.0,7472.0,1.0,1.0,1.0,dra1-cal-r23_localized-830039|prefix=0.50,0.5,SPT_FULL,balanced
dra1-cal-r23_localized-830039,r23_localized,5256.0,post_hit_recovery,48621.0,6992fcd217a88e1074d7618a80f6b9f441a01ce6d2350e5145a8d761bdc1e779,18425.0,0.75,1.0,0.0,0.0,0.9047619047619048,0.0,2536.0,0.0,28452.0,11.0,4944.0,0.0,0.0,7593.0,2468.0,1.0,1.0,1.0,0.0,0.0,2524.0,77073.0,30.0,4968.0,0.0,2482.0,7475.0,7436.0,1.0,1.0,1.0,dra1-cal-r23_localized-830039|prefix=0.75,0.75,SPT_FULL,B
dra1-cal-r23_localized-830040,r23_localized,10848.0,post_hit_recovery,86923.0,0e5a5cffbd593ef2139c272c2eeb591e430e9753cc1323400b03cf777bdeaf08,66211.0,0.25,1.0,0.0,0.0,0.19047619047619047,0.0,0.0,2527.0,117720.0,46.0,10680.0,0.0,0.0,2594.0,7471.0,1.0,1.0,1.0,0.0,2474.0,0.0,30797.0,12.0,7968.0,0.0,2474.0,12582.0,5013.0,1.0,1.0,1.0,dra1-cal-r23_localized-830040|prefix=0.25,0.25,SPT_FULL,A
dra1-cal-r23_localized-830040,r23_localized,1968.0,post_hit_recovery,5152.0,da57ed15033df2b6465b1b7fd8bd67ee31c03c0e5310abd64f277023493d04e4,13226.0,0.5,1.0,0.0,0.0,0.3333333333333333,0.0,0.0,0.0,20564.0,8.0,1800.0,0.0,0.0,2510.0,4861.0,1.0,1.0,1.0,0.0,2507.0,2401.0,25716.0,10.0,1896.0,0.0,2593.0,12500.0,4956.0,1.0,1.0,1.0,dra1-cal-r23_localized-830040|prefix=0.50,0.5,SPT_FULL,B
dra1-cal-r23_localized-830040,r23_localized,10848.0,post_hit_recovery,86415.0,c65b46b2fd952caea979577954815a090e6131630c8218be6874a5c6c8724d20,91533.0,0.75,1.0,0.0,0.0,0.19047619047619047,0.0,2552.0,2545.0,30824.0,12.0,8064.0,0.0,0.0,2594.0,2432.0,1.0,1.0,1.0,0.0,0.0,0.0,117239.0,46.0,9912.0,0.0,2474.0,12582.0,7533.0,1.0,1.0,1.0,dra1-cal-r23_localized-830040|prefix=0.75,0.75,SPT_FULL,B
dra1-cal-r23_localized-830041,r23_localized,9888.0,post_hit_recovery,68669.0,d508dbcfb310ff4817ff6de80a187c700448387348393735cc0b7cab0f164213,65471.0,0.25,1.0,0.0,0.0,0.47619047619047616,0.0,0.0,0.0,109784.0,43.0,9744.0,0.0,0.0,10038.0,2409.0,1.0,1.0,1.0,0.0,2414.0,14974.0,41115.0,16.0,8568.0,0.0,2414.0,4974.0,0.0,1.0,1.0,1.0,dra1-cal-r23_localized-830041|prefix=0.25,0.25,SPT_FULL,A
dra1-cal-r23_localized-830041,r23_localized,9888.0,post_hit_recovery,17954.0,815a99f193574ac97e20ece066ed985b53562cb7f7534e80a7050ac58169cfd5,73430.0,0.5,1.0,0.0,0.0,0.47619047619047616,0.0,0.0,0.0,66578.0,26.0,9744.0,0.0,0.0,10038.0,4941.0,1.0,1.0,1.0,0.0,2414.0,12364.0,84532.0,33.0,9480.0,0.0,2414.0,4974.0,0.0,1.0,1.0,1.0,dra1-cal-r23_localized-830041|prefix=0.50,0.5,SPT_FULL,B
dra1-cal-r23_localized-830041,r23_localized,10200.0,post_hit_recovery,94236.0,9604ed8f113927c1f8b939e9692e8151ee180c6c07219f98906aa9ee353ce71c,70954.0,0.75,1.0,0.0,0.0,0.3333333333333333,0.0,2454.0,0.0,28308.0,11.0,9192.0,0.0,0.0,4969.0,4950.0,1.0,1.0,1.0,0.0,0.0,0.0,122544.0,48.0,9936.0,0.0,2550.0,9983.0,2449.0,1.0,1.0,1.0,dra1-cal-r23_localized-830041|prefix=0.75,0.75,SPT_FULL,B
dra1-cal-r23_localized-830042,r23_localized,12072.0,post_hit_recovery,83922.0,aaf4d9774b3ace81bab2fe2311a1ce127985ec673b7a56f49acb336c7fea931c,100491.0,0.25,1.0,0.0,0.0,0.47619047619047616,0.0,0.0,0.0,117205.0,46.0,12048.0,0.0,0.0,9979.0,2476.0,1.0,1.0,1.0,0.0,2435.0,2473.0,33283.0,13.0,9048.0,0.0,2435.0,4908.0,2436.0,1.0,1.0,1.0,dra1-cal-r23_localized-830042|prefix=0.25,0.25,SPT_FULL,A
dra1-cal-r23_localized-830042,r23_localized,3528.0,post_hit_recovery,84.0,96933019555e4ab5833b644a6fc6e218890ed062390500ab89bdf0cdfd1e8e76,44753.0,0.5,1.0,0.0,0.0,0.6190476190476191,0.0,0.0,2519.0,51490.0,20.0,3384.0,0.0,0.0,2459.0,2459.0,1.0,1.0,1.0,0.0,2433.0,0.0,51406.0,20.0,3072.0,0.0,2565.0,12468.0,7379.0,1.0,1.0,1.0,dra1-cal-r23_localized-830042|prefix=0.50,0.5,SPT_FULL,balanced
dra1-cal-r23_localized-830042,r23_localized,12192.0,post_hit_recovery,109334.0,50059bcca64db36c4ce518cd1f3a031ef0d7e0713cc345851f5552e3f97c2faa,95046.0,0.75,1.0,0.0,0.0,0.19047619047619047,0.0,2497.0,0.0,20481.0,8.0,10368.0,0.0,0.0,5067.0,7408.0,1.0,1.0,1.0,0.0,0.0,0.0,129815.0,51.0,11856.0,0.0,2516.0,9978.0,2473.0,1.0,1.0,1.0,dra1-cal-r23_localized-830042|prefix=0.75,0.75,SPT_FULL,B
dra1-cal-r23_localized-830043,r23_localized,8472.0,post_hit_recovery,35432.0,03411e902b6c01ac57d25c98636ab99dae3d71e13a0869dc34d7045a1adcfb2a,45273.0,0.25,1.0,0.0,0.0,0.047619047619047616,0.0,0.0,0.0,92133.0,36.0,8328.0,0.0,0.0,5040.0,0.0,1.0,1.0,1.0,0.0,2522.0,2425.0,56701.0,22.0,8136.0,0.0,0.0,9990.0,14785.0,1.0,1.0,1.0,dra1-cal-r23_localized-830043|prefix=0.25,0.25,SPT_FULL,A
dra1-cal-r23_localized-830043,r23_localized,3048.0,post_hit_recovery,13043.0,1711bb89da010b468d5735c37a59d915af8eaf7a03e8a2e5c7403037d8f0dcdb,24029.0,0.5,1.0,0.0,0.0,0.7619047619047619,0.0,0.0,0.0,30806.0,12.0,2616.0,0.0,2419.0,4840.0,2421.0,1.0,1.0,1.0,0.0,2474.0,0.0,43849.0,17.0,2808.0,0.0,0.0,10185.0,7430.0,1.0,1.0,1.0,dra1-cal-r23_localized-830043|prefix=0.50,0.5,SPT_FULL,B
dra1-cal-r23_localized-830043,r23_localized,8472.0,post_hit_recovery,102254.0,a069c412bc71231a2398002ca15bdeeafd8a67bf2e7a1f6b978d7745aad8cb2a,47695.0,0.75,1.0,0.0,0.0,0.047619047619047616,0.0,2548.0,0.0,23207.0,9.0,8040.0,0.0,0.0,5040.0,2476.0,1.0,1.0,1.0,0.0,0.0,2425.0,125461.0,49.0,8400.0,0.0,0.0,9990.0,12281.0,1.0,1.0,1.0,dra1-cal-r23_localized-830043|prefix=0.75,0.75,SPT_FULL,B
dra1-cal-r23_localized-830044,r23_localized,16776.0,post_hit_recovery,145359.0,f34d3900329c9da7ab4f4be84b9f6144f63a530128a14bb54b54962370f1c90d,64233.0,0.25,1.0,0.0,0.0,0.47619047619047616,0.0,0.0,0.0,147853.0,58.0,15864.0,0.0,0.0,9867.0,7359.0,1.0,1.0,1.0,0.0,2473.0,0.0,2494.0,1.0,24.0,0.0,2494.0,4967.0,10058.0,1.0,1.0,1.0,dra1-cal-r23_localized-830044|prefix=0.25,0.25,SPT_FULL,A
dra1-cal-r23_localized-830044,r23_localized,3096.0,post_hit_recovery,7554.0,250e014c90f924c6bf3a9229fc7010a6abbce55618d47a12d8f97125828266a6,36877.0,0.5,1.0,0.0,0.0,0.047619047619047616,0.0,2526.0,2447.0,38541.0,15.0,2304.0,0.0,0.0,10160.0,2524.0,1.0,1.0,1.0,0.0,0.0,0.0,46095.0,18.0,2256.0,0.0,0.0,4917.0,2428.0,1.0,1.0,1.0,dra1-cal-r23_localized-830044|prefix=0.50,0.5,SPT_FULL,balanced
dra1-cal-r23_localized-830044,r23_localized,16776.0,post_hit_recovery,129646.0,28c94e7f16218a69494acb62bf57376eec4b64f294a67662e355f8767bc7c064,51139.0,0.75,1.0,0.0,0.0,0.47619047619047616,0.0,2477.0,0.0,10224.0,4.0,864.0,0.0,0.0,9867.0,9990.0,1.0,1.0,1.0,0.0,0.0,0.0,139870.0,55.0,16536.0,0.0,2494.0,4967.0,10006.0,1.0,1.0,1.0,dra1-cal-r23_localized-830044|prefix=0.75,0.75,SPT_FULL,B
dra1-cal-r23_localized-830045,r23_localized,15816.0,post_hit_recovery,134971.0,bf20697174dc19da5b130f52e4fa4e6d9f5a17adc19b3be211c09188bbec8c16,75771.0,0.25,1.0,0.0,0.0,0.7619047619047619,0.0,0.0,2475.0,142561.0,56.0,15528.0,0.0,0.0,7351.0,9747.0,1.0,1.0,1.0,0.0,2480.0,0.0,7590.0,3.0,192.0,0.0,2480.0,7520.0,2539.0,1.0,1.0,1.0,dra1-cal-r23_localized-830045|prefix=0.25,0.25,SPT_FULL,A
dra1-cal-r23_localized-830045,r23_localized,456.0,post_hit_recovery,12772.0,e0f97d44431a99eedfe9e23370488eb577b57f944850efeecbe6c11499aec244,15306.0,0.5,1.0,0.0,0.0,0.3333333333333333,0.0,0.0,4932.0,15285.0,6.0,336.0,0.0,2518.0,5070.0,0.0,1.0,1.0,1.0,0.0,2483.0,0.0,2513.0,1.0,144.0,0.0,0.0,9952.0,7393.0,1.0,1.0,1.0,dra1-cal-r23_localized-830045|prefix=0.50,0.5,SPT_FULL,A
dra1-cal-r23_localized-830045,r23_localized,16080.0,post_hit_recovery,94082.0,2eadd661143c4f759f53ee361ec7344a848004ed5b07ee4be17f63851d60cb27,58393.0,0.75,1.0,0.0,0.0,0.3333333333333333,0.0,2557.0,0.0,28250.0,11.0,13776.0,0.0,0.0,2546.0,7507.0,1.0,1.0,1.0,0.0,0.0,0.0,122332.0,48.0,15432.0,0.0,2408.0,12438.0,7384.0,1.0,1.0,1.0,dra1-cal-r23_localized-830045|prefix=0.75,0.75,SPT_FULL,B
dra1-cal-r24_mixed-830046,r24_mixed,1608.0,localized_r24_both_up,67589.0,61b17c0a44c3aa11313f8fc3ba6c95c1bd46d2baa1f2871e82df415c44739f70,95184.0,0.25,1.0,0.0,0.0,0.19047619047619047,0.0,0.0,0.0,94949.0,36.0,1584.0,0.1047299076346249,2589.0,12726.0,0.0,1.0,1.0,1.0,0.0,0.0,0.0,27360.0,10.0,768.0,0.17642543859649124,0.0,4914.0,0.0,1.0,1.0,1.0,dra1-cal-r24_mixed-830046|prefix=0.25,0.25,SPT_FULL,A
dra1-cal-r24_mixed-830046,r24_mixed,3792.0,localized_r24_both_up,32.0,4f98ca7847b6796d9c2c1595ccac5a5c0e2b4403966ce5d2fa67320041708871,250184.0,0.5,1.0,0.0,0.0,0.19047619047619047,0.0,0.0,0.0,80883.0,31.0,3768.0,0.12294301645586836,2415.0,9954.0,0.0,1.0,1.0,1.0,0.0,0.0,0.0,80915.0,29.0,2952.0,0.24520793425199283,0.0,7574.0,0.0,1.0,1.0,1.0,dra1-cal-r24_mixed-830046|prefix=0.50,0.5,SPT_FULL,balanced
dra1-cal-r24_mixed-830046,r24_mixed,5304.0,localized_r24_both_up,34558.0,16fc5853b6b737b9272161d42011b94e08055767b4b9daaabd4e2396eee71fb8,355184.0,0.75,1.0,0.0,0.0,0.19047619047619047,0.0,0.0,0.0,65869.0,24.0,5280.0,0.22635837799268244,0.0,4928.0,0.0,1.0,1.0,1.0,0.0,0.0,0.0,100427.0,36.0,4464.0,0.24909635854899578,5175.0,12548.0,0.0,1.0,1.0,1.0,dra1-cal-r24_mixed-830046|prefix=0.75,0.75,SPT_FULL,B
dra1-cal-r24_mixed-830047,r24_mixed,7656.0,localized_r24_both_up,54491.0,1e481b2d158fcb0569e7cb3547af4ae61a18bb802154388d5a353f7787fd0ee8,502903.0,0.25,1.0,0.0,0.0,0.19047619047619047,0.0,0.0,0.0,115466.0,39.0,7488.0,0.3485874629761142,4990.0,14983.0,0.0,1.0,1.0,1.0,0.0,0.0,0.0,60975.0,21.0,6360.0,0.3253792537925379,0.0,2596.0,0.0,1.0,1.0,1.0,dra1-cal-r24_mixed-830047|prefix=0.25,0.25,SPT_FULL,A
dra1-cal-r24_mixed-830047,r24_mixed,192.0,localized_r24_both_up,7.0,6739f6abe2108d22fbe4c409e186111767511660a2ed79e6c46dbc95677e5988,7739.0,0.5,1.0,0.0,0.0,0.7619047619047619,0.0,0.0,0.0,5011.0,1.0,24.0,1.0,5011.0,12272.0,7261.0,1.0,1.0,1.0,0.0,0.0,0.0,5018.0,2.0,120.0,0.0,0.0,5018.0,0.0,1.0,1.0,1.0,dra1-cal-r24_mixed-830047|prefix=0.50,0.5,SPT_FULL,balanced
dra1-cal-r24_mixed-830047,r24_mixed,192.0,localized_r24_both_up,7.0,a60fa501b4a45e421a3f19c09163999cefe27e2b8503f75771948fab394a4d0c,7739.0,0.75,1.0,0.0,0.0,0.7619047619047619,0.0,0.0,0.0,5011.0,1.0,24.0,1.0,5011.0,12272.0,7261.0,1.0,1.0,1.0,0.0,0.0,0.0,5018.0,2.0,120.0,0.0,0.0,5018.0,0.0,1.0,1.0,1.0,dra1-cal-r24_mixed-830047|prefix=0.75,0.75,SPT_FULL,balanced
dra1-cal-r24_mixed-830048,r24_mixed,456.0,localized_r24_both_up,10191.0,3b01ac18268c17db1f91b1a3517a2eeadea4ea70c36ec4c258697e528cbfec0b,20145.0,0.25,1.0,0.0,0.0,0.3333333333333333,0.0,2492.0,2410.0,17886.0,7.0,384.0,0.0,2561.0,12504.0,0.0,1.0,1.0,1.0,0.0,0.0,0.0,7695.0,2.0,312.0,0.6654970760233918,0.0,5121.0,0.0,1.0,1.0,1.0,dra1-cal-r24_mixed-830048|prefix=0.25,0.25,SPT_FULL,A
dra1-cal-r24_mixed-830048,r24_mixed,552.0,localized_r24_both_up,191.0,3197cedafdff4d9922ea0e792c58b3021fb1f0401064d818e216c2cb77ede9b7,25214.0,0.5,1.0,0.0,0.0,0.9047619047619048,0.0,2500.0,0.0,15386.0,6.0,480.0,0.0,0.0,7402.0,7333.0,1.0,1.0,1.0,0.0,0.0,0.0,15195.0,5.0,408.0,0.3370187561697927,2450.0,7500.0,0.0,1.0,1.0,1.0,dra1-cal-r24_mixed-830048|prefix=0.50,0.5,SPT_FULL,balanced
dra1-cal-r24_mixed-830048,r24_mixed,3480.0,localized_r24_both_up,119273.0,9eaf2f8bfc79b09e37d852ded1a5187f182c72df1f11cee49330cb736cab53b1,133019.0,0.75,1.0,0.0,0.0,0.3333333333333333,0.0,0.0,0.0,22389.0,8.0,528.0,0.22569118763678592,0.0,5102.0,0.0,1.0,1.0,1.0,0.0,0.0,0.0,141662.0,52.0,3192.0,0.1772599567985769,4898.0,12316.0,0.0,1.0,1.0,1.0,dra1-cal-r24_mixed-830048|prefix=0.75,0.75,SPT_FULL,B
dra1-cal-r24_mixed-830049,r24_mixed,11184.0,localized_r24_both_up,2863.0,7779c22e3981ee8d4502b908390715525249d9e92a35ef3d15d4251e66e4c96c,692843.0,0.25,1.0,0.0,0.0,0.19047619047619047,0.0,0.0,0.0,95597.0,29.0,9552.0,0.5203301358829252,4951.0,12649.0,0.0,1.0,1.0,1.0,0.0,0.0,0.0,92734.0,31.0,11016.0,0.37540707831000497,0.0,5032.0,0.0,1.0,1.0,1.0,dra1-cal-r24_mixed-830049|prefix=0.25,0.25,SPT_FULL,balanced
dra1-cal-r24_mixed-830049,r24_mixed,10560.0,localized_r24_both_up,338.0,d18ec7f15b0b70d65bdbd2d46778ae4855e158ed7396248d302391f6256239c2,647843.0,0.5,1.0,0.0,0.0,0.47619047619047616,0.0,0.0,0.0,93072.0,29.0,8928.0,0.481251074436995,4895.0,9809.0,0.0,1.0,1.0,1.0,0.0,0.0,0.0,92734.0,31.0,10392.0,0.37540707831000497,0.0,7669.0,0.0,1.0,1.0,1.0,dra1-cal-r24_mixed-830049|prefix=0.50,0.5,SPT_FULL,balanced
dra1-cal-r24_mixed-830049,r24_mixed,2448.0,localized_r24_both_up,77934.0,60932e27bc54e571b556d01ebb0e594e133f7d5fbdb52d454c02c496e5b4edc7,107843.0,0.75,1.0,0.0,0.0,0.19047619047619047,0.0,0.0,0.0,36882.0,14.0,840.0,0.13581150696816877,0.0,2468.0,0.0,1.0,1.0,1.0,0.0,0.0,0.0,114816.0,43.0,2376.0,0.12942447045707917,2568.0,14901.0,0.0,1.0,1.0,1.0,dra1-cal-r24_mixed-830049|prefix=0.75,0.75,SPT_FULL,B
dra1-cal-r24_mixed-830050,r24_mixed,12264.0,localized_r24_both_up,63572.0,e8c65b48541488da5375a6cf4fc0d0df3438a2f5e19c3c93bdf15016307410b1,842906.0,0.25,1.0,0.0,0.0,0.6190476190476191,0.0,0.0,0.0,127730.0,40.0,11952.0,0.47229311829640647,2406.0,9740.0,0.0,1.0,1.0,1.0,0.0,0.0,0.0,64158.0,20.0,11472.0,0.474640730696094,0.0,5042.0,0.0,1.0,1.0,1.0,dra1-cal-r24_mixed-830050|prefix=0.25,0.25,SPT_FULL,A
dra1-cal-r24_mixed-830050,r24_mixed,1776.0,localized_r24_both_up,922.0,1c55b1c7a16eb9672ec779a8925adfff322c1d3e0f8306132e3503fab376f293,92906.0,0.5,1.0,0.0,0.0,0.19047619047619047,0.0,0.0,0.0,62402.0,23.0,1536.0,0.16036344988942663,5062.0,12482.0,0.0,1.0,1.0,1.0,0.0,0.0,0.0,63324.0,24.0,1632.0,0.07996967974227781,0.0,4992.0,0.0,1.0,1.0,1.0,dra1-cal-r24_mixed-830050|prefix=0.50,0.5,SPT_FULL,balanced
dra1-cal-r24_mixed-830050,r24_mixed,1440.0,localized_r24_both_up,13339.0,091f428eccf6d7f1ec591b30371557450d933d87eb238ad51b2569487653ab80,67906.0,0.75,1.0,0.0,0.0,0.19047619047619047,0.0,0.0,0.0,39983.0,15.0,1200.0,0.12367756296425982,0.0,4937.0,0.0,1.0,1.0,1.0,0.0,0.0,0.0,53322.0,20.0,1296.0,0.09497018116349724,2492.0,9935.0,0.0,1.0,1.0,1.0,dra1-cal-r24_mixed-830050|prefix=0.75,0.75,SPT_FULL,B
dra1-cal-r24_mixed-830051,r24_mixed,14328.0,localized_r24_both_up,10368.0,62700f2eae3dc100a66f08c76bb8ee121500f9a82d5e18783564dcd2d403d87a,893120.0,0.25,1.0,0.0,0.0,0.9047619047619048,0.0,0.0,0.0,105653.0,32.0,11568.0,0.5211588880580769,5098.0,10142.0,0.0,1.0,1.0,1.0,0.0,0.0,0.0,95285.0,28.0,13920.0,0.5701317101327597,0.0,7626.0,0.0,1.0,1.0,1.0,dra1-cal-r24_mixed-830051|prefix=0.25,0.25,SPT_FULL,balanced
dra1-cal-r24_mixed-830051,r24_mixed,13272.0,localized_r24_both_up,265.0,418ca25a3b3fcd764b175373078cf17a9d4616cbe626264e01093466c660dc93,818120.0,0.5,1.0,0.0,0.0,0.6190476190476191,0.0,0.0,0.0,97968.0,31.0,10512.0,0.4589151559692961,2402.0,14951.0,0.0,1.0,1.0,1.0,0.0,0.0,0.0,97703.0,29.0,12864.0,0.556021821233739,0.0,2475.0,0.0,1.0,1.0,1.0,dra1-cal-r24_mixed-830051|prefix=0.50,0.5,SPT_FULL,balanced
dra1-cal-r24_mixed-830051,r24_mixed,2760.0,localized_r24_both_up,114424.0,5cb7da25776e4a858564180e11d7aacef13c22ed8b2d964125d5c0e8e6958a33,88120.0,0.75,1.0,0.0,0.0,0.047619047619047616,0.0,2528.0,2435.0,12914.0,5.0,2736.0,0.0,0.0,4898.0,7448.0,1.0,1.0,1.0,0.0,0.0,0.0,127338.0,47.0,2640.0,0.15586077997141465,0.0,12349.0,0.0,1.0,1.0,1.0,dra1-cal-r24_mixed-830051|prefix=0.75,0.75,SPT_FULL,B
dra1-cal-r24_mixed-830052,r24_mixed,336.0,localized_r24_both_up,2351.0,7e3cca4c677380051e22b3aa40843ea19db8efbc07ccb6ff49ab88612e461c07,12685.0,0.25,1.0,0.0,0.0,0.6190476190476191,0.0,2422.0,0.0,5135.0,2.0,168.0,0.0,0.0,9978.0,7360.0,1.0,1.0,1.0,0.0,0.0,2566.0,7486.0,2.0,240.0,0.6561581619022174,4912.0,7442.0,2530.0,1.0,1.0,1.0,dra1-cal-r24_mixed-830052|prefix=0.25,0.25,SPT_FULL,B
dra1-cal-r24_mixed-830052,r24_mixed,15120.0,localized_r24_both_up,4423.0,be2aba8529f8375634880ba06befb6a020443e6ea134c4c32e069a8151f4cbaf,1010507.0,0.5,1.0,0.0,0.0,0.6190476190476191,0.0,0.0,0.0,98606.0,29.0,13752.0,0.5602194592621139,2406.0,7361.0,0.0,1.0,1.0,1.0,0.0,0.0,0.0,103029.0,31.0,14808.0,0.53267526618719,0.0,7470.0,0.0,1.0,1.0,1.0,dra1-cal-r24_mixed-830052|prefix=0.50,0.5,SPT_FULL,balanced
dra1-cal-r24_mixed-830052,r24_mixed,2064.0,localized_r24_both_up,60078.0,6cb4939df4e1773bbe49dc70c66f3e539f671e0a9a20897bc4281665b8274045,90507.0,0.75,1.0,0.0,0.0,0.9047619047619048,0.0,0.0,0.0,35099.0,13.0,1896.0,0.14142853072737116,0.0,2409.0,0.0,1.0,1.0,1.0,0.0,0.0,0.0,95177.0,36.0,1992.0,0.1030606133834855,2514.0,12449.0,0.0,1.0,1.0,1.0,dra1-cal-r24_mixed-830052|prefix=0.75,0.75,SPT_FULL,B
dra1-cal-r24_mixed-830053,r24_mixed,3360.0,localized_r24_both_up,152104.0,748c7447a4383675b23d3d2015ab704f619b56fba90ef1f14e5535a99713ca31,110336.0,0.25,1.0,0.0,0.0,0.6190476190476191,0.0,0.0,0.0,157241.0,58.0,3336.0,0.15944950744398725,2497.0,10086.0,0.0,1.0,1.0,1.0,0.0,0.0,2547.0,5137.0,2.0,408.0,0.0,0.0,5006.0,7455.0,1.0,1.0,1.0,dra1-cal-r24_mixed-830053|prefix=0.25,0.25,SPT_FULL,A
dra1-cal-r24_mixed-830053,r24_mixed,96.0,localized_r24_both_up,7482.0,f5d540d3e222d19b3d55cb7b616703c8396056716c86fd1a8b630034da26fdd2,10000.0,0.5,1.0,0.0,0.0,0.19047619047619047,0.0,0.0,0.0,7482.0,2.0,72.0,0.6674685912857524,4994.0,7482.0,0.0,1.0,1.0,1.0,0.0,0.0,0.0,0.0,0.0,0.0,0.0,0.0,0.0,0.0,1.0,1.0,1.0,dra1-cal-r24_mixed-830053|prefix=0.50,0.5,SPT_FULL,A
dra1-cal-r24_mixed-830053,r24_mixed,96.0,localized_r24_both_up,7482.0,0ba6d53e422e6ea71849b81b786215bd6d32286fecd001b8f2ac418b1ce38f6f,10000.0,0.75,1.0,0.0,0.0,0.19047619047619047,0.0,0.0,0.0,7482.0,2.0,72.0,0.6674685912857524,4994.0,7482.0,0.0,1.0,1.0,1.0,0.0,0.0,0.0,0.0,0.0,0.0,0.0,0.0,0.0,0.0,1.0,1.0,1.0,dra1-cal-r24_mixed-830053|prefix=0.75,0.75,SPT_FULL,A
dra1-cal-r24_mixed-830054,r24_mixed,15336.0,localized_r24_both_up,40370.0,207e7d792ac79528df67262b772ec1049d4adbf3100ab736082017595a8b5dfe,955182.0,0.25,1.0,0.0,0.0,0.9047619047619048,0.0,0.0,0.0,122318.0,37.0,11904.0,0.5274693830834383,2404.0,4855.0,0.0,1.0,1.0,1.0,0.0,0.0,0.0,81948.0,23.0,15048.0,0.6181847024942646,0.0,9978.0,0.0,1.0,1.0,1.0,dra1-cal-r24_mixed-830054|prefix=0.25,0.25,SPT_FULL,A
dra1-cal-r24_mixed-830054,r24_mixed,9192.0,localized_r24_both_up,813.0,97b25e4dadc8945b71916ae7c2940eb426af38ecafe1bf475f59d24e054a6964,540182.0,0.5,1.0,0.0,0.0,0.3333333333333333,0.0,0.0,0.0,90265.0,30.0,5760.0,0.38439040602669916,0.0,7457.0,0.0,1.0,1.0,1.0,0.0,0.0,0.0,91078.0,30.0,8904.0,0.38920485737499727,2423.0,7557.0,0.0,1.0,1.0,1.0,dra1-cal-r24_mixed-830054|prefix=0.50,0.5,SPT_FULL,balanced
dra1-cal-r24_mixed-830054,r24_mixed,3120.0,localized_r24_both_up,144850.0,b46df2dec681f326e87e4e8d7cd024e110ff1afd12a404b89d5a7b93124aeae4,119957.0,0.75,1.0,0.0,0.0,0.19047619047619047,0.0,0.0,2507.0,7712.0,3.0,1152.0,0.0,0.0,10039.0,9902.0,1.0,1.0,1.0,0.0,0.0,0.0,152562.0,56.0,3000.0,0.1660505237215034,2598.0,5038.0,0.0,1.0,1.0,1.0,dra1-cal-r24_mixed-830054|prefix=0.75,0.75,SPT_FULL,B
dra1-cal-r24_mixed-830055,r24_mixed,2520.0,localized_r24_both_up,74331.0,60d45fc21973c7d778f7d511207a13ab01301d7e34dfdbd16373284ac50f4f44,110613.0,0.25,1.0,0.0,0.0,0.6190476190476191,0.0,0.0,0.0,114869.0,44.0,2496.0,0.08730815102421019,2590.0,7706.0,0.0,1.0,1.0,1.0,0.0,0.0,0.0,40538.0,15.0,2160.0,0.12099758251517095,0.0,7580.0,0.0,1.0,1.0,1.0,dra1-cal-r24_mixed-830055|prefix=0.25,0.25,SPT_FULL,A
dra1-cal-r24_mixed-830055,r24_mixed,11856.0,localized_r24_both_up,426.0,be10aff28dc1f172d2005876f774e9d92c774d2528682d8aece3af101e8295ee,760613.0,0.5,1.0,0.0,0.0,0.19047619047619047,0.0,0.0,0.0,95415.0,31.0,11352.0,0.4195042708169575,0.0,7462.0,0.0,1.0,1.0,1.0,0.0,0.0,0.0,95841.0,29.0,9984.0,0.5223651673083545,4894.0,9841.0,0.0,1.0,1.0,1.0,dra1-cal-r24_mixed-830055|prefix=0.50,0.5,SPT_FULL,balanced
dra1-cal-r24_mixed-830055,r24_mixed,7872.0,localized_r24_both_up,5589.0,81fcd3294e3856ecef533ba8f1300a0a8f530f621e8d9f97d348baefab70c3e1,470654.0,0.75,1.0,0.0,0.0,0.47619047619047616,0.0,0.0,0.0,85181.0,31.0,7368.0,0.2347824045268311,2407.0,7313.0,0.0,1.0,1.0,1.0,0.0,0.0,0.0,90770.0,29.0,6000.0,0.44125812493114464,0.0,10055.0,0.0,1.0,1.0,1.0,dra1-cal-r24_mixed-830055|prefix=0.75,0.75,SPT_FULL,balanced
dra1-cal-r24_mixed-830056,r24_mixed,2280.0,localized_r24_both_up,63174.0,9bf297741d250d3535c090028f338f24046bef43b0992ab0f8fe3453c3cc11c0,105662.0,0.25,1.0,0.0,0.0,0.19047619047619047,0.0,0.0,0.0,105867.0,40.0,2256.0,0.09368358411969735,2563.0,15166.0,0.0,1.0,1.0,1.0,0.0,0.0,0.0,42693.0,16.0,2016.0,0.11622514229498981,0.0,0.0,0.0,1.0,1.0,1.0,dra1-cal-r24_mixed-830056|prefix=0.25,0.25,SPT_FULL,A
dra1-cal-r24_mixed-830056,r24_mixed,5808.0,localized_r24_both_up,175.0,ee1baa589874be47497a084a185c5e9512f42eb8be5f1434981b691c5870ecc3,355662.0,0.5,1.0,0.0,0.0,0.19047619047619047,0.0,0.0,0.0,83124.0,31.0,5160.0,0.17796304316442904,0.0,2408.0,0.0,1.0,1.0,1.0,0.0,0.0,0.0,83299.0,29.0,4464.0,0.2970623897045583,2447.0,12486.0,0.0,1.0,1.0,1.0,dra1-cal-r24_mixed-830056|prefix=0.50,0.5,SPT_FULL,balanced
dra1-cal-r24_mixed-830056,r24_mixed,8040.0,localized_r24_both_up,29790.0,27ae22e976d79f49df69bd3bac837a55a2e54a5cd0dae5c88b8454a559cbe061,513073.0,0.75,1.0,0.0,0.0,0.47619047619047616,0.0,0.0,0.0,73145.0,26.0,7392.0,0.2704354364618224,2422.0,2422.0,0.0,1.0,1.0,1.0,0.0,0.0,0.0,102935.0,34.0,6696.0,0.3867392043522611,0.0,12447.0,0.0,1.0,1.0,1.0,dra1-cal-r24_mixed-830056|prefix=0.75,0.75,SPT_FULL,B
dra1-cal-r24_mixed-830057,r24_mixed,96.0,localized_r24_both_up,2654.0,333831fb95e5113a654282185af8fc60eaf275e801dba45f8c7dd48251cd03b0,10000.0,0.25,1.0,0.0,0.0,0.19047619047619047,0.0,0.0,0.0,2511.0,1.0,72.0,0.0,0.0,2511.0,0.0,1.0,1.0,1.0,0.0,0.0,0.0,5165.0,1.0,24.0,1.0,5165.0,5165.0,0.0,1.0,1.0,1.0,dra1-cal-r24_mixed-830057|prefix=0.25,0.25,SPT_FULL,B
dra1-cal-r24_mixed-830057,r24_mixed,96.0,localized_r24_both_up,2654.0,64e3b1b80f0223ba70f7d516721e93a9b8b6e2a1578868e1a9076f6a337fa48e,10000.0,0.5,1.0,0.0,0.0,0.19047619047619047,0.0,0.0,0.0,2511.0,1.0,72.0,0.0,0.0,2511.0,0.0,1.0,1.0,1.0,0.0,0.0,0.0,5165.0,1.0,24.0,1.0,5165.0,5165.0,0.0,1.0,1.0,1.0,dra1-cal-r24_mixed-830057|prefix=0.50,0.5,SPT_FULL,B
dra1-cal-r24_mixed-830057,r24_mixed,4728.0,localized_r24_both_up,81221.0,ddfde521ff1dc720baa7bef04b4f938fe1a4dfa59543ef6e0e70341e4af312b6,283029.0,0.75,1.0,0.0,0.0,0.7619047619047619,0.0,0.0,0.0,41593.0,16.0,3096.0,0.11961147308441324,0.0,5074.0,0.0,1.0,1.0,1.0,0.0,0.0,0.0,122814.0,44.0,4656.0,0.24488250525184424,4910.0,12605.0,0.0,1.0,1.0,1.0,dra1-cal-r24_mixed-830057|prefix=0.75,0.75,SPT_FULL,B
dra1-cal-r24_mixed-830058,r24_mixed,1032.0,localized_r24_both_up,42442.0,600bb8c57c22231b2f47acdef3f04c039c8e082b8778e60f464b46a50d9ff327,30228.0,0.25,1.0,0.0,0.0,0.7619047619047619,0.0,0.0,0.0,45036.0,17.0,888.0,0.1112443378630429,2519.0,9996.0,0.0,1.0,1.0,1.0,0.0,2584.0,2475.0,2594.0,1.0,336.0,0.0,0.0,4927.0,7380.0,1.0,1.0,1.0,dra1-cal-r24_mixed-830058|prefix=0.25,0.25,SPT_FULL,A
dra1-cal-r24_mixed-830058,r24_mixed,2160.0,localized_r24_both_up,8.0,799bcc04b806fad49a59107940bec11eadebae75ddff2b893fbaec97a37338ea,112812.0,0.5,1.0,0.0,0.0,0.47619047619047616,0.0,0.0,0.0,77395.0,30.0,2016.0,0.06473286388009561,2494.0,7473.0,0.0,1.0,1.0,1.0,0.0,0.0,0.0,77387.0,29.0,1536.0,0.12807060617416363,0.0,7627.0,0.0,1.0,1.0,1.0,dra1-cal-r24_mixed-830058|prefix=0.50,0.5,SPT_FULL,balanced
dra1-cal-r24_mixed-830058,r24_mixed,7080.0,localized_r24_both_up,9338.0,992c63ebbf1528442373afa6ac119c2f2764071a23328c80add1a148be5d12ce,452812.0,0.75,1.0,0.0,0.0,0.7619047619047619,0.0,0.0,0.0,80698.0,27.0,6672.0,0.3713103174799871,2411.0,7460.0,0.0,1.0,1.0,1.0,0.0,0.0,0.0,90036.0,33.0,6000.0,0.22127815540450488,0.0,7437.0,0.0,1.0,1.0,1.0,dra1-cal-r24_mixed-830058|prefix=0.75,0.75,SPT_FULL,balanced
dra1-cal-r24_mixed-830059,r24_mixed,15552.0,localized_r24_both_up,34923.0,56fa750a404acd9dbe407662bea90d14efbe644f0050e421d2140cdc241f4f70,1044911.0,0.25,1.0,0.0,0.0,0.19047619047619047,0.0,0.0,0.0,120936.0,33.0,14472.0,0.6614159555467355,5073.0,12566.0,0.0,1.0,1.0,1.0,0.0,0.0,0.0,86013.0,27.0,15144.0,0.4683129294408985,0.0,4977.0,0.0,1.0,1.0,1.0,dra1-cal-r24_mixed-830059|prefix=0.25,0.25,SPT_FULL,A
dra1-cal-r24_mixed-830059,r24_mixed,9048.0,localized_r24_both_up,54.0,aed1e79df7a1534abf524995c057da48aaccf0d0bb223bff710d7a2beab57e5c,599911.0,0.5,1.0,0.0,0.0,0.47619047619047616,0.0,0.0,0.0,90962.0,29.0,7968.0,0.44131615399837293,0.0,7490.0,0.0,1.0,1.0,1.0,0.0,0.0,0.0,90908.0,31.0,8640.0,0.33420601047212567,5059.0,10238.0,0.0,1.0,1.0,1.0,dra1-cal-r24_mixed-830059|prefix=0.50,0.5,SPT_FULL,balanced
dra1-cal-r24_mixed-830059,r24_mixed,3240.0,localized_r24_both_up,52776.0,9013350a46abafe95131a0649f100b8dbdc0c4404e4383a2ff44765167622b58,187473.0,0.75,1.0,0.0,0.0,0.9047619047619048,0.0,0.0,0.0,54277.0,20.0,2160.0,0.18389004550730512,0.0,2445.0,0.0,1.0,1.0,1.0,0.0,0.0,0.0,107053.0,40.0,2832.0,0.1409582169579554,2539.0,12762.0,0.0,1.0,1.0,1.0,dra1-cal-r24_mixed-830059|prefix=0.75,0.75,SPT_FULL,B
dra1-cal-r24_mixed-830060,r24_mixed,4056.0,localized_r24_both_up,73590.0,4dee1e4c792e16883a6e245f03afa2a86fb4fe0e275288c027428d314702494e,205647.0,0.25,1.0,0.0,0.0,0.7619047619047619,0.0,0.0,0.0,118079.0,43.0,3408.0,0.2093090219259987,2486.0,9918.0,0.0,1.0,1.0,1.0,0.0,0.0,0.0,44489.0,17.0,2616.0,0.11317404302187058,0.0,5033.0,0.0,1.0,1.0,1.0,dra1-cal-r24_mixed-830060|prefix=0.25,0.25,SPT_FULL,A
dra1-cal-r24_mixed-830060,r24_mixed,720.0,localized_r24_both_up,250.0,d304dd2edc7d4c4dae9916eda916ac063031141f092bb208ac283f9b5a758256,15560.0,0.5,1.0,0.0,0.0,0.9047619047619048,0.0,0.0,0.0,12563.0,4.0,576.0,0.3959245403168033,0.0,4974.0,0.0,1.0,1.0,1.0,0.0,0.0,2516.0,12813.0,5.0,288.0,0.0,2584.0,12664.0,4929.0,1.0,1.0,1.0,dra1-cal-r24_mixed-830060|prefix=0.50,0.5,SPT_FULL,balanced
dra1-cal-r24_mixed-830060,r24_mixed,11136.0,localized_r24_both_up,8118.0,25bc11075221b95d0dcffdaa9c5b7e68c3b47e3fffc751e5c7e9a4ec34d8f315,708118.0,0.75,1.0,0.0,0.0,0.9047619047619048,0.0,0.0,0.0,90204.0,30.0,10488.0,0.3846614340827458,0.0,7538.0,0.0,1.0,1.0,1.0,0.0,0.0,0.0,98322.0,30.0,9696.0,0.5082280669636501,2430.0,9995.0,0.0,1.0,1.0,1.0,dra1-cal-r24_mixed-830060|prefix=0.75,0.75,SPT_FULL,balanced
