tape_id,family,relative_time,category,imbalance,prefix_hash,sb_inventory,allocation_a,service_rule_spt_full,service_rule_fifo_partial,service_rule_r24_age_partial,day_phase,cssu_A_inventory,cssu_A_inbound,cssu_A_outbound,cssu_A_backlog_qty,cssu_A_backlog_count,cssu_A_max_age,cssu_A_r24_share,cssu_A_demand_1d,cssu_A_demand_7d,cssu_A_delivered_7d,cssu_A_op10_up,cssu_A_op11_up,cssu_A_op12_up,cssu_B_inventory,cssu_B_inbound,cssu_B_outbound,cssu_B_backlog_qty,cssu_B_backlog_count,cssu_B_max_age,cssu_B_r24_share,cssu_B_demand_1d,cssu_B_demand_7d,cssu_B_delivered_7d,cssu_B_op10_up,cssu_B_op11_up,cssu_B_op12_up
dra1-cal-nominal-830001,nominal,14280.0,joint_scarcity,145093.0,1f3f17a5400d988c6c839b04bb490e79477705d62b5de2d44b74dff3a5bc85ae,88377.0,0.25,1.0,0.0,0.0,0.6190476190476191,0.0,0.0,2516.0,147658.0,58.0,13920.0,0.0,2551.0,15110.0,4899.0,1.0,1.0,1.0,0.0,2559.0,0.0,2565.0,1.0,264.0,0.0,0.0,0.0,7544.0,1.0,1.0,1.0
dra1-cal-nominal-830002,nominal,15432.0,joint_scarcity,145508.0,e10a33a6367be458218c26ee773298925d95e9ced5900c65a9310109979f13e6,99531.0,0.25,1.0,0.0,0.0,0.47619047619047616,0.0,0.0,0.0,147969.0,58.0,14640.0,0.0,0.0,7548.0,7538.0,1.0,1.0,1.0,0.0,2426.0,0.0,2461.0,1.0,48.0,0.0,2426.0,7446.0,2559.0,1.0,1.0,1.0
dra1-cal-nominal-830003,nominal,11232.0,joint_scarcity,109829.0,9c26cdd39846b60e690bb42c8fc75d929ef11efc8ebae76d827313213e44d7b3,56527.0,0.25,1.0,0.0,0.0,0.47619047619047616,0.0,0.0,0.0,130433.0,51.0,10872.0,0.0,2420.0,7489.0,4976.0,1.0,1.0,1.0,0.0,2530.0,0.0,20604.0,8.0,7968.0,0.0,0.0,7628.0,2530.0,1.0,1.0,1.0
dra1-cal-nominal-830004,nominal,16272.0,joint_scarcity,140102.0,4ae1963ada678c27fc4378c9d2f215e1ce19e9f3c5a660e6ebe1ec9344683077,67717.0,0.25,1.0,0.0,0.0,0.47619047619047616,0.0,0.0,0.0,145237.0,57.0,15960.0,0.0,2516.0,10070.0,5019.0,1.0,1.0,1.0,0.0,2522.0,2496.0,5135.0,2.0,10152.0,0.0,0.0,5018.0,2400.0,1.0,1.0,1.0
dra1-cal-nominal-830005,nominal,9240.0,joint_scarcity,132662.0,756a09c134e63d9a428c46ba8871a300db2dab3586006bfa3f1f8ae7792497c2,70581.0,0.25,1.0,0.0,0.0,0.6190476190476191,0.0,0.0,0.0,140364.0,55.0,8976.0,0.0,0.0,12492.0,9822.0,1.0,1.0,1.0,0.0,2556.0,2555.0,7702.0,3.0,2760.0,0.0,2558.0,2558.0,5020.0,1.0,1.0,1.0
dra1-cal-nominal-830006,nominal,16752.0,joint_scarcity,145164.0,d966952fa231bd0f6265a525411be2184dc4c44cd6a14e050369f2fa681abe78,87056.0,0.25,1.0,0.0,0.0,0.3333333333333333,0.0,0.0,0.0,147698.0,58.0,15384.0,0.0,2417.0,7437.0,2450.0,1.0,1.0,1.0,0.0,2506.0,0.0,2534.0,1.0,144.0,0.0,0.0,7634.0,5084.0,1.0,1.0,1.0
dra1-cal-nominal-830007,nominal,16176.0,joint_scarcity,124827.0,f0981ca10cfe2bab753e45413a10f191a53813f77cd12c4620b87ea7ad155b38,97573.0,0.25,1.0,0.0,0.0,0.9047619047619048,0.0,0.0,0.0,137704.0,54.0,14184.0,0.0,2471.0,15245.0,4986.0,1.0,1.0,1.0,0.0,2565.0,0.0,12877.0,5.0,8976.0,0.0,0.0,0.0,7679.0,1.0,1.0,1.0
dra1-cal-nominal-830008,nominal,15096.0,joint_scarcity,109419.0,65b544ec89d93fab60281707a92192182a769d31ba9cb39a41f1d219c64e5e6b,106660.0,0.25,1.0,0.0,0.0,0.47619047619047616,0.0,0.0,0.0,129913.0,51.0,13944.0,0.0,2538.0,7473.0,4954.0,1.0,1.0,1.0,0.0,2555.0,2553.0,20494.0,8.0,7944.0,0.0,0.0,7398.0,7398.0,1.0,1.0,1.0
dra1-cal-nominal-830009,nominal,16608.0,joint_scarcity,78996.0,966ca4cd0c47b7189db1e40a537d4fae88f172e4120760ca1e23842bc808327e,141011.0,0.25,1.0,0.0,0.0,0.47619047619047616,0.0,0.0,0.0,114922.0,45.0,14784.0,0.0,2565.0,5000.0,4923.0,1.0,1.0,1.0,0.0,2557.0,2402.0,35926.0,14.0,14568.0,0.0,0.0,9886.0,9990.0,1.0,1.0,1.0
dra1-cal-nominal-830010,nominal,10728.0,joint_scarcity,145189.0,8996593d7063710af099009d8cfe45f5a16d8624a6e9e7d02803e5ca0155859b,121069.0,0.25,1.0,0.0,0.0,0.47619047619047616,0.0,0.0,0.0,147760.0,58.0,10080.0,0.0,2586.0,10273.0,4971.0,1.0,1.0,1.0,0.0,2570.0,2508.0,2571.0,1.0,9624.0,0.0,0.0,4950.0,7383.0,1.0,1.0,1.0
dra1-cal-nominal-830011,nominal,16056.0,joint_scarcity,109497.0,651111f75921d400552c135fb4fa2f1ee9e95fc4a7efe107aa714ffe8b67ef96,134275.0,0.25,1.0,0.0,0.0,0.19047619047619047,0.0,0.0,0.0,129956.0,51.0,15768.0,0.0,0.0,7502.0,4958.0,1.0,1.0,1.0,0.0,2440.0,0.0,20459.0,8.0,6168.0,0.0,2440.0,7250.0,7341.0,1.0,1.0,1.0
dra1-cal-nominal-830012,nominal,14640.0,joint_scarcity,99473.0,f018fb16592a7e52118b8143a4a7f27bde908bbc5cc4303e8ee7b2a5aa2d9046,16439.0,0.25,1.0,0.0,0.0,0.7619047619047619,0.0,0.0,0.0,125165.0,49.0,13464.0,0.0,2458.0,9908.0,9744.0,1.0,1.0,1.0,0.0,2507.0,0.0,25692.0,10.0,14304.0,0.0,0.0,4908.0,4959.0,1.0,1.0,1.0
dra1-cal-nominal-830013,nominal,16608.0,joint_scarcity,139921.0,5ca3f37d627decab9bc72b42039e03be1e63ba2586e2fafb9de8e19ca5ae1dca,101756.0,0.25,1.0,0.0,0.0,0.47619047619047616,0.0,0.0,2500.0,145025.0,57.0,16176.0,0.0,0.0,7548.0,4928.0,1.0,1.0,1.0,0.0,2445.0,0.0,5104.0,2.0,9552.0,0.0,2445.0,7403.0,7406.0,1.0,1.0,1.0
dra1-cal-nominal-830014,nominal,16344.0,joint_scarcity,134966.0,6a5797af264605896ac67022b1f4e3b171ec614e5bb5d1138b69a730ed8ffcf7,117197.0,0.25,1.0,0.0,0.0,0.9047619047619048,0.0,0.0,0.0,142664.0,56.0,15864.0,0.0,2421.0,4886.0,2531.0,1.0,1.0,1.0,0.0,2501.0,2458.0,7698.0,3.0,12816.0,0.0,0.0,9775.0,7317.0,1.0,1.0,1.0
dra1-cal-nominal-830015,nominal,15984.0,joint_scarcity,99440.0,1b7ccfcaf54fc107e3f358b3229a0b404820e654d1836038bbc72289a3b8d03d,85682.0,0.25,1.0,0.0,0.0,0.7619047619047619,0.0,0.0,0.0,125103.0,49.0,15648.0,0.0,0.0,5048.0,5013.0,1.0,1.0,1.0,0.0,2518.0,2480.0,25663.0,10.0,13104.0,0.0,2563.0,9916.0,4873.0,1.0,1.0,1.0
dra1-cal-r22_localized-830016,r22_localized,10152.0,post_hit_recovery,86448.0,f6d51a898cbd5d9f7f388b6006c588dfab4739ed3675f20720a84990bf294460,46971.0,0.25,1.0,0.0,0.0,0.047619047619047616,0.0,0.0,2473.0,117169.0,46.0,9816.0,0.0,0.0,5065.0,2494.0,1.0,1.0,1.0,0.0,2529.0,0.0,30721.0,12.0,8064.0,0.0,0.0,9999.0,7405.0,1.0,1.0,1.0
dra1-cal-r22_localized-830017,r22_localized,12672.0,post_hit_recovery,83813.0,2870506c4a2007bf9cabc04035274b375e8f9306b1fb25a84061ad3e6e04e934,93697.0,0.25,1.0,0.0,0.0,0.047619047619047616,0.0,0.0,0.0,117212.0,46.0,11856.0,0.0,0.0,7620.0,4953.0,1.0,1.0,1.0,0.0,2560.0,0.0,33399.0,13.0,7536.0,0.0,0.0,7421.0,9964.0,1.0,1.0,1.0
dra1-cal-r22_localized-830018,r22_localized,11976.0,post_hit_recovery,129985.0,8200ed82fb60d69dbd61249f841f3783b1472b7b714887608d521f1f4b780740,82562.0,0.25,1.0,0.0,0.0,0.9047619047619048,0.0,0.0,0.0,140278.0,55.0,11856.0,0.0,2535.0,5115.0,2514.0,1.0,1.0,1.0,0.0,2570.0,2563.0,10293.0,4.0,9096.0,0.0,0.0,10082.0,9810.0,1.0,1.0,1.0
dra1-cal-r22_localized-830019,r22_localized,15960.0,post_hit_recovery,94092.0,6b484e1fac0ef2b2be7d75132f4aee6fcc995595b0cc2f44aecd41fb92fa55ea,113336.0,0.25,1.0,0.0,0.0,0.6190476190476191,0.0,0.0,0.0,122211.0,48.0,12984.0,0.0,2522.0,10047.0,7297.0,1.0,1.0,1.0,0.0,2524.0,0.0,28119.0,11.0,2736.0,0.0,0.0,5100.0,7544.0,1.0,1.0,1.0
dra1-cal-r22_localized-830020,r22_localized,12936.0,post_hit_recovery,94423.0,a1f6ec4681ee5fd920498b7fc49cfa8dac128c2b9ef721602b42e1ac7e920085,73273.0,0.25,1.0,0.0,0.0,0.6190476190476191,0.0,0.0,0.0,122599.0,48.0,12768.0,0.0,2568.0,10137.0,4980.0,1.0,1.0,1.0,0.0,2499.0,0.0,28176.0,11.0,11856.0,0.0,0.0,5025.0,2520.0,1.0,1.0,1.0
dra1-cal-r22_localized-830021,r22_localized,9672.0,post_hit_recovery,68830.0,7a12857c5d5a288cee6493e0f1cd4a5de6ea445cfc643c27a06c5a17d1848694,78049.0,0.25,1.0,0.0,0.0,0.19047619047619047,0.0,0.0,2497.0,109902.0,43.0,9336.0,0.0,2553.0,9941.0,7318.0,1.0,1.0,1.0,0.0,2534.0,0.0,41072.0,16.0,8928.0,0.0,0.0,5040.0,2506.0,1.0,1.0,1.0
dra1-cal-r22_localized-830022,r22_localized,15744.0,post_hit_recovery,86182.0,c938b25e432512516216a81f81055f40bcc120809a7a798d973a951ef1a7fc63,78391.0,0.25,1.0,0.0,0.0,0.3333333333333333,0.0,0.0,2480.0,116946.0,46.0,15288.0,0.0,2408.0,7368.0,2447.0,1.0,1.0,1.0,0.0,2514.0,0.0,30764.0,12.0,14376.0,0.0,0.0,7550.0,10122.0,1.0,1.0,1.0
dra1-cal-r22_localized-830023,r22_localized,10848.0,post_hit_recovery,114663.0,faa8a0d6e4ce4454e481e0ba73646b4e724cffdfbd054eb5c0605f968c385299,57436.0,0.25,1.0,0.0,0.0,0.19047619047619047,0.0,0.0,0.0,132650.0,52.0,10536.0,0.0,2404.0,12599.0,7527.0,1.0,1.0,1.0,0.0,2551.0,0.0,17987.0,7.0,10176.0,0.0,0.0,2551.0,0.0,1.0,1.0,1.0
dra1-cal-r22_localized-830024,r22_localized,15120.0,post_hit_recovery,99538.0,3f6e3331530c676936ff55ffa872c57fd2f7b3ea596c0947aaa7d7d7ab341860,49916.0,0.25,1.0,0.0,0.0,0.6190476190476191,0.0,0.0,0.0,125249.0,49.0,14016.0,0.0,0.0,9862.0,12282.0,1.0,1.0,1.0,0.0,2418.0,0.0,25711.0,10.0,15048.0,0.0,2418.0,4965.0,0.0,1.0,1.0,1.0
dra1-cal-r22_localized-830025,r22_localized,14664.0,post_hit_recovery,78704.0,dac4e1d6700b88cefe66a9606755ec7ba78bcc608cddb1d22642738837e96574,37528.0,0.25,1.0,0.0,0.0,0.9047619047619048,0.0,0.0,0.0,114628.0,45.0,13632.0,0.0,2521.0,9994.0,7372.0,1.0,1.0,1.0,0.0,2558.0,2547.0,35924.0,14.0,7440.0,0.0,0.0,5035.0,5042.0,1.0,1.0,1.0
dra1-cal-r22_localized-830026,r22_localized,16512.0,post_hit_recovery,119816.0,27fea660fa812e9c95fcc5cfe24056fde2daff022d0f610d550f18cf441238b7,94558.0,0.25,1.0,0.0,0.0,0.9047619047619048,0.0,0.0,0.0,135235.0,53.0,14688.0,0.0,0.0,10187.0,2499.0,1.0,1.0,1.0,0.0,2448.0,0.0,15419.0,6.0,14232.0,0.0,2448.0,4999.0,5077.0,1.0,1.0,1.0
dra1-cal-r22_localized-830027,r22_localized,8064.0,post_hit_recovery,104290.0,ab8fb78519c78f2ff7112bc32aa3aa85b876f285149b350913a7ef29e9621ac9,40137.0,0.25,1.0,0.0,0.0,0.6190476190476191,0.0,0.0,0.0,127492.0,50.0,7968.0,0.0,2411.0,9693.0,7381.0,1.0,1.0,1.0,0.0,2491.0,0.0,23202.0,9.0,7272.0,0.0,0.0,4912.0,4847.0,1.0,1.0,1.0
dra1-cal-r22_localized-830028,r22_localized,16632.0,post_hit_recovery,139961.0,b412570587e95bbe06b5ebc2131f7a3362b0a9ee5e5f6bd5de9594cf0b4e0393,125316.0,0.25,1.0,0.0,0.0,0.6190476190476191,0.0,0.0,2455.0,145044.0,57.0,15984.0,0.0,2556.0,7514.0,4953.0,1.0,1.0,1.0,0.0,2507.0,0.0,5083.0,2.0,1728.0,0.0,0.0,7445.0,4932.0,1.0,1.0,1.0
dra1-cal-r22_localized-830029,r22_localized,12648.0,post_hit_recovery,145304.0,f03a06efedf51a38d8680b38c8b9fd5d06fae2f7a1af5accfade93c3e6556b60,67194.0,0.25,1.0,0.0,0.0,0.9047619047619048,0.0,0.0,0.0,147811.0,58.0,12312.0,0.0,2457.0,12425.0,7324.0,1.0,1.0,1.0,0.0,2460.0,0.0,2507.0,1.0,120.0,0.0,0.0,2507.0,0.0,1.0,1.0,1.0
dra1-cal-r22_localized-830030,r22_localized,9312.0,post_hit_recovery,60969.0,1d159b240ac0de201fb668bcc154bcd5a6e26ab3613508620fdc9532013ba06e,65339.0,0.25,1.0,0.0,0.0,0.047619047619047616,0.0,0.0,0.0,104605.0,41.0,8952.0,0.0,0.0,7448.0,4990.0,1.0,1.0,1.0,0.0,2466.0,2458.0,43636.0,17.0,8496.0,0.0,0.0,7506.0,5117.0,1.0,1.0,1.0
dra1-cal-r23_localized-830031,r23_localized,15552.0,post_hit_recovery,50661.0,ab2e074d3f87ff18ab7823d55fb245c4cffa252b0e7c7f63e158641d4d3ba830,82368.0,0.25,1.0,0.0,0.0,0.19047619047619047,0.0,0.0,2495.0,99499.0,39.0,15480.0,0.0,2485.0,9960.0,4902.0,1.0,1.0,1.0,0.0,2554.0,0.0,48838.0,19.0,12000.0,0.0,0.0,4893.0,9786.0,1.0,1.0,1.0
dra1-cal-r23_localized-830032,r23_localized,15504.0,post_hit_recovery,129788.0,b6aab4b440f2b1f2cbbd9d98caf4dd78f00baeac2ece06349acfe038bcb6190b,94869.0,0.25,1.0,0.0,0.0,0.9047619047619048,0.0,0.0,0.0,139905.0,55.0,12216.0,0.0,2404.0,2404.0,7301.0,1.0,1.0,1.0,0.0,2466.0,0.0,10117.0,4.0,144.0,0.0,0.0,12583.0,2567.0,1.0,1.0,1.0
dra1-cal-r23_localized-830033,r23_localized,15192.0,post_hit_recovery,104193.0,f57eb40d595f8364d94d0a4f8b52a3f586a826046085d3da4b312d1a2162cbb0,85649.0,0.25,1.0,0.0,0.0,0.047619047619047616,0.0,0.0,0.0,127212.0,50.0,15168.0,0.0,0.0,7454.0,7395.0,1.0,1.0,1.0,0.0,2537.0,0.0,23019.0,9.0,2064.0,0.0,0.0,7691.0,2521.0,1.0,1.0,1.0
dra1-cal-r23_localized-830034,r23_localized,11520.0,post_hit_recovery,73766.0,8b7844e93f054b35b5e5da98b9fca71ec9b1361bdb01eda35e0b5f69b170d79c,80781.0,0.25,1.0,0.0,0.0,0.19047619047619047,0.0,0.0,0.0,112140.0,44.0,11448.0,0.0,0.0,7356.0,2425.0,1.0,1.0,1.0,0.0,2468.0,0.0,38374.0,15.0,8424.0,0.0,2491.0,7555.0,0.0,1.0,1.0,1.0
dra1-cal-r23_localized-830035,r23_localized,12168.0,post_hit_recovery,91902.0,e5667fb890adcea9160553448789a432058b7b8addb88b69d3dbc3b86cc5060c,55520.0,0.25,1.0,0.0,0.0,0.047619047619047616,0.0,0.0,0.0,120198.0,47.0,11856.0,0.0,0.0,7322.0,4864.0,1.0,1.0,1.0,0.0,2541.0,2479.0,28296.0,11.0,10392.0,0.0,0.0,7497.0,4898.0,1.0,1.0,1.0
dra1-cal-r23_localized-830036,r23_localized,14376.0,post_hit_recovery,101728.0,89fc7709fa103738bc209fea24085177cbfbd1a5a3f81425e54f01783f964e66,39769.0,0.25,1.0,0.0,0.0,0.19047619047619047,0.0,0.0,2403.0,124798.0,49.0,13704.0,0.0,2557.0,7541.0,2480.0,1.0,1.0,1.0,0.0,2548.0,0.0,23070.0,9.0,7584.0,0.0,0.0,7527.0,10024.0,1.0,1.0,1.0
dra1-cal-r23_localized-830037,r23_localized,11232.0,post_hit_recovery,99226.0,ae782297cdfa9cc83f7930f1178e0ffbca00a24a3c135249678f3ef559f7a41d,56043.0,0.25,1.0,0.0,0.0,0.47619047619047616,0.0,0.0,0.0,124930.0,49.0,10992.0,0.0,0.0,7473.0,7385.0,1.0,1.0,1.0,0.0,2449.0,0.0,25704.0,10.0,9864.0,0.0,2449.0,7446.0,7468.0,1.0,1.0,1.0
dra1-cal-r23_localized-830038,r23_localized,8376.0,post_hit_recovery,48197.0,06993eb150c44bc7116e283c4084d46e01839652bf9a1f52e1a14619280cde74,47998.0,0.25,1.0,0.0,0.0,0.47619047619047616,0.0,0.0,0.0,99697.0,39.0,8256.0,0.0,2428.0,9801.0,7282.0,1.0,1.0,1.0,0.0,2515.0,2421.0,51500.0,20.0,5952.0,0.0,0.0,4936.0,0.0,1.0,1.0,1.0
dra1-cal-r23_localized-830039,r23_localized,4992.0,post_hit_recovery,32901.0,fb11fffab6220314fc9d9cc669cec6941de0d77a13569c8759124ade93ee3757,18181.0,0.25,1.0,0.0,0.0,0.3333333333333333,0.0,0.0,2501.0,66467.0,26.0,4752.0,0.0,2514.0,10213.0,5000.0,1.0,1.0,1.0,0.0,2465.0,0.0,33566.0,13.0,4056.0,0.0,0.0,4920.0,27016.0,1.0,1.0,1.0
dra1-cal-r23_localized-830040,r23_localized,10848.0,post_hit_recovery,86923.0,0e5a5cffbd593ef2139c272c2eeb591e430e9753cc1323400b03cf777bdeaf08,66211.0,0.25,1.0,0.0,0.0,0.19047619047619047,0.0,0.0,2527.0,117720.0,46.0,10680.0,0.0,0.0,2594.0,7471.0,1.0,1.0,1.0,0.0,2474.0,0.0,30797.0,12.0,7968.0,0.0,2474.0,12582.0,5013.0,1.0,1.0,1.0
dra1-cal-r23_localized-830041,r23_localized,9888.0,post_hit_recovery,68669.0,d508dbcfb310ff4817ff6de80a187c700448387348393735cc0b7cab0f164213,65471.0,0.25,1.0,0.0,0.0,0.47619047619047616,0.0,0.0,0.0,109784.0,43.0,9744.0,0.0,0.0,10038.0,2409.0,1.0,1.0,1.0,0.0,2414.0,14974.0,41115.0,16.0,8568.0,0.0,2414.0,4974.0,0.0,1.0,1.0,1.0
dra1-cal-r23_localized-830042,r23_localized,12072.0,post_hit_recovery,83922.0,aaf4d9774b3ace81bab2fe2311a1ce127985ec673b7a56f49acb336c7fea931c,100491.0,0.25,1.0,0.0,0.0,0.47619047619047616,0.0,0.0,0.0,117205.0,46.0,12048.0,0.0,0.0,9979.0,2476.0,1.0,1.0,1.0,0.0,2435.0,2473.0,33283.0,13.0,9048.0,0.0,2435.0,4908.0,2436.0,1.0,1.0,1.0
dra1-cal-r23_localized-830043,r23_localized,8472.0,post_hit_recovery,35432.0,03411e902b6c01ac57d25c98636ab99dae3d71e13a0869dc34d7045a1adcfb2a,45273.0,0.25,1.0,0.0,0.0,0.047619047619047616,0.0,0.0,0.0,92133.0,36.0,8328.0,0.0,0.0,5040.0,0.0,1.0,1.0,1.0,0.0,2522.0,2425.0,56701.0,22.0,8136.0,0.0,0.0,9990.0,14785.0,1.0,1.0,1.0
dra1-cal-r23_localized-830044,r23_localized,16776.0,post_hit_recovery,145359.0,f34d3900329c9da7ab4f4be84b9f6144f63a530128a14bb54b54962370f1c90d,64233.0,0.25,1.0,0.0,0.0,0.47619047619047616,0.0,0.0,0.0,147853.0,58.0,15864.0,0.0,0.0,9867.0,7359.0,1.0,1.0,1.0,0.0,2473.0,0.0,2494.0,1.0,24.0,0.0,2494.0,4967.0,10058.0,1.0,1.0,1.0
dra1-cal-r23_localized-830045,r23_localized,15816.0,post_hit_recovery,134971.0,bf20697174dc19da5b130f52e4fa4e6d9f5a17adc19b3be211c09188bbec8c16,75771.0,0.25,1.0,0.0,0.0,0.7619047619047619,0.0,0.0,2475.0,142561.0,56.0,15528.0,0.0,0.0,7351.0,9747.0,1.0,1.0,1.0,0.0,2480.0,0.0,7590.0,3.0,192.0,0.0,2480.0,7520.0,2539.0,1.0,1.0,1.0
dra1-cal-r24_mixed-830046,r24_mixed,1608.0,localized_r24_both_up,67589.0,61b17c0a44c3aa11313f8fc3ba6c95c1bd46d2baa1f2871e82df415c44739f70,95184.0,0.25,1.0,0.0,0.0,0.19047619047619047,0.0,0.0,0.0,94949.0,36.0,1584.0,0.1047299076346249,2589.0,12726.0,0.0,1.0,1.0,1.0,0.0,0.0,0.0,27360.0,10.0,768.0,0.17642543859649124,0.0,4914.0,0.0,1.0,1.0,1.0
dra1-cal-r24_mixed-830047,r24_mixed,7656.0,localized_r24_both_up,54491.0,1e481b2d158fcb0569e7cb3547af4ae61a18bb802154388d5a353f7787fd0ee8,502903.0,0.25,1.0,0.0,0.0,0.19047619047619047,0.0,0.0,0.0,115466.0,39.0,7488.0,0.3485874629761142,4990.0,14983.0,0.0,1.0,1.0,1.0,0.0,0.0,0.0,60975.0,21.0,6360.0,0.3253792537925379,0.0,2596.0,0.0,1.0,1.0,1.0
dra1-cal-r24_mixed-830048,r24_mixed,3480.0,localized_r24_both_up,119273.0,966732b8098d2d81a91bac4d5581c30049bb01ea5d7067aef59692cba13b2034,133019.0,0.25,1.0,0.0,0.0,0.3333333333333333,0.0,0.0,0.0,22389.0,8.0,528.0,0.22569118763678592,0.0,5102.0,0.0,1.0,1.0,1.0,0.0,0.0,0.0,141662.0,52.0,3192.0,0.1772599567985769,4898.0,12316.0,0.0,1.0,1.0,1.0
dra1-cal-r24_mixed-830049,r24_mixed,2448.0,localized_r24_both_up,77934.0,d202abe9fb581bce4dfb7650c1869c62d2db87a4b32ba83c0da713234bfe33f5,107843.0,0.25,1.0,0.0,0.0,0.19047619047619047,0.0,0.0,0.0,36882.0,14.0,840.0,0.13581150696816877,0.0,2468.0,0.0,1.0,1.0,1.0,0.0,0.0,0.0,114816.0,43.0,2376.0,0.12942447045707917,2568.0,14901.0,0.0,1.0,1.0,1.0
dra1-cal-r24_mixed-830050,r24_mixed,12264.0,localized_r24_both_up,63572.0,e8c65b48541488da5375a6cf4fc0d0df3438a2f5e19c3c93bdf15016307410b1,842906.0,0.25,1.0,0.0,0.0,0.6190476190476191,0.0,0.0,0.0,127730.0,40.0,11952.0,0.47229311829640647,2406.0,9740.0,0.0,1.0,1.0,1.0,0.0,0.0,0.0,64158.0,20.0,11472.0,0.474640730696094,0.0,5042.0,0.0,1.0,1.0,1.0
dra1-cal-r24_mixed-830051,r24_mixed,2760.0,localized_r24_both_up,114424.0,2eb7a6201042bd484d03d6911588d2e7be2f88e8b03fe5a3649fead3eb97d008,88120.0,0.25,1.0,0.0,0.0,0.047619047619047616,0.0,2528.0,2435.0,12914.0,5.0,2736.0,0.0,0.0,4898.0,7448.0,1.0,1.0,1.0,0.0,0.0,0.0,127338.0,47.0,2640.0,0.15586077997141465,0.0,12349.0,0.0,1.0,1.0,1.0
dra1-cal-r24_mixed-830052,r24_mixed,2064.0,localized_r24_both_up,57512.0,3d6639201c17bbd0b8db1984fd6a231adaa0a614ef517bbf973a65ad9ea45b0f,87941.0,0.25,1.0,0.0,0.0,0.9047619047619048,0.0,0.0,0.0,35099.0,13.0,1896.0,0.14142853072737116,0.0,2409.0,0.0,1.0,1.0,1.0,0.0,0.0,0.0,92611.0,35.0,1968.0,0.10591614387059853,2514.0,12449.0,0.0,1.0,1.0,1.0
dra1-cal-r24_mixed-830053,r24_mixed,3360.0,localized_r24_both_up,152104.0,748c7447a4383675b23d3d2015ab704f619b56fba90ef1f14e5535a99713ca31,110336.0,0.25,1.0,0.0,0.0,0.6190476190476191,0.0,0.0,0.0,157241.0,58.0,3336.0,0.15944950744398725,2497.0,10086.0,0.0,1.0,1.0,1.0,0.0,0.0,2547.0,5137.0,2.0,408.0,0.0,0.0,5006.0,7455.0,1.0,1.0,1.0
dra1-cal-r24_mixed-830054,r24_mixed,3120.0,localized_r24_both_up,144850.0,cc9f144dbc392bbbebbd417978b4d1c96a5467e612da46fe91835779f069c9d7,119957.0,0.25,1.0,0.0,0.0,0.19047619047619047,0.0,0.0,2507.0,7712.0,3.0,1152.0,0.0,0.0,10039.0,9902.0,1.0,1.0,1.0,0.0,0.0,0.0,152562.0,56.0,3000.0,0.1660505237215034,2598.0,5038.0,0.0,1.0,1.0,1.0
dra1-cal-r24_mixed-830055,r24_mixed,2520.0,localized_r24_both_up,74331.0,60d45fc21973c7d778f7d511207a13ab01301d7e34dfdbd16373284ac50f4f44,110613.0,0.25,1.0,0.0,0.0,0.6190476190476191,0.0,0.0,0.0,114869.0,44.0,2496.0,0.08730815102421019,2590.0,7706.0,0.0,1.0,1.0,1.0,0.0,0.0,0.0,40538.0,15.0,2160.0,0.12099758251517095,0.0,7580.0,0.0,1.0,1.0,1.0
dra1-cal-r24_mixed-830056,r24_mixed,2280.0,localized_r24_both_up,63174.0,9bf297741d250d3535c090028f338f24046bef43b0992ab0f8fe3453c3cc11c0,105662.0,0.25,1.0,0.0,0.0,0.19047619047619047,0.0,0.0,0.0,105867.0,40.0,2256.0,0.09368358411969735,2563.0,15166.0,0.0,1.0,1.0,1.0,0.0,0.0,0.0,42693.0,16.0,2016.0,0.11622514229498981,0.0,0.0,0.0,1.0,1.0,1.0
dra1-cal-r24_mixed-830057,r24_mixed,4728.0,localized_r24_both_up,81221.0,35cfd35f5f4fce6b1dbb215215a35e5672607624753f4c7b7751b0b8909beb6e,283029.0,0.25,1.0,0.0,0.0,0.7619047619047619,0.0,0.0,0.0,41593.0,16.0,3096.0,0.11961147308441324,0.0,5074.0,0.0,1.0,1.0,1.0,0.0,0.0,0.0,122814.0,44.0,4656.0,0.24488250525184424,4910.0,12605.0,0.0,1.0,1.0,1.0
dra1-cal-r24_mixed-830058,r24_mixed,1032.0,localized_r24_both_up,42442.0,600bb8c57c22231b2f47acdef3f04c039c8e082b8778e60f464b46a50d9ff327,30228.0,0.25,1.0,0.0,0.0,0.7619047619047619,0.0,0.0,0.0,45036.0,17.0,888.0,0.1112443378630429,2519.0,9996.0,0.0,1.0,1.0,1.0,0.0,2584.0,2475.0,2594.0,1.0,336.0,0.0,0.0,4927.0,7380.0,1.0,1.0,1.0
dra1-cal-r24_mixed-830059,r24_mixed,3240.0,localized_r24_both_up,52776.0,14c268c0b9eb7728ffd3f3e9cf48b2746977b250601f5b80173f135e9a44e4ca,184911.0,0.25,1.0,0.0,0.0,0.9047619047619048,0.0,0.0,0.0,54277.0,20.0,2160.0,0.18389004550730512,0.0,2445.0,0.0,1.0,1.0,1.0,0.0,0.0,0.0,107053.0,40.0,2832.0,0.1409582169579554,2539.0,12762.0,0.0,1.0,1.0,1.0
dra1-cal-r24_mixed-830060,r24_mixed,4056.0,localized_r24_both_up,73590.0,4dee1e4c792e16883a6e245f03afa2a86fb4fe0e275288c027428d314702494e,205647.0,0.25,1.0,0.0,0.0,0.7619047619047619,0.0,0.0,0.0,118079.0,43.0,3408.0,0.2093090219259987,2486.0,9918.0,0.0,1.0,1.0,1.0,0.0,0.0,0.0,44489.0,17.0,2616.0,0.11317404302187058,0.0,5033.0,0.0,1.0,1.0,1.0
