cf,hypothesis,family,pattern,horizon_years,buffer_hours,shifts,ret_excel,ret_excel_0_100,Re_APj_share,Re_APj_mean,Re_APj_contribution,Re_RPj_share,Re_RPj_mean,Re_RPj_contribution,Re_DPj_RPj_share,Re_DPj_RPj_mean,Re_DPj_RPj_contribution,Re_FRt_share,Re_FRt_mean,Re_FRt_contribution,not_in_his_ReT_unfulfilled_share,not_in_his_ReT_unfulfilled_mean,not_in_his_ReT_unfulfilled_contribution
1,H1a,R1r,--++,10,0,1,0.007837224876421918,0.7837224876421918,0.0,0.0,0.0,1.0,0.007837224876422026,0.007837224876422026,0.0,0.0,0.0,0.0,0.0,0.0,0.0,0.0,0.0
2,H1a,R1r,-+--,10,0,1,0.00815567858877727,0.815567858877727,0.0,0.0,0.0,1.0,0.00815567858877739,0.00815567858877739,0.0,0.0,0.0,0.0,0.0,0.0,0.0,0.0,0.0
3,H1a,R1r,+-++,10,0,1,0.0076824806230822345,0.7682480623082234,0.0,0.0,0.0,1.0,0.007682480623082347,0.007682480623082347,0.0,0.0,0.0,0.0,0.0,0.0,0.0,0.0,0.0
4,H1a,R1r,+++-,10,0,1,0.007879941588911322,0.7879941588911322,0.0,0.0,0.0,1.0,0.007879941588911438,0.007879941588911438,0.0,0.0,0.0,0.0,0.0,0.0,0.0,0.0,0.0
5,H1a,R1r,--+-,10,0,1,0.008157041652080536,0.8157041652080536,0.0,0.0,0.0,1.0,0.008157041652080652,0.008157041652080652,0.0,0.0,0.0,0.0,0.0,0.0,0.0,0.0,0.0
6,H1a,R1r,++-+,10,0,1,0.007684079974369492,0.7684079974369492,0.0,0.0,0.0,1.0,0.007684079974369602,0.007684079974369602,0.0,0.0,0.0,0.0,0.0,0.0,0.0,0.0,0.0
7,H1a,R1r,+--+,10,0,1,0.007678228463485877,0.7678228463485877,0.0,0.0,0.0,1.0,0.00767822846348599,0.00767822846348599,0.0,0.0,0.0,0.0,0.0,0.0,0.0,0.0,0.0
8,H1a,R1r,+---,10,0,1,0.007858655428796721,0.7858655428796721,0.0,0.0,0.0,1.0,0.007858655428796829,0.007858655428796829,0.0,0.0,0.0,0.0,0.0,0.0,0.0,0.0,0.0
9,H1a,R1r,-+++,10,0,1,0.007783056843740595,0.7783056843740594,0.0,0.0,0.0,1.0,0.007783056843740713,0.007783056843740713,0.0,0.0,0.0,0.0,0.0,0.0,0.0,0.0,0.0
10,H1a,R1r,-+-+,10,0,1,0.00783549250059995,0.783549250059995,0.0,0.0,0.0,1.0,0.007835492500600073,0.007835492500600073,0.0,0.0,0.0,0.0,0.0,0.0,0.0,0.0,0.0
11,H1b,R2r,+-++,10,0,1,0.3686356048084504,36.863560480845045,0.0,0.0,0.0,0.5480966025378633,0.007702817360128811,0.004221888025056275,0.0,0.0,0.0,0.4519033974621367,0.8063973823386157,0.36441371678339407,0.0,0.0,0.0
12,H1b,R2r,+---,10,0,1,0.5979440934971862,59.79440934971863,0.0,0.0,0.0,0.3192307692307692,0.008969987390543284,0.002863495974673433,0.0,0.0,0.0,0.6807692307692308,0.8741296912760093,0.595080597522514,0.0,0.0,0.0
13,H1b,R2r,++-+,10,0,1,0.4206170159231875,42.06170159231875,0.0,0.0,0.0,0.4977449774497745,0.008698607575876035,0.0043296882316988545,0.0,0.0,0.0,0.5022550225502255,0.8288365650935037,0.41628732769148913,0.0,0.0,0.0
14,H1b,R2r,+++-,10,0,1,0.46369747694763613,46.36974769476361,0.0,0.0,0.0,0.4681017612524462,0.010807731375131373,0.005059118091842318,0.0,0.0,0.0,0.5318982387475538,0.8622671132277796,0.4586383588557935,0.0,0.0,0.0
15,H1b,R2r,--++,10,0,1,0.4592127002046539,45.921270020465386,0.0,0.0,0.0,0.4760617760617761,0.008813984021609472,0.004196000887507521,0.0003861003861003861,0.0,0.0,0.5235521235521235,0.8690953180172635,0.45501669931714644,0.0,0.0,0.0
16,H1b,R2r,-+--,10,0,1,0.6430988930087044,64.30988930087044,0.0,0.0,0.0,0.2903703703703704,0.010006282244094581,0.0029055278812482044,0.0,0.0,0.0,0.7096296296296296,0.9021514017975639,0.6401933651274565,0.0,0.0,0.0
17,H1b,R2r,-++-,10,0,1,0.577459888079791,57.745988807979096,0.0,0.0,0.0,0.37220566318926973,0.011110265966582803,0.004135303912301125,0.0,0.0,0.0,0.6277943368107303,0.9132363109231721,0.5733245841674908,0.0,0.0,0.0
18,H1b,R2r,--+-,10,0,1,0.5833384237287211,58.33384237287211,0.0,0.0,0.0,0.3648293963254593,0.011767487439419386,0.004293125338790799,0.0,0.0,0.0,0.6351706036745407,0.9116374325891069,0.5790452983899315,0.0,0.0,0.0
19,H1b,R2r,-+-+,10,0,1,0.49921194537857494,49.921194537857495,0.0,0.0,0.0,0.42846094354215003,0.009412101717185347,0.004032717982459924,0.0,0.0,0.0,0.57153905645785,0.8663961312898201,0.49517922739611525,0.0,0.0,0.0
20,H1b,R2r,++++,10,0,1,0.3890264531774338,38.90264531774338,0.0,0.0,0.0,0.5402020202020202,0.009155871022185716,0.00494602002289386,0.00040404040404040404,0.0,0.0,0.4593939393939394,0.836058990375977,0.3840804331545397,0.0,0.0,0.0
21,H1c,R3,-,20,0,1,0.9704924164728963,97.04924164728963,0.0,0.0,0.0,0.006114605171208945,0.0160225706866851,9.797169357686558e-05,0.0,0.0,0.0,0.993885394828791,0.9763645283734982,0.9703944447793206,0.0,0.0,0.0
22,H1c,R3,+,20,0,1,0.964524583297817,96.45245832978169,0.0,0.0,0.0,0.012753319357092943,0.006168720841183667,7.867166691237032e-05,0.0,0.0,0.0,0.9872466806429071,0.9769046891125981,0.9644459116309035,0.0,0.0,0.0
23,H1c,R3,+,20,0,1,0.9593842330501057,95.93842330501057,0.0,0.0,0.0,0.012928022361984625,0.003999746575823032,5.170881317451159e-05,0.0,0.0,0.0,0.9870719776380154,0.9718972334039314,0.9593325242369344,0.0,0.0,0.0
24,H1c,R3,+,20,0,1,0.9721032181459914,97.21032181459914,0.0,0.0,0.0,0.007512229210342418,0.016812148433396276,0.00012629671254997201,0.0,0.0,0.0,0.9924877707896576,0.9793339021800768,0.9719769214334409,0.0,0.0,0.0
25,H1c,R3,+,20,0,1,0.9615166944634976,96.15166944634976,0.0,0.0,0.0,0.011913104414856343,0.0020097757101095863,2.3942667884977553e-05,0.0,0.0,0.0,0.9880868955851436,0.9730852175974033,0.9614927517956122,0.0,0.0,0.0
26,H1c,R3,-,20,0,1,0.9733885823849497,97.33885823849498,0.0,0.0,0.0,0.004542278127183787,0.010844710844710836,4.925969286556285e-05,0.0,0.0,0.0,0.9954577218728162,0.9777806744628799,0.9733393226920841,0.0,0.0,0.0
27,H1c,R3,-,20,0,1,0.9732703347672821,97.3270334767282,0.0,0.0,0.0,0.004542278127183787,0.014041514041514028,6.378046210331319e-05,0.0,0.0,0.0,0.9954577218728162,0.9776473002532197,0.9732065543051792,0.0,0.0,0.0
28,H1c,R3,-,20,0,1,0.9678228285268158,96.78228285268158,0.0,0.0,0.0,0.007686932215234102,0.0014044594607362628,1.0795984673723893e-05,0.0,0.0,0.0,0.9923130677847659,0.9753091680054965,0.9678120325421419,0.0,0.0,0.0
29,H1c,R3,+,20,0,1,0.9710166820553835,97.10166820553835,0.0,0.0,0.0,0.009084556254367574,0.008606685594696486,7.818791944867527e-05,0.0,0.0,0.0,0.9909154437456325,0.9798399048720184,0.9709384941359345,0.0,0.0,0.0
30,H1c,R3,-,20,0,1,0.9755338452354263,97.55338452354263,0.0,0.0,0.0,0.0047169811320754715,0.027867640883513938,0.00013145113624299026,0.0,0.0,0.0,0.9952830188679245,0.9800251542607891,0.9754023940991815,0.0,0.0,0.0
31,H2a,R1r,--++,10,504,1,0.00924313818522578,0.9243138185225781,0.0,0.0,0.0,1.0,0.009243138185225992,0.009243138185225992,0.0,0.0,0.0,0.0,0.0,0.0,0.0,0.0,0.0
32,H2a,R1r,-+--,10,336,1,0.009246685171653201,0.9246685171653202,0.0,0.0,0.0,1.0,0.009246685171653413,0.009246685171653413,0.0,0.0,0.0,0.0,0.0,0.0,0.0,0.0,0.0
33,H2a,R1r,+-++,10,168,1,0.009242428111341154,0.9242428111341153,0.0,0.0,0.0,1.0,0.009242428111341367,0.009242428111341367,0.0,0.0,0.0,0.0,0.0,0.0,0.0,0.0,0.0
34,H2a,R1r,+++-,10,1344,1,0.009244704150038505,0.9244704150038505,0.0,0.0,0.0,1.0,0.009244704150038719,0.009244704150038719,0.0,0.0,0.0,0.0,0.0,0.0,0.0,0.0,0.0
35,H2a,R1r,--+-,10,336,1,0.009231395449298262,0.9231395449298262,0.0,0.0,0.0,1.0,0.009231395449298473,0.009231395449298473,0.0,0.0,0.0,0.0,0.0,0.0,0.0,0.0,0.0
36,H2a,R1r,++-+,10,1344,1,0.009245177869281605,0.9245177869281606,0.0,0.0,0.0,1.0,0.009245177869281819,0.009245177869281819,0.0,0.0,0.0,0.0,0.0,0.0,0.0,0.0,0.0
37,H2a,R1r,+--+,10,672,1,0.009243079015329655,0.9243079015329656,0.0,0.0,0.0,1.0,0.009243079015329867,0.009243079015329867,0.0,0.0,0.0,0.0,0.0,0.0,0.0,0.0,0.0
38,H2a,R1r,+---,10,672,1,0.00924937051676182,0.9249370516761821,0.0,0.0,0.0,1.0,0.009249370516762032,0.009249370516762032,0.0,0.0,0.0,0.0,0.0,0.0,0.0,0.0,0.0
39,H2a,R1r,-+++,10,168,1,0.009245752818035427,0.9245752818035426,0.0,0.0,0.0,1.0,0.009245752818035639,0.009245752818035639,0.0,0.0,0.0,0.0,0.0,0.0,0.0,0.0,0.0
40,H2a,R1r,-+-+,10,504,1,0.009229360997623698,0.9229360997623698,0.0,0.0,0.0,1.0,0.009229360997623908,0.009229360997623908,0.0,0.0,0.0,0.0,0.0,0.0,0.0,0.0,0.0
41,H2b,R2r,+-++,10,1344,1,0.48803073649155176,48.80307364915517,0.0,0.0,0.0,0.4969435454872348,0.009336318696957446,0.0046396233150647935,0.0,0.0,0.0,0.5030564545127651,0.9609082814466127,0.48339111317648725,0.0,0.0,0.0
42,H2b,R2r,+---,10,336,1,0.774438828538467,77.4438828538467,0.0,0.0,0.0,0.22357440890125174,0.015135884700442226,0.00338399647509887,0.0,0.0,0.0,0.7764255910987483,0.9930827125007817,0.7710548320633678,0.0,0.0,0.0
43,H2b,R2r,++-+,10,504,1,0.6296465766155521,62.964657661555215,0.0,0.0,0.0,0.37100139082058414,0.013623735108065865,0.005054424673263657,0.0,0.0,0.0,0.6289986091794159,0.9929944881072547,0.6245921519422892,0.0,0.0,0.0
44,H2b,R2r,+++-,10,168,1,0.5657818624360577,56.578186243605764,0.0,0.0,0.0,0.4270251396648045,0.012302786719023817,0.005253599216957447,0.0,0.0,0.0,0.5729748603351955,0.9782772369649644,0.5605282632191014,0.0,0.0,0.0
45,H2b,R2r,--++,10,504,1,0.5203666254211804,52.03666254211804,0.0,0.0,0.0,0.45739579490962745,0.009401365153668855,0.004300144887698038,0.0,0.0,0.0,0.5426042050903725,0.9510919297935216,0.5160664805334823,0.0,0.0,0.0
46,H2b,R2r,-+--,10,1344,1,0.7911542706850435,79.11542706850435,0.0,0.0,0.0,0.20792767732962447,0.016161137209025976,0.003360347722878141,0.0,0.0,0.0,0.7920723226703755,0.9945984734149198,0.7877939229621653,0.0,0.0,0.0
47,H2b,R2r,-++-,10,168,1,0.7090239808450729,70.9023980845073,0.0,0.0,0.0,0.2938108484005563,0.017479729494946653,0.005135734152722504,0.0,0.0,0.0,0.7061891515994436,0.9967418008307245,0.703888246692351,0.0,0.0,0.0
48,H2b,R2r,--+-,10,336,1,0.7082683466603645,70.82683466603645,0.0,0.0,0.0,0.29018789144050106,0.017640016693716065,0.005118919249324704,0.0,0.0,0.0,0.7098121085594989,0.9906134580290823,0.7031494274110396,0.0,0.0,0.0
49,H2b,R2r,-+-+,10,672,1,0.6769812273593933,67.69812273593932,0.0,0.0,0.0,0.3247566063977747,0.01409167153650069,0.004576363426666079,0.0003477051460361613,0.0,0.0,0.6748956884561892,0.9963093192532343,0.6724048639327288,0.0,0.0,0.0
50,H2b,R2r,++++,10,672,1,0.4766385819334787,47.66385819334787,0.0,0.0,0.0,0.5,0.010363225570628673,0.0051816127853143365,0.0,0.0,0.0,0.5,0.9429139382963292,0.4714569691481646,0.0,0.0,0.0
51,H2c,R3,-,20,672,1,0.9934085316101506,99.34085316101506,0.0,0.0,0.0,0.004690757470465601,0.027867640883513938,0.0001307203446585956,0.0,0.0,0.0,0.9953092425295343,0.9979589948759239,0.9932778112654912,0.0,0.0,0.0
52,H2c,R3,+,20,1344,1,0.9888710105155161,98.88710105155161,0.0,0.0,0.0,0.00920778318276581,0.012088056073905134,0.0001113041994296338,0.0,0.0,0.0,0.9907922168172342,0.9979486006584938,0.9887597063160858,0.0,0.0,0.0
53,H2c,R3,+,20,672,1,0.9887308534709913,98.87308534709913,0.0,0.0,0.0,0.008860319666435024,0.010582010582010576,9.375999647021184e-05,0.0,0.0,0.0,0.9911396803335649,0.9974750411988326,0.9886370934745204,0.0,0.0,0.0
54,H2c,R3,+,20,1344,1,0.991504422851842,99.1504422851842,0.0,0.0,0.0,0.006775538568450313,0.023507132197608426,0.00015927348083855607,0.0,0.0,0.0,0.9932244614315496,0.9981078677242424,0.991345149371003,0.0,0.0,0.0
55,H2c,R3,+,20,504,1,0.9887848997806888,98.87848997806888,0.0,0.0,0.0,0.009034051424600417,0.009839194621803308,8.888779019002293e-05,0.0,0.0,0.0,0.9909659485753995,0.9977093697435668,0.9886960119904977,0.0,0.0,0.0
56,H2c,R3,-,20,504,1,0.9932480736978138,99.32480736978138,0.0,0.0,0.0,0.004517025712300208,0.010844710844710836,4.898583772801976e-05,0.0,0.0,0.0,0.9954829742876998,0.9977057503878971,0.9931990878600853,0.0,0.0,0.0
57,H2c,R3,-,20,336,1,0.9935493370489529,99.35493370489529,0.0,0.0,0.0,0.004517025712300208,0.014041514041514028,6.342587996514328e-05,0.0,0.0,0.0,0.9954829742876998,0.9979938751638202,0.9934859111689871,0.0,0.0,0.0
58,H2c,R3,-,20,336,1,0.9938227401641381,99.3822740164138,0.0,0.0,0.0,0.004343293954134816,0.009758454106280186,4.23838347215088e-05,0.0,0.0,0.0,0.9956567060458652,0.9981154651949254,0.9937803563294159,0.0,0.0,0.0
59,H2c,R3,+,20,168,1,0.9886601747308198,98.86601747308198,0.0,0.0,0.0,0.009034051424600417,0.0107068923424734,9.67266160195651e-05,0.0,0.0,0.0,0.9909659485753995,0.9975755973612879,0.9885634481147995,0.0,0.0,0.0
60,H2c,R3,-,20,168,1,0.9932066520548961,99.3206652054896,0.0,0.0,0.0,0.004690757470465601,0.027867640883513938,0.0001307203446585956,0.0,0.0,0.0,0.9953092425295343,0.9977561638897051,0.9930759317102363,0.0,0.0,0.0
61,H3a,R1r,--++,10,0,2,0.009099431875920617,0.9099431875920617,0.0,0.0,0.0,1.0,0.009099431875920825,0.009099431875920825,0.0,0.0,0.0,0.0,0.0,0.0,0.0,0.0,0.0
62,H3a,R1r,-+--,10,0,1,0.00815567858877727,0.815567858877727,0.0,0.0,0.0,1.0,0.00815567858877739,0.00815567858877739,0.0,0.0,0.0,0.0,0.0,0.0,0.0,0.0,0.0
63,H3a,R1r,+-++,10,0,3,0.009092086235613096,0.9092086235613096,0.0,0.0,0.0,1.0,0.009092086235613302,0.009092086235613302,0.0,0.0,0.0,0.0,0.0,0.0,0.0,0.0,0.0
64,H3a,R1r,+++-,10,0,3,0.009126130611057551,0.9126130611057551,0.0,0.0,0.0,1.0,0.00912613061105776,0.00912613061105776,0.0,0.0,0.0,0.0,0.0,0.0,0.0,0.0,0.0
65,H3a,R1r,--+-,10,0,1,0.008157041652080536,0.8157041652080536,0.0,0.0,0.0,1.0,0.008157041652080652,0.008157041652080652,0.0,0.0,0.0,0.0,0.0,0.0,0.0,0.0,0.0
66,H3a,R1r,++-+,10,0,2,0.009126993272242128,0.9126993272242128,0.0,0.0,0.0,1.0,0.009126993272242338,0.009126993272242338,0.0,0.0,0.0,0.0,0.0,0.0,0.0,0.0,0.0
67,H3a,R1r,+--+,10,0,1,0.007678228463485877,0.7678228463485877,0.0,0.0,0.0,1.0,0.00767822846348599,0.00767822846348599,0.0,0.0,0.0,0.0,0.0,0.0,0.0,0.0,0.0
68,H3a,R1r,+---,10,0,2,0.009112205859489195,0.9112205859489195,0.0,0.0,0.0,1.0,0.009112205859489401,0.009112205859489401,0.0,0.0,0.0,0.0,0.0,0.0,0.0,0.0,0.0
69,H3a,R1r,-+++,10,0,3,0.009105757760391409,0.9105757760391409,0.0,0.0,0.0,1.0,0.009105757760391617,0.009105757760391617,0.0,0.0,0.0,0.0,0.0,0.0,0.0,0.0,0.0
70,H3a,R1r,-+-+,10,0,3,0.009100183646103597,0.9100183646103597,0.0,0.0,0.0,1.0,0.009100183646103804,0.009100183646103804,0.0,0.0,0.0,0.0,0.0,0.0,0.0,0.0,0.0
71,H3b,R2r,+-++,10,0,1,0.3686356048084504,36.863560480845045,0.0,0.0,0.0,0.5480966025378633,0.007702817360128811,0.004221888025056275,0.0,0.0,0.0,0.4519033974621367,0.8063973823386157,0.36441371678339407,0.0,0.0,0.0
72,H3b,R2r,+---,10,0,3,0.7446386359245187,74.46386359245187,0.0,0.0,0.0,0.24182776801405975,0.01375414233953037,0.003326133542916307,0.0,0.0,0.0,0.7581722319859402,0.9777626654036433,0.7413125023816023,0.0,0.0,0.0
73,H3b,R2r,++-+,10,0,2,0.5745981648696522,57.459816486965224,0.0,0.0,0.0,0.4126537785588752,0.010465771254653164,0.004318740053765488,0.0,0.0,0.0,0.5873462214411248,0.9709425275889878,0.5702794248158871,0.0,0.0,0.0
74,H3b,R2r,+++-,10,0,3,0.5290686101412839,52.906861014128395,0.0,0.0,0.0,0.4427753934191702,0.012121536152581207,0.005367117938803839,0.0,0.0,0.0,0.5572246065808297,0.9398391349153625,0.5237014922024802,0.0,0.0,0.0
75,H3b,R2r,--++,10,0,2,0.48523924663727797,48.5239246637278,0.0,0.0,0.0,0.4717832957110609,0.008909686645539348,0.0042034413293853806,0.0,0.0,0.0,0.5282167042889391,0.9106788963734872,0.4810358053078917,0.0,0.0,0.0
76,H3b,R2r,-+--,10,0,3,0.7683830051647557,76.83830051647557,0.0,0.0,0.0,0.22249560632688928,0.015010731772632544,0.0033398218671621795,0.0,0.0,0.0,0.7775043936731107,0.9839728103443274,0.765043183297593,0.0,0.0,0.0
77,H3b,R2r,-++-,10,0,2,0.6171738620601959,61.71738620601958,0.0,0.0,0.0,0.3645649876717154,0.011746829969201903,0.004282482922903829,0.0,0.0,0.0,0.6354350123282846,0.9645225196068588,0.6128913791372924,0.0,0.0,0.0
78,H3b,R2r,--+-,10,0,1,0.5833384237287211,58.33384237287211,0.0,0.0,0.0,0.3648293963254593,0.011767487439419386,0.004293125338790799,0.0,0.0,0.0,0.6351706036745407,0.9116374325891069,0.5790452983899315,0.0,0.0,0.0
79,H3b,R2r,-+-+,10,0,2,0.6274462340122348,62.74462340122348,0.0,0.0,0.0,0.35864978902953587,0.011849084809794687,0.0042496717672259425,0.0,0.0,0.0,0.6413502109704642,0.9716946398162327,0.6231965622450101,0.0,0.0,0.0
80,H3b,R2r,++++,10,0,1,0.3890264531774338,38.90264531774338,0.0,0.0,0.0,0.5402020202020202,0.009155871022185716,0.00494602002289386,0.00040404040404040404,0.0,0.0,0.4593939393939394,0.836058990375977,0.3840804331545397,0.0,0.0,0.0
81,H3c,R3,-,20,0,1,0.9704924164728963,97.04924164728963,0.0,0.0,0.0,0.006114605171208945,0.0160225706866851,9.797169357686558e-05,0.0,0.0,0.0,0.993885394828791,0.9763645283734982,0.9703944447793206,0.0,0.0,0.0
82,H3c,R3,+,20,0,3,0.980921407790063,98.0921407790063,0.0,0.0,0.0,0.00925764192139738,0.012088056073905134,0.0001119068946579864,0.0,0.0,0.0,0.9907423580786027,0.9899743287422759,0.9808095008954042,0.0,0.0,0.0
83,H3c,R3,+,20,0,2,0.981899105127099,98.1899105127099,0.0,0.0,0.0,0.00890829694323144,0.010582010582010576,9.426769252096757e-05,0.0,0.0,0.0,0.9910917030567685,0.9906296606120821,0.9818048374345771,0.0,0.0,0.0
84,H3c,R3,+,20,0,3,0.9839377363444758,98.39377363444758,0.0,0.0,0.0,0.006812227074235808,0.023507132197608426,0.00016013592239418842,0.0,0.0,0.0,0.9931877729257642,0.9905252835765762,0.9837776004220807,0.0,0.0,0.0
85,H3c,R3,+,20,0,2,0.981466141960992,98.14661419609921,0.0,0.0,0.0,0.00908296943231441,0.009839194621803308,8.936910398843178e-05,0.0,0.0,0.0,0.9909170305676855,0.9903722941312075,0.9813767728570026,0.0,0.0,0.0
86,H3c,R3,-,20,0,3,0.9861604284148129,98.61604284148129,0.0,0.0,0.0,0.004541484716157205,0.010844710844710836,4.9251088552398555e-05,0.0,0.0,0.0,0.9954585152838428,0.9906100175807752,0.9861111773262599,0.0,0.0,0.0
87,H3c,R3,-,20,0,2,0.98622817670035,98.622817670035,0.0,0.0,0.0,0.004541484716157205,0.014041514041514028,6.376932141124275e-05,0.0,0.0,0.0,0.9954585152838428,0.9906634904798072,0.9861644073789382,0.0,0.0,0.0
88,H3c,R3,-,20,0,1,0.9678228285268158,96.78228285268158,0.0,0.0,0.0,0.007686932215234102,0.0014044594607362628,1.0795984673723893e-05,0.0,0.0,0.0,0.9923130677847659,0.9753091680054965,0.9678120325421419,0.0,0.0,0.0
89,H3c,R3,+,20,0,2,0.9816990071945281,98.16990071945281,0.0,0.0,0.0,0.00908296943231441,0.0107068923424734,9.725037586176712e-05,0.0,0.0,0.0,0.9909170305676855,0.9905993403467055,0.9816017568186655,0.0,0.0,0.0
90,H3c,R3,-,20,0,1,0.9755338452354263,97.55338452354263,0.0,0.0,0.0,0.0047169811320754715,0.027867640883513938,0.00013145113624299026,0.0,0.0,0.0,0.9952830188679245,0.9800251542607891,0.9754023940991815,0.0,0.0,0.0
